family,consumer,option,value,register,shift,condition,#,confidence,basis
CH32H417,ADC,HCLK,0,CFGR0,31,,#,reference,evt(rcc-header+rcc-driver)
CH32H417,ADC,USBHSPLL,1,CFGR0,31,,#,reference,evt(rcc-header+rcc-driver)
CH32H417,I2S2,PLLCLK,1,CFGR2,24,,#,reference,evt(rcc-header+rcc-driver)
CH32H417,I2S2,SYSCLK,0,CFGR2,24,,#,reference,evt(rcc-header+rcc-driver)
CH32H417,I2S3,PLLCLK,1,CFGR2,25,,#,reference,evt(rcc-header+rcc-driver)
CH32H417,I2S3,SYSCLK,0,CFGR2,25,,#,reference,evt(rcc-header+rcc-driver)
CH32H417,RNG,PLLCLK,1,CFGR2,23,,#,reference,evt(rcc-header+rcc-driver)
CH32H417,RNG,SYSCLK,0,CFGR2,23,,#,reference,evt(rcc-header+rcc-driver)
CH32H417,RTC,HSE_Div512,192,BDCTLR,0,,#,reference,evt(rcc-header+rcc-driver)
CH32H417,RTC,LSE,64,BDCTLR,0,,#,reference,evt(rcc-header+rcc-driver)
CH32H417,RTC,LSI,128,BDCTLR,0,,#,reference,evt(rcc-header+rcc-driver)
CH32H417,SYS,HSE,1,CFGR0,0,,#,reference,evt(rcc-header+rcc-driver)
CH32H417,SYS,HSI,0,CFGR0,0,,#,reference,evt(rcc-header+rcc-driver)
CH32H417,SYS,PLLCLK,2,CFGR0,0,,#,reference,evt(rcc-header+rcc-driver)
CH32H417,USBFS,PLL,0,CFGR2,20,,#,reference,evt(rcc-header+rcc-driver)
CH32H417,USBFS,USBHSPLL,1,CFGR2,20,,#,reference,evt(rcc-header+rcc-driver)
CH32L103,RTC,HSE_Div128,768,BDCTLR,0,,#,reference,evt(rcc-header+rcc-driver)
CH32L103,RTC,LSE,256,BDCTLR,0,,#,reference,evt(rcc-header+rcc-driver)
CH32L103,RTC,LSI,512,BDCTLR,0,,#,reference,evt(rcc-header+rcc-driver)
CH32L103,SYS,HSE,1,CFGR0,0,,#,reference,evt(rcc-header+rcc-driver)
CH32L103,SYS,HSI,0,CFGR0,0,,#,reference,evt(rcc-header+rcc-driver)
CH32L103,SYS,PLLCLK,2,CFGR0,0,,#,reference,evt(rcc-header+rcc-driver)
CH32L103,USB,PLLCLK_Div1,0,CFGR0,22,,#,reference,evt(rcc-header+rcc-driver)
CH32L103,USB,PLLCLK_Div1_5,8388608,CFGR0,22,,#,reference,evt(rcc-header+rcc-driver)
CH32L103,USB,PLLCLK_Div2,4194304,CFGR0,22,,#,reference,evt(rcc-header+rcc-driver)
CH32M030,SYS,HSE,1,CFGR0,0,,#,reference,evt(rcc-header+rcc-driver)
CH32M030,SYS,HSI,0,CFGR0,0,,#,reference,evt(rcc-header+rcc-driver)
CH32M030,SYS,PLLCLK,2,CFGR0,0,,#,reference,evt(rcc-header+rcc-driver)
CH32V003,SYS,HSE,1,CFGR0,16,,#,reference,evt(rcc-header+rcc-driver)
CH32V003,SYS,HSI,0,CFGR0,16,,#,reference,evt(rcc-header+rcc-driver)
CH32V003,SYS,PLLCLK,2,CFGR0,16,,#,reference,evt(rcc-header+rcc-driver)
CH32V006,SYS,HSE,1,CFGR0,0,,#,reference,evt(rcc-header+rcc-driver)
CH32V006,SYS,HSI,0,CFGR0,0,,#,reference,evt(rcc-header+rcc-driver)
CH32V006,SYS,PLLCLK,2,CFGR0,0,,#,reference,evt(rcc-header+rcc-driver)
CH32V103,RTC,HSE_Div128,768,BDCTLR,0,,#,reference,evt(rcc-header+rcc-driver)
CH32V103,RTC,LSE,256,BDCTLR,0,,#,reference,evt(rcc-header+rcc-driver)
CH32V103,RTC,LSI,512,BDCTLR,0,,#,reference,evt(rcc-header+rcc-driver)
CH32V103,SYS,HSE,1,CFGR0,0,,#,reference,evt(rcc-header+rcc-driver)
CH32V103,SYS,HSI,0,CFGR0,0,,#,reference,evt(rcc-header+rcc-driver)
CH32V103,SYS,PLLCLK,2,CFGR0,0,,#,reference,evt(rcc-header+rcc-driver)
CH32V103,USB,PLLCLK_1Div5,0,CFGR0,22,,#,reference,evt(rcc-header+rcc-driver)
CH32V103,USB,PLLCLK_Div1,1,CFGR0,22,,#,reference,evt(rcc-header+rcc-driver)
CH32V205,RTC,HSE_Div128,768,BDCTLR,0,,#,reference,evt(rcc-header+rcc-driver)
CH32V205,RTC,LSE,256,BDCTLR,0,,#,reference,evt(rcc-header+rcc-driver)
CH32V205,RTC,LSI,512,BDCTLR,0,,#,reference,evt(rcc-header+rcc-driver)
CH32V205,SYS,HSE,1,CFGR0,0,,#,reference,evt(rcc-header+rcc-driver)
CH32V205,SYS,HSI,0,CFGR0,0,,#,reference,evt(rcc-header+rcc-driver)
CH32V205,SYS,PLLCLK,2,CFGR0,0,,#,reference,evt(rcc-header+rcc-driver)
CH32V205,USB,PLLCLK_Div1,0,CFGR0,28,,#,reference,evt(rcc-header+rcc-driver)
CH32V205,USB,PLLCLK_Div1_5,1073741824,CFGR0,28,,#,reference,evt(rcc-header+rcc-driver)
CH32V205,USB,PLLCLK_Div2,268435456,CFGR0,28,,#,reference,evt(rcc-header+rcc-driver)
CH32V205,USB,PLLCLK_Div2_5,1342177280,CFGR0,28,,#,reference,evt(rcc-header+rcc-driver)
CH32V205,USB,PLLCLK_Div3,536870912,CFGR0,28,,#,reference,evt(rcc-header+rcc-driver)
CH32V205,USB,PLLCLK_Div3_5,1610612736,CFGR0,28,,#,reference,evt(rcc-header+rcc-driver)
CH32V205,USB,PLLCLK_Div4,805306368,CFGR0,28,,#,reference,evt(rcc-header+rcc-driver)
CH32V205,USBFS,PLL,0,CFGR2,31,,#,reference,evt(rcc-header+rcc-driver)
CH32V205,USBFS,USBHSPLL,2147483648,CFGR2,31,,#,reference,evt(rcc-header+rcc-driver)
CH32V20x,RTC,HSE_Div128,768,BDCTLR,0,else,#,reference,evt(rcc-header+rcc-driver)
CH32V20x,RTC,HSE_Div512,768,BDCTLR,0,if defined(CH32V20x_D8) || defined(CH32V20x_D8W),#,reference,evt(rcc-header+rcc-driver)
CH32V20x,RTC,LSE,256,BDCTLR,0,,#,reference,evt(rcc-header+rcc-driver)
CH32V20x,RTC,LSI,512,BDCTLR,0,,#,reference,evt(rcc-header+rcc-driver)
CH32V20x,SYS,HSE,1,CFGR0,0,,#,reference,evt(rcc-header+rcc-driver)
CH32V20x,SYS,HSI,0,CFGR0,0,,#,reference,evt(rcc-header+rcc-driver)
CH32V20x,SYS,PLLCLK,2,CFGR0,0,,#,reference,evt(rcc-header+rcc-driver)
CH32V20x,USB,PLLCLK_Div1,0,CFGR0,22,,#,reference,evt(rcc-header+rcc-driver)
CH32V20x,USB,PLLCLK_Div2,1,CFGR0,22,,#,reference,evt(rcc-header+rcc-driver)
CH32V20x,USB,PLLCLK_Div3,2,CFGR0,22,,#,reference,evt(rcc-header+rcc-driver)
CH32V20x,USB,PLLCLK_Div5,3,CFGR0,22,if defined (CH32V20x_D8) || defined (CH32V20x_D8W),#,reference,evt(rcc-header+rcc-driver)
CH32V307,ETH1G,PB1_IN,2,CFGR2,20,ifdef CH32V30x_D8C,#,reference,evt(rcc-header+rcc-driver)
CH32V307,ETH1G,PLL2_VCO,0,CFGR2,20,ifdef CH32V30x_D8C,#,reference,evt(rcc-header+rcc-driver)
CH32V307,ETH1G,PLL3_VCO,1,CFGR2,20,ifdef CH32V30x_D8C,#,reference,evt(rcc-header+rcc-driver)
CH32V307,HSBHSPLL,HSE,0,,0,ifdef CH32V30x_D8C,#,reference,evt(rcc-header+rcc-driver)
CH32V307,HSBHSPLL,HSI,1,,0,ifdef CH32V30x_D8C,#,reference,evt(rcc-header+rcc-driver)
CH32V307,I2S2,PLL3_VCO,1,CFGR2,17,ifdef CH32V30x_D8C,#,reference,evt(rcc-header+rcc-driver)
CH32V307,I2S2,SYSCLK,0,CFGR2,17,ifdef CH32V30x_D8C,#,reference,evt(rcc-header+rcc-driver)
CH32V307,I2S3,PLL3_VCO,1,CFGR2,18,ifdef CH32V30x_D8C,#,reference,evt(rcc-header+rcc-driver)
CH32V307,I2S3,SYSCLK,0,CFGR2,18,ifdef CH32V30x_D8C,#,reference,evt(rcc-header+rcc-driver)
CH32V307,RNG,PLL3_VCO,1,CFGR2,19,ifdef CH32V30x_D8C,#,reference,evt(rcc-header+rcc-driver)
CH32V307,RNG,SYSCLK,0,CFGR2,19,ifdef CH32V30x_D8C,#,reference,evt(rcc-header+rcc-driver)
CH32V307,RTC,HSE_Div128,768,BDCTLR,0,,#,reference,evt(rcc-header+rcc-driver)
CH32V307,RTC,LSE,256,BDCTLR,0,,#,reference,evt(rcc-header+rcc-driver)
CH32V307,RTC,LSI,512,BDCTLR,0,,#,reference,evt(rcc-header+rcc-driver)
CH32V307,SYS,HSE,1,CFGR0,0,,#,reference,evt(rcc-header+rcc-driver)
CH32V307,SYS,HSI,0,CFGR0,0,,#,reference,evt(rcc-header+rcc-driver)
CH32V307,SYS,PLLCLK,2,CFGR0,0,,#,reference,evt(rcc-header+rcc-driver)
CH32V307,USBCLK48M,PLLCLK,0,,0,,#,reference,evt(rcc-header+rcc-driver)
CH32V307,USBCLK48M,USBPHY,1,,0,,#,reference,evt(rcc-header+rcc-driver)
CH32V307,USBFS,PLLCLK_Div1,0,CFGR0,22,,#,reference,evt(rcc-header+rcc-driver)
CH32V307,USBFS,PLLCLK_Div2,1,CFGR0,22,,#,reference,evt(rcc-header+rcc-driver)
CH32V307,USBFS,PLLCLK_Div3,2,CFGR0,22,,#,reference,evt(rcc-header+rcc-driver)
CH32V407,ADC,HCLK,0,CFGR0,0,,#,reference,evt(rcc-header+rcc-driver)
CH32V407,ADC,USBHSPLL,1,CFGR0,0,,#,reference,evt(rcc-header+rcc-driver)
CH32V407,I2S2,ETHPLL,2,CFGR2,7,,#,reference,evt(rcc-header+rcc-driver)
CH32V407,I2S2,SYSCLK,0,CFGR2,7,,#,reference,evt(rcc-header+rcc-driver)
CH32V407,I2S2,USBHSPLL,1,CFGR2,7,,#,reference,evt(rcc-header+rcc-driver)
CH32V407,I2S3,ETHPLL,2,CFGR2,7,,#,reference,evt(rcc-header+rcc-driver)
CH32V407,I2S3,SYSCLK,0,CFGR2,7,,#,reference,evt(rcc-header+rcc-driver)
CH32V407,I2S3,USBHSPLL,1,CFGR2,7,,#,reference,evt(rcc-header+rcc-driver)
CH32V407,RNG,ETHPLL,2,CFGR2,7,,#,reference,evt(rcc-header+rcc-driver)
CH32V407,RNG,SYSCLK,0,CFGR2,7,,#,reference,evt(rcc-header+rcc-driver)
CH32V407,RNG,USBHSPLL,1,CFGR2,7,,#,reference,evt(rcc-header+rcc-driver)
CH32V407,RTC,HSE_Div128,768,BDCTLR,0,,#,reference,evt(rcc-header+rcc-driver)
CH32V407,RTC,LSE,256,BDCTLR,0,,#,reference,evt(rcc-header+rcc-driver)
CH32V407,RTC,LSI,512,BDCTLR,0,,#,reference,evt(rcc-header+rcc-driver)
CH32V407,SYS,HSE,1,CFGR0,0,,#,reference,evt(rcc-header+rcc-driver)
CH32V407,SYS,HSI,0,CFGR0,0,,#,reference,evt(rcc-header+rcc-driver)
CH32V407,SYS,PLLCLK,2,CFGR0,0,,#,reference,evt(rcc-header+rcc-driver)
CH32V407,USBHSPLL,ETHCLK_20,2,CFGR2,26,,#,reference,evt(rcc-header+rcc-driver)
CH32V407,USBHSPLL,HSE,0,CFGR2,26,,#,reference,evt(rcc-header+rcc-driver)
CH32V407,USBHSPLL,HSI,1,CFGR2,26,,#,reference,evt(rcc-header+rcc-driver)
CH32X315,ADC,HCLK,0,CFGR0,11,,#,reference,evt(rcc-header+rcc-driver)
CH32X315,ADC,USBHSPLL,16777216,CFGR0,11,,#,reference,evt(rcc-header+rcc-driver)
CH32X315,ADC,USBSSPLL,150994944,CFGR0,11,,#,reference,evt(rcc-header+rcc-driver)
CH32X315,SYS,HSE,1,CFGR0,0,,#,reference,evt(rcc-header+rcc-driver)
CH32X315,SYS,HSI,0,CFGR0,0,,#,reference,evt(rcc-header+rcc-driver)
CH32X315,SYS,PLLCLK,2,CFGR0,0,,#,reference,evt(rcc-header+rcc-driver)
