family,function,step,action,register,address,value,source,condition,#,confidence,basis
CH32H417,SystemInit,0,set,RCC->CTLR,0x40021000,1,,,#,reference,evt(system_ch32*.c+device-header)
CH32H417,SystemInit,1,clear,RCC->CFGR0,0x40021004,811335680,,,#,reference,evt(system_ch32*.c+device-header)
CH32H417,SystemInit,2,poll,RCC->CFGR0,0x40021004,12,,!= 0x00,#,reference,evt(system_ch32*.c+device-header)
CH32H417,SystemInit,3,clear,RCC->CFGR0,0x40021004,4290772991,,,#,reference,evt(system_ch32*.c+device-header)
CH32H417,SystemInit,4,clear,RCC->PLLCFGR,0x40021008,2147483647,,,#,reference,evt(system_ch32*.c+device-header)
CH32H417,SystemInit,5,clear,RCC->CTLR,0x40021000,1789329407,,,#,reference,evt(system_ch32*.c+device-header)
CH32H417,SystemInit,6,clear,RCC->CTLR,0x40021000,4294705151,,,#,reference,evt(system_ch32*.c+device-header)
CH32H417,SystemInit,7,clear,RCC->PLLCFGR,0x40021008,268419072,,,#,reference,evt(system_ch32*.c+device-header)
CH32H417,SystemInit,8,set,RCC->PLLCFGR,0x40021008,4,,,#,reference,evt(system_ch32*.c+device-header)
CH32H417,SystemInit,9,write,RCC->INTR,0x4002100c,16711680,,,#,reference,evt(system_ch32*.c+device-header)
CH32H417,SystemInit,10,clear,RCC->CFGR2,0x40021030,207618048,,,#,reference,evt(system_ch32*.c+device-header)
CH32H417,SystemInit,11,clear,RCC->PLLCFGR2,0x40021034,4293976192,,,#,reference,evt(system_ch32*.c+device-header)
CH32H417,SystemInit,12,set,RCC->PLLCFGR2,0x40021034,524320,,,#,reference,evt(system_ch32*.c+device-header)
CH32L103,SetSysClockToHSI_LP,6,trim,RCC->CTLR,0x1ffff72a,31,HSI_LP_TRIM_BASE,,#,reference,evt(system_ch32*.c+device-header)
CH32L103,SystemInit,0,set,RCC->CTLR,0x40021000,1,,,#,reference,evt(system_ch32*.c+device-header)
CH32L103,SystemInit,1,clear,RCC->CFGR0,0x40021004,150929408,,,#,reference,evt(system_ch32*.c+device-header)
CH32L103,SystemInit,2,clear,RCC->CTLR,0x40021000,4277600251,,,#,reference,evt(system_ch32*.c+device-header)
CH32L103,SystemInit,3,clear,RCC->CTLR,0x40021000,4294705151,,,#,reference,evt(system_ch32*.c+device-header)
CH32L103,SystemInit,4,clear,RCC->CFGR0,0x40021004,4278255615,,,#,reference,evt(system_ch32*.c+device-header)
CH32L103,SystemInit,5,write,RCC->INTR,0x40021008,10420224,,,#,reference,evt(system_ch32*.c+device-header)
CH32M030,SystemInit,0,set,RCC->CTLR,0x40021000,1,,,#,reference,evt(system_ch32*.c+device-header)
CH32M030,SystemInit,1,clear,RCC->CFGR0,0x40021004,4294967292,,,#,reference,evt(system_ch32*.c+device-header)
CH32M030,SystemInit,2,clear,RCC->CFGR0,0x40021004,3909025795,,,#,reference,evt(system_ch32*.c+device-header)
CH32M030,SystemInit,3,clear,RCC->CTLR,0x40021000,4277600255,,,#,reference,evt(system_ch32*.c+device-header)
CH32M030,SystemInit,4,clear,RCC->CTLR,0x40021000,4294705151,,,#,reference,evt(system_ch32*.c+device-header)
CH32M030,SystemInit,5,clear,RCC->CFGR0,0x40021004,4294901759,,,#,reference,evt(system_ch32*.c+device-header)
CH32M030,SystemInit,6,write,RCC->INTR,0x40021008,10420224,,,#,reference,evt(system_ch32*.c+device-header)
CH32M030,SystemInit,7,write,FLASH->ACTLR,0x40022000,0,,,#,reference,evt(system_ch32*.c+device-header)
CH32V003,SetSysClockTo_48MHZ_HSI,7,trim,RCC->CTLR,0x1ffff7d4,31,CFG0_PLL_TRIM,!= 0xFF,#,reference,evt(system_ch32*.c+device-header)
CH32V003,SystemInit,0,set,RCC->CTLR,0x40021000,1,,,#,reference,evt(system_ch32*.c+device-header)
CH32V003,SystemInit,1,clear,RCC->CFGR0,0x40021004,4177461248,,,#,reference,evt(system_ch32*.c+device-header)
CH32V003,SystemInit,2,clear,RCC->CTLR,0x40021000,4277600255,,,#,reference,evt(system_ch32*.c+device-header)
CH32V003,SystemInit,3,clear,RCC->CTLR,0x40021000,4294705151,,,#,reference,evt(system_ch32*.c+device-header)
CH32V003,SystemInit,4,clear,RCC->CFGR0,0x40021004,4294901759,,,#,reference,evt(system_ch32*.c+device-header)
CH32V003,SystemInit,5,write,RCC->INTR,0x40021008,10420224,,,#,reference,evt(system_ch32*.c+device-header)
CH32V003,SystemInit,6,trim,RCC->CTLR,,16,,,#,reference,evt(system_ch32*.c+device-header)
CH32V006,SystemInit,0,write,FLASH->ACTLR,0x40022000,2,,,#,reference,evt(system_ch32*.c+device-header)
CH32V006,SystemInit,1,set,RCC->CTLR,0x40021000,1,,,#,reference,evt(system_ch32*.c+device-header)
CH32V006,SystemInit,2,clear,RCC->CFGR0,0x40021004,1761542144,,,#,reference,evt(system_ch32*.c+device-header)
CH32V006,SystemInit,3,clear,RCC->CTLR,0x40021000,4275503099,,,#,reference,evt(system_ch32*.c+device-header)
CH32V006,SystemInit,4,set,RCC->CTLR,0x40021000,1048576,,,#,reference,evt(system_ch32*.c+device-header)
CH32V006,SystemInit,5,clear,RCC->CTLR,0x40021000,4294705151,,,#,reference,evt(system_ch32*.c+device-header)
CH32V006,SystemInit,6,clear,RCC->CFGR0,0x40021004,4294901759,,,#,reference,evt(system_ch32*.c+device-header)
CH32V006,SystemInit,7,write,RCC->INTR,0x40021008,10289152,,,#,reference,evt(system_ch32*.c+device-header)
CH32V103,SystemInit,0,set,RCC->CTLR,0x40021000,1,,,#,reference,evt(system_ch32*.c+device-header)
CH32V103,SystemInit,1,clear,RCC->CFGR0,0x40021004,4177461248,,,#,reference,evt(system_ch32*.c+device-header)
CH32V103,SystemInit,2,clear,RCC->CTLR,0x40021000,4277600255,,,#,reference,evt(system_ch32*.c+device-header)
CH32V103,SystemInit,3,clear,RCC->CTLR,0x40021000,4294705151,,,#,reference,evt(system_ch32*.c+device-header)
CH32V103,SystemInit,4,clear,RCC->CFGR0,0x40021004,4286644223,,,#,reference,evt(system_ch32*.c+device-header)
CH32V103,SystemInit,5,write,RCC->INTR,0x40021008,10420224,,,#,reference,evt(system_ch32*.c+device-header)
CH32V205,SetSysClockToHSI_LP,7,trim,RCC->CTLR,0x1ffff72a,31,HSI_LP_TRIM_BASE,,#,reference,evt(system_ch32*.c+device-header)
CH32V205,SystemInit,0,set,RCC->CTLR,0x40021000,1,,,#,reference,evt(system_ch32*.c+device-header)
CH32V205,SystemInit,1,clear,RCC->CFGR0,0x40021004,150929408,,,#,reference,evt(system_ch32*.c+device-header)
CH32V205,SystemInit,2,poll,RCC->CFGR0,0x40021004,12,,!= 0x00,#,reference,evt(system_ch32*.c+device-header)
CH32V205,SystemInit,3,clear,RCC->CTLR,0x40021000,4277600251,,,#,reference,evt(system_ch32*.c+device-header)
CH32V205,SystemInit,4,clear,RCC->CTLR,0x40021000,4294705151,,,#,reference,evt(system_ch32*.c+device-header)
CH32V205,SystemInit,5,clear,RCC->CFGR0,0x40021004,4278255615,,,#,reference,evt(system_ch32*.c+device-header)
CH32V205,SystemInit,6,write,RCC->INTR,0x40021008,10420224,,,#,reference,evt(system_ch32*.c+device-header)
CH32V20x,SystemInit,0,set,RCC->CTLR,0x40021000,1,,,#,reference,evt(system_ch32*.c+device-header)
CH32V20x,SystemInit,1,clear,RCC->CFGR0,0x40021004,4043243520,,,#,reference,evt(system_ch32*.c+device-header)
CH32V20x,SystemInit,2,clear,RCC->CTLR,0x40021000,4277600255,,,#,reference,evt(system_ch32*.c+device-header)
CH32V20x,SystemInit,3,clear,RCC->CTLR,0x40021000,4294705151,,,#,reference,evt(system_ch32*.c+device-header)
CH32V20x,SystemInit,4,clear,RCC->CFGR0,0x40021004,4278255615,,,#,reference,evt(system_ch32*.c+device-header)
CH32V20x,SystemInit,5,write,RCC->INTR,0x40021008,10420224,,,#,reference,evt(system_ch32*.c+device-header)
CH32V307,SystemInit,0,set,RCC->CTLR,0x40021000,1,,,#,reference,evt(system_ch32*.c+device-header)
CH32V307,SystemInit,1,clear,RCC->CFGR0,0x40021004,4043243520,,,#,reference,evt(system_ch32*.c+device-header)
CH32V307,SystemInit,2,clear,RCC->CTLR,0x40021000,4277600255,,,#,reference,evt(system_ch32*.c+device-header)
CH32V307,SystemInit,3,clear,RCC->CTLR,0x40021000,4294705151,,,#,reference,evt(system_ch32*.c+device-header)
CH32V307,SystemInit,4,clear,RCC->CFGR0,0x40021004,4278255615,,,#,reference,evt(system_ch32*.c+device-header)
CH32V307,SystemInit,5,clear,RCC->CTLR,0x40021000,3959422975,,CH32V30x_D8C,#,reference,evt(system_ch32*.c+device-header)
CH32V307,SystemInit,6,write,RCC->INTR,0x40021008,16711680,,CH32V30x_D8C,#,reference,evt(system_ch32*.c+device-header)
CH32V307,SystemInit,7,write,RCC->CFGR2,0x4002102c,0,,CH32V30x_D8C,#,reference,evt(system_ch32*.c+device-header)
CH32V307,SystemInit,8,write,RCC->INTR,0x40021008,10420224,,!CH32V30x_D8C,#,reference,evt(system_ch32*.c+device-header)
CH32V407,SystemInit,0,set,RCC->CTLR,0x40021000,1,,,#,reference,evt(system_ch32*.c+device-header)
CH32V407,SystemInit,1,clear,RCC->CFGR0,0x40021004,2164195328,,,#,reference,evt(system_ch32*.c+device-header)
CH32V407,SystemInit,2,poll,RCC->CFGR0,0x40021004,12,,!= 0x00,#,reference,evt(system_ch32*.c+device-header)
CH32V407,SystemInit,3,clear,RCC->CTLR,0x40021000,4272357375,,,#,reference,evt(system_ch32*.c+device-header)
CH32V407,SystemInit,4,clear,RCC->CTLR,0x40021000,4294705151,,,#,reference,evt(system_ch32*.c+device-header)
CH32V407,SystemInit,5,clear,RCC->CFGR0,0x40021004,4290838527,,,#,reference,evt(system_ch32*.c+device-header)
CH32V407,SystemInit,6,clear,RCC->CFGR2,0x4002102c,4294963199,,,#,reference,evt(system_ch32*.c+device-header)
CH32V407,SystemInit,7,clear,RCC->CFGR2,0x4002102c,66131968,,,#,reference,evt(system_ch32*.c+device-header)
CH32V407,SystemInit,8,set,RCC->CFGR0,0x40021004,536870912,,,#,reference,evt(system_ch32*.c+device-header)
CH32V407,SystemInit,9,write,RCC->CFGR3,0x40021030,0,,,#,reference,evt(system_ch32*.c+device-header)
CH32V407,SystemInit,10,write,RCC->INTR,0x40021008,9371648,,,#,reference,evt(system_ch32*.c+device-header)
CH32X035,SystemInit,0,set,RCC->CTLR,0x40021000,1,,,#,reference,evt(system_ch32*.c+device-header)
CH32X035,SystemInit,1,set,RCC->CFGR0,0x40021004,80,,,#,reference,evt(system_ch32*.c+device-header)
CH32X035,SystemInit,2,clear,RCC->CFGR0,0x40021004,4177526623,,,#,reference,evt(system_ch32*.c+device-header)
CH32X315,SystemInit,0,set,RCC->CTLR,0x40021000,1,,,#,reference,evt(system_ch32*.c+device-header)
CH32X315,SystemInit,1,poll,RCC->CTLR,0x40021000,2,,!= RCC_HSIRDY,#,reference,evt(system_ch32*.c+device-header)
CH32X315,SystemInit,2,clear,RCC->CFGR0,0x40021004,4294967292,,,#,reference,evt(system_ch32*.c+device-header)
CH32X315,SystemInit,3,poll,RCC->CFGR0,0x40021004,12,,!= 0x00,#,reference,evt(system_ch32*.c+device-header)
CH32X315,SystemInit,4,clear,RCC->CFGR0,0x40021004,3,,,#,reference,evt(system_ch32*.c+device-header)
CH32X315,SystemInit,5,clear,RCC->CTLR,0x40021000,2147418111,,,#,reference,evt(system_ch32*.c+device-header)
CH32X315,SystemInit,6,clear,RCC->CTLR,0x40021000,3941859071,,,#,reference,evt(system_ch32*.c+device-header)
CH32X315,SystemInit,7,write,RCC->INTR,0x40021008,9240576,,,#,reference,evt(system_ch32*.c+device-header)
CH32X315,SystemInit,8,clear,RCC->CFGR2,0x4002102c,12647424,,,#,reference,evt(system_ch32*.c+device-header)
CH32X315,SystemInit,9,set,RCC->CFGR2,0x4002102c,268435456,,,#,reference,evt(system_ch32*.c+device-header)
CH32X315,SystemInit,10,write,FLASH->KEYR,0x40022004,1164378403,,,#,reference,evt(system_ch32*.c+device-header)
CH32X315,SystemInit,11,write,FLASH->KEYR,0x40022004,3455027627,,,#,reference,evt(system_ch32*.c+device-header)
CH32X315,SystemInit,12,write,FLASH->MODEKEYR,0x40022024,1164378403,,,#,reference,evt(system_ch32*.c+device-header)
CH32X315,SystemInit,13,write,FLASH->MODEKEYR,0x40022024,3455027627,,,#,reference,evt(system_ch32*.c+device-header)
CH32X315,SystemInit,14,set,FLASH->ACTLR,0x40022000,2048,,,#,reference,evt(system_ch32*.c+device-header)
CH32X315,SystemInit,15,set,FLASH->CTLR,0x40022010,32896,,,#,reference,evt(system_ch32*.c+device-header)
