family,variant,dma,channel,request_id,peripheral,request,remap,spelled,note,#,confidence,basis
CH32H417,,,,1,TIM1,TIM1_CH1,,TIM1_CH1,DMAMUX: any channel can take this request,#,confirmed,rm:zh(CH32H417RM.PDF p.154)+rm:en(CH32H417RM.PDF p.182)
CH32H417,,,,2,TIM1,TIM1_CH2,,TIM1_CH2,DMAMUX: any channel can take this request,#,confirmed,rm:zh(CH32H417RM.PDF p.154)+rm:en(CH32H417RM.PDF p.182)
CH32H417,,,,3,TIM1,TIM1_CH3,,TIM1_CH3,DMAMUX: any channel can take this request,#,confirmed,rm:zh(CH32H417RM.PDF p.154)+rm:en(CH32H417RM.PDF p.182)
CH32H417,,,,4,TIM1,TIM1_CH4,,TIM1_CH4,DMAMUX: any channel can take this request,#,confirmed,rm:zh(CH32H417RM.PDF p.154)+rm:en(CH32H417RM.PDF p.182)
CH32H417,,,,5,TIM1,TIM1_UP,,TIM1_UP,DMAMUX: any channel can take this request,#,confirmed,rm:zh(CH32H417RM.PDF p.154)+rm:en(CH32H417RM.PDF p.182)
CH32H417,,,,6,TIM1,TIM1_COM,,TIM1_COM,DMAMUX: any channel can take this request,#,confirmed,rm:zh(CH32H417RM.PDF p.154)+rm:en(CH32H417RM.PDF p.182)
CH32H417,,,,7,TIM1,TIM1_TRIG,,TIM1_TRIG,DMAMUX: any channel can take this request,#,confirmed,rm:zh(CH32H417RM.PDF p.154)+rm:en(CH32H417RM.PDF p.182)
CH32H417,,,,8,TIM2,TIM2_CH1,,TIM2_CH1,DMAMUX: any channel can take this request,#,confirmed,rm:zh(CH32H417RM.PDF p.154)+rm:en(CH32H417RM.PDF p.182)
CH32H417,,,,9,TIM2,TIM2_CH2,,TIM2_CH2,DMAMUX: any channel can take this request,#,confirmed,rm:zh(CH32H417RM.PDF p.154)+rm:en(CH32H417RM.PDF p.182)
CH32H417,,,,10,TIM2,TIM2_CH3,,TIM2_CH3,DMAMUX: any channel can take this request,#,confirmed,rm:zh(CH32H417RM.PDF p.154)+rm:en(CH32H417RM.PDF p.182)
CH32H417,,,,11,TIM2,TIM2_CH4,,TIM2_CH4,DMAMUX: any channel can take this request,#,confirmed,rm:zh(CH32H417RM.PDF p.154)+rm:en(CH32H417RM.PDF p.182)
CH32H417,,,,12,TIM2,TIM2_UP,,TIM2_UP,DMAMUX: any channel can take this request,#,confirmed,rm:zh(CH32H417RM.PDF p.154)+rm:en(CH32H417RM.PDF p.182)
CH32H417,,,,13,TIM2,TIM2_TRIG,,TIM2_TRIG,DMAMUX: any channel can take this request,#,confirmed,rm:zh(CH32H417RM.PDF p.154)+rm:en(CH32H417RM.PDF p.182)
CH32H417,,,,14,TIM3,TIM3_CH1,,TIM3_CH1,DMAMUX: any channel can take this request,#,confirmed,rm:zh(CH32H417RM.PDF p.154)+rm:en(CH32H417RM.PDF p.182)
CH32H417,,,,15,TIM3,TIM3_CH2,,TIM3_CH2,DMAMUX: any channel can take this request,#,confirmed,rm:zh(CH32H417RM.PDF p.154)+rm:en(CH32H417RM.PDF p.182)
CH32H417,,,,16,TIM3,TIM3_CH3,,TIM3_CH3,DMAMUX: any channel can take this request,#,confirmed,rm:zh(CH32H417RM.PDF p.154)+rm:en(CH32H417RM.PDF p.182)
CH32H417,,,,17,TIM3,TIM3_CH4,,TIM3_CH4,DMAMUX: any channel can take this request,#,confirmed,rm:zh(CH32H417RM.PDF p.154)+rm:en(CH32H417RM.PDF p.182)
CH32H417,,,,18,TIM3,TIM3_UP,,TIM3_UP,DMAMUX: any channel can take this request,#,confirmed,rm:zh(CH32H417RM.PDF p.154)+rm:en(CH32H417RM.PDF p.182)
CH32H417,,,,19,TIM3,TIM3_TRIG,,TIM3_TRIG,DMAMUX: any channel can take this request,#,confirmed,rm:zh(CH32H417RM.PDF p.154)+rm:en(CH32H417RM.PDF p.182)
CH32H417,,,,20,TIM4,TIM4_CH1,,TIM4_CH1,DMAMUX: any channel can take this request,#,confirmed,rm:zh(CH32H417RM.PDF p.154)+rm:en(CH32H417RM.PDF p.182)
CH32H417,,,,21,TIM4,TIM4_CH2,,TIM4_CH2,DMAMUX: any channel can take this request,#,confirmed,rm:zh(CH32H417RM.PDF p.154)+rm:en(CH32H417RM.PDF p.182)
CH32H417,,,,22,TIM4,TIM4_CH3,,TIM4_CH3,DMAMUX: any channel can take this request,#,confirmed,rm:zh(CH32H417RM.PDF p.154)+rm:en(CH32H417RM.PDF p.182)
CH32H417,,,,23,TIM4,TIM4_CH4,,TIM4_CH4,DMAMUX: any channel can take this request,#,confirmed,rm:zh(CH32H417RM.PDF p.154)+rm:en(CH32H417RM.PDF p.182)
CH32H417,,,,24,TIM4,TIM4_UP,,TIM4_UP,DMAMUX: any channel can take this request,#,confirmed,rm:zh(CH32H417RM.PDF p.154)+rm:en(CH32H417RM.PDF p.182)
CH32H417,,,,25,TIM4,TIM4_TRIG,,TIM4_TRIG,DMAMUX: any channel can take this request,#,confirmed,rm:zh(CH32H417RM.PDF p.154)+rm:en(CH32H417RM.PDF p.182)
CH32H417,,,,26,TIM5,TIM5_CH1,,TIM5_CH1,DMAMUX: any channel can take this request,#,confirmed,rm:zh(CH32H417RM.PDF p.154)+rm:en(CH32H417RM.PDF p.182)
CH32H417,,,,27,TIM5,TIM5_CH2,,TIM5_CH2,DMAMUX: any channel can take this request,#,confirmed,rm:zh(CH32H417RM.PDF p.154)+rm:en(CH32H417RM.PDF p.182)
CH32H417,,,,28,TIM5,TIM5_CH3,,TIM5_CH3,DMAMUX: any channel can take this request,#,confirmed,rm:zh(CH32H417RM.PDF p.154)+rm:en(CH32H417RM.PDF p.182)
CH32H417,,,,29,TIM5,TIM5_CH4,,TIM5_CH4,DMAMUX: any channel can take this request,#,confirmed,rm:zh(CH32H417RM.PDF p.154)+rm:en(CH32H417RM.PDF p.182)
CH32H417,,,,30,TIM5,TIM5_UP,,TIM5_UP,DMAMUX: any channel can take this request,#,confirmed,rm:zh(CH32H417RM.PDF p.154)+rm:en(CH32H417RM.PDF p.183)
CH32H417,,,,31,TIM5,TIM5_TRIG,,TIM5_TRIG,DMAMUX: any channel can take this request,#,confirmed,rm:zh(CH32H417RM.PDF p.154)+rm:en(CH32H417RM.PDF p.183)
CH32H417,,,,32,TIM8,TIM8_CH1,,TIM8_CH1,DMAMUX: any channel can take this request,#,confirmed,rm:zh(CH32H417RM.PDF p.154)+rm:en(CH32H417RM.PDF p.183)
CH32H417,,,,33,TIM8,TIM8_CH2,,TIM8_CH2,DMAMUX: any channel can take this request,#,confirmed,rm:zh(CH32H417RM.PDF p.154)+rm:en(CH32H417RM.PDF p.183)
CH32H417,,,,34,TIM8,TIM8_CH3,,TIM8_CH3,DMAMUX: any channel can take this request,#,confirmed,rm:zh(CH32H417RM.PDF p.154)+rm:en(CH32H417RM.PDF p.183)
CH32H417,,,,35,TIM8,TIM8_CH4,,TIM8_CH4,DMAMUX: any channel can take this request,#,confirmed,rm:zh(CH32H417RM.PDF p.154)+rm:en(CH32H417RM.PDF p.183)
CH32H417,,,,36,TIM8,TIM8_UP,,TIM8_UP,DMAMUX: any channel can take this request,#,confirmed,rm:zh(CH32H417RM.PDF p.154)+rm:en(CH32H417RM.PDF p.183)
CH32H417,,,,37,TIM8,TIM8_COM,,TIM8_COM,DMAMUX: any channel can take this request,#,confirmed,rm:zh(CH32H417RM.PDF p.154)+rm:en(CH32H417RM.PDF p.183)
CH32H417,,,,38,TIM8,TIM8_TRIG,,TIM8_TRIG,DMAMUX: any channel can take this request,#,confirmed,rm:zh(CH32H417RM.PDF p.154)+rm:en(CH32H417RM.PDF p.183)
CH32H417,,,,39,TIM9,TIM9_CH1,,TIM9_CH1,DMAMUX: any channel can take this request,#,confirmed,rm:zh(CH32H417RM.PDF p.154)+rm:en(CH32H417RM.PDF p.183)
CH32H417,,,,40,TIM9,TIM9_CH2,,TIM9_CH2,DMAMUX: any channel can take this request,#,confirmed,rm:zh(CH32H417RM.PDF p.154)+rm:en(CH32H417RM.PDF p.183)
CH32H417,,,,41,TIM9,TIM9_CH3,,TIM9_CH3,DMAMUX: any channel can take this request,#,confirmed,rm:zh(CH32H417RM.PDF p.154)+rm:en(CH32H417RM.PDF p.183)
CH32H417,,,,42,TIM9,TIM9_CH4,,TIM9_CH4,DMAMUX: any channel can take this request,#,confirmed,rm:zh(CH32H417RM.PDF p.154)+rm:en(CH32H417RM.PDF p.182)
CH32H417,,,,43,TIM9,TIM9_UP,,TIM9_UP,DMAMUX: any channel can take this request,#,confirmed,rm:zh(CH32H417RM.PDF p.154)+rm:en(CH32H417RM.PDF p.182)
CH32H417,,,,44,TIM9,TIM9_TRIG,,TIM9_TRIG,DMAMUX: any channel can take this request,#,confirmed,rm:zh(CH32H417RM.PDF p.154)+rm:en(CH32H417RM.PDF p.182)
CH32H417,,,,45,TIM10,TIM10_CH1,,TIM10_CH1,DMAMUX: any channel can take this request,#,confirmed,rm:zh(CH32H417RM.PDF p.154)+rm:en(CH32H417RM.PDF p.182)
CH32H417,,,,46,TIM10,TIM10_CH2,,TIM10_CH2,DMAMUX: any channel can take this request,#,confirmed,rm:zh(CH32H417RM.PDF p.154)+rm:en(CH32H417RM.PDF p.182)
CH32H417,,,,47,TIM10,TIM10_CH3,,TIM10_CH3,DMAMUX: any channel can take this request,#,confirmed,rm:zh(CH32H417RM.PDF p.154)+rm:en(CH32H417RM.PDF p.182)
CH32H417,,,,48,TIM10,TIM10_CH4,,TIM10_CH4,DMAMUX: any channel can take this request,#,confirmed,rm:zh(CH32H417RM.PDF p.154)+rm:en(CH32H417RM.PDF p.182)
CH32H417,,,,49,TIM10,TIM10_UP,,TIM10_UP,DMAMUX: any channel can take this request,#,confirmed,rm:zh(CH32H417RM.PDF p.154)+rm:en(CH32H417RM.PDF p.182)
CH32H417,,,,50,TIM10,TIM10_TRIG,,TIM10_TRIG,DMAMUX: any channel can take this request,#,confirmed,rm:zh(CH32H417RM.PDF p.154)+rm:en(CH32H417RM.PDF p.182)
CH32H417,,,,51,TIM11,TIM11_CH1,,TIM11_CH1,DMAMUX: any channel can take this request,#,confirmed,rm:zh(CH32H417RM.PDF p.154)+rm:en(CH32H417RM.PDF p.182)
CH32H417,,,,52,TIM11,TIM11_CH2,,TIM11_CH2,DMAMUX: any channel can take this request,#,confirmed,rm:zh(CH32H417RM.PDF p.154)+rm:en(CH32H417RM.PDF p.182)
CH32H417,,,,53,TIM11,TIM11_CH3,,TIM11_CH3,DMAMUX: any channel can take this request,#,confirmed,rm:zh(CH32H417RM.PDF p.154)+rm:en(CH32H417RM.PDF p.182)
CH32H417,,,,54,TIM11,TIM11_CH4,,TIM11_CH4,DMAMUX: any channel can take this request,#,confirmed,rm:zh(CH32H417RM.PDF p.154)+rm:en(CH32H417RM.PDF p.182)
CH32H417,,,,55,TIM11,TIM11_UP,,TIM11_UP,DMAMUX: any channel can take this request,#,confirmed,rm:zh(CH32H417RM.PDF p.154)+rm:en(CH32H417RM.PDF p.182)
CH32H417,,,,56,TIM11,TIM11_TRIG,,TIM11_TRIG,DMAMUX: any channel can take this request,#,confirmed,rm:zh(CH32H417RM.PDF p.154)+rm:en(CH32H417RM.PDF p.182)
CH32H417,,,,57,TIM12,TIM12_CH1,,TIM12_CH1,DMAMUX: any channel can take this request,#,confirmed,rm:zh(CH32H417RM.PDF p.154)+rm:en(CH32H417RM.PDF p.182)
CH32H417,,,,58,TIM12,TIM12_CH2,,TIM12_CH2,DMAMUX: any channel can take this request,#,confirmed,rm:zh(CH32H417RM.PDF p.154)+rm:en(CH32H417RM.PDF p.182)
CH32H417,,,,59,TIM12,TIM12_CH3,,TIM12_CH3,DMAMUX: any channel can take this request,#,confirmed,rm:zh(CH32H417RM.PDF p.154)+rm:en(CH32H417RM.PDF p.182)
CH32H417,,,,60,TIM12,TIM12_CH4,,TIM12_CH4,DMAMUX: any channel can take this request,#,confirmed,rm:zh(CH32H417RM.PDF p.154)+rm:en(CH32H417RM.PDF p.182)
CH32H417,,,,61,TIM12,TIM12_UP,,TIM12_UP,DMAMUX: any channel can take this request,#,confirmed,rm:zh(CH32H417RM.PDF p.154)+rm:en(CH32H417RM.PDF p.182)
CH32H417,,,,62,TIM12,TIM12_TRIG,,TIM12_TRIG,DMAMUX: any channel can take this request,#,confirmed,rm:zh(CH32H417RM.PDF p.154)+rm:en(CH32H417RM.PDF p.182)
CH32H417,,,,63,SPI1,SPI1_TX,,SPI1_TX,DMAMUX: any channel can take this request,#,confirmed,rm:zh(CH32H417RM.PDF p.154)+rm:en(CH32H417RM.PDF p.182)
CH32H417,,,,64,SPI1,SPI1_RX,,SPI1_RX,DMAMUX: any channel can take this request,#,confirmed,rm:zh(CH32H417RM.PDF p.154)+rm:en(CH32H417RM.PDF p.182)
CH32H417,,,,65,SPI2,SPI2_TX,,SPI2_TX,DMAMUX: any channel can take this request,#,confirmed,rm:zh(CH32H417RM.PDF p.154)+rm:en(CH32H417RM.PDF p.182)
CH32H417,,,,66,SPI2,SPI2_RX,,SPI2_RX,DMAMUX: any channel can take this request,#,confirmed,rm:zh(CH32H417RM.PDF p.154)+rm:en(CH32H417RM.PDF p.182)
CH32H417,,,,67,SPI3,SPI3_TX,,SPI3_TX,DMAMUX: any channel can take this request,#,confirmed,rm:zh(CH32H417RM.PDF p.154)+rm:en(CH32H417RM.PDF p.182)
CH32H417,,,,68,SPI3,SPI3_RX,,SPI3_RX,DMAMUX: any channel can take this request,#,confirmed,rm:zh(CH32H417RM.PDF p.154)+rm:en(CH32H417RM.PDF p.182)
CH32H417,,,,69,SPI4,SPI4_TX,,SPI4_TX,DMAMUX: any channel can take this request,#,confirmed,rm:zh(CH32H417RM.PDF p.154)+rm:en(CH32H417RM.PDF p.182)
CH32H417,,,,70,SPI4,SPI4_RX,,SPI4_RX,DMAMUX: any channel can take this request,#,confirmed,rm:zh(CH32H417RM.PDF p.154)+rm:en(CH32H417RM.PDF p.182)
CH32H417,,,,71,QSPI1,QSPI1_DMA,,QSPI1_DMA,DMAMUX: any channel can take this request,#,confirmed,rm:zh(CH32H417RM.PDF p.154)+rm:en(CH32H417RM.PDF p.183)
CH32H417,,,,72,QSPI2,QSPI2_DMA,,QSPI2_DMA,DMAMUX: any channel can take this request,#,confirmed,rm:zh(CH32H417RM.PDF p.154)+rm:en(CH32H417RM.PDF p.183)
CH32H417,,,,73,I2C1,I2C1_TX,,I2C1_TX,DMAMUX: any channel can take this request,#,confirmed,rm:zh(CH32H417RM.PDF p.154)+rm:en(CH32H417RM.PDF p.183)
CH32H417,,,,74,I2C1,I2C1_RX,,I2C1_RX,DMAMUX: any channel can take this request,#,confirmed,rm:zh(CH32H417RM.PDF p.154)+rm:en(CH32H417RM.PDF p.183)
CH32H417,,,,75,I2C2,I2C2_TX,,I2C2_TX,DMAMUX: any channel can take this request,#,confirmed,rm:zh(CH32H417RM.PDF p.154)+rm:en(CH32H417RM.PDF p.183)
CH32H417,,,,76,I2C2,I2C2_RX,,I2C2_RX,DMAMUX: any channel can take this request,#,confirmed,rm:zh(CH32H417RM.PDF p.154)+rm:en(CH32H417RM.PDF p.183)
CH32H417,,,,77,I2C3,I2C3_TX,,I2C3_TX,DMAMUX: any channel can take this request,#,confirmed,rm:zh(CH32H417RM.PDF p.154)+rm:en(CH32H417RM.PDF p.183)
CH32H417,,,,78,I2C3,I2C3_RX,,I2C3_RX,DMAMUX: any channel can take this request,#,confirmed,rm:zh(CH32H417RM.PDF p.154)+rm:en(CH32H417RM.PDF p.183)
CH32H417,,,,79,I2C4,I2C4_TX,,I2C4_TX,DMAMUX: any channel can take this request,#,confirmed,rm:zh(CH32H417RM.PDF p.154)+rm:en(CH32H417RM.PDF p.183)
CH32H417,,,,80,I2C4,I2C4_RX,,I2C4_RX,DMAMUX: any channel can take this request,#,confirmed,rm:zh(CH32H417RM.PDF p.154)+rm:en(CH32H417RM.PDF p.183)
CH32H417,,,,81,I3C,I3C_RS,,I3C_RS,DMAMUX: any channel can take this request,#,confirmed,rm:zh(CH32H417RM.PDF p.154)+rm:en(CH32H417RM.PDF p.183)
CH32H417,,,,82,I3C,I3C_TC,,I3C_TC,DMAMUX: any channel can take this request,#,confirmed,rm:zh(CH32H417RM.PDF p.154)+rm:en(CH32H417RM.PDF p.183)
CH32H417,,,,83,I3C,I3C_TX,,I3C_TX,DMAMUX: any channel can take this request,#,confirmed,rm:zh(CH32H417RM.PDF p.154)+rm:en(CH32H417RM.PDF p.182)
CH32H417,,,,84,I3C,I3X_RX,,I3X_RX,as printed; RM typo for I3C_RX; DMAMUX: any channel can take this request,#,confirmed,rm:zh(CH32H417RM.PDF p.154)+rm:en(CH32H417RM.PDF p.182)
CH32H417,,,,85,USART1,USART1_TX,,USART1_TX,DMAMUX: any channel can take this request,#,confirmed,rm:zh(CH32H417RM.PDF p.154)+rm:en(CH32H417RM.PDF p.182)
CH32H417,,,,86,USART1,USART1_RX,,USART1_RX,DMAMUX: any channel can take this request,#,confirmed,rm:zh(CH32H417RM.PDF p.154)+rm:en(CH32H417RM.PDF p.182)
CH32H417,,,,87,USART2,USART2_TX,,USART2_TX,DMAMUX: any channel can take this request,#,confirmed,rm:zh(CH32H417RM.PDF p.154)+rm:en(CH32H417RM.PDF p.182)
CH32H417,,,,88,USART2,USART2_RX,,USART2_RX,DMAMUX: any channel can take this request,#,confirmed,rm:zh(CH32H417RM.PDF p.154)+rm:en(CH32H417RM.PDF p.182)
CH32H417,,,,89,USART3,USART3_TX,,USART3_TX,DMAMUX: any channel can take this request,#,confirmed,rm:zh(CH32H417RM.PDF p.154)+rm:en(CH32H417RM.PDF p.182)
CH32H417,,,,90,USART3,USART3_RX,,USART3_RX,DMAMUX: any channel can take this request,#,confirmed,rm:zh(CH32H417RM.PDF p.154)+rm:en(CH32H417RM.PDF p.182)
CH32H417,,,,91,USART4,USART4_TX,,USART4_TX,DMAMUX: any channel can take this request,#,confirmed,rm:zh(CH32H417RM.PDF p.154)+rm:en(CH32H417RM.PDF p.182)
CH32H417,,,,92,USART4,USART4_RX,,USART4_RX,DMAMUX: any channel can take this request,#,confirmed,rm:zh(CH32H417RM.PDF p.154)+rm:en(CH32H417RM.PDF p.182)
CH32H417,,,,93,USART5,USART5_TX,,USART5_TX,DMAMUX: any channel can take this request,#,confirmed,rm:zh(CH32H417RM.PDF p.154)+rm:en(CH32H417RM.PDF p.182)
CH32H417,,,,94,USART5,USART5_RX,,USART5_RX,DMAMUX: any channel can take this request,#,confirmed,rm:zh(CH32H417RM.PDF p.154)+rm:en(CH32H417RM.PDF p.182)
CH32H417,,,,95,USART6,USART6_TX,,USART6_TX,DMAMUX: any channel can take this request,#,confirmed,rm:zh(CH32H417RM.PDF p.154)+rm:en(CH32H417RM.PDF p.182)
CH32H417,,,,96,USART6,USART6_RX,,USART6_RX,DMAMUX: any channel can take this request,#,confirmed,rm:zh(CH32H417RM.PDF p.154)+rm:en(CH32H417RM.PDF p.182)
CH32H417,,,,97,USART7,USART7_TX,,USART7_TX,DMAMUX: any channel can take this request,#,confirmed,rm:zh(CH32H417RM.PDF p.154)+rm:en(CH32H417RM.PDF p.182)
CH32H417,,,,98,USART7,USART7_RX,,USART7_RX,DMAMUX: any channel can take this request,#,confirmed,rm:zh(CH32H417RM.PDF p.154)+rm:en(CH32H417RM.PDF p.182)
CH32H417,,,,99,USART8,USART8_TX,,USART8_TX,DMAMUX: any channel can take this request,#,confirmed,rm:zh(CH32H417RM.PDF p.154)+rm:en(CH32H417RM.PDF p.182)
CH32H417,,,,100,USART8,USART8_RX,,USART8_RX,DMAMUX: any channel can take this request,#,confirmed,rm:zh(CH32H417RM.PDF p.154)+rm:en(CH32H417RM.PDF p.182)
CH32H417,,,,101,SWPMI,SWPMI_TX,,SWPMI_TX,DMAMUX: any channel can take this request,#,confirmed,rm:zh(CH32H417RM.PDF p.154)+rm:en(CH32H417RM.PDF p.182)
CH32H417,,,,102,SWPMI,SWPMI_RX,,SWPMI_RX,DMAMUX: any channel can take this request,#,confirmed,rm:zh(CH32H417RM.PDF p.154)+rm:en(CH32H417RM.PDF p.182)
CH32H417,,,,103,DAC1,DAC1,,DAC1,DMAMUX: any channel can take this request,#,confirmed,rm:zh(CH32H417RM.PDF p.154)+rm:en(CH32H417RM.PDF p.182)
CH32H417,,,,104,DAC2,DAC2,,DAC2,DMAMUX: any channel can take this request,#,confirmed,rm:zh(CH32H417RM.PDF p.154)+rm:en(CH32H417RM.PDF p.182)
CH32H417,,,,107,DFSDM,DFSDM_DMA0,,DFSDM_DMA0,DMAMUX: any channel can take this request,#,confirmed,rm:zh(CH32H417RM.PDF p.154)+rm:en(CH32H417RM.PDF p.182)
CH32H417,,,,108,DFSDM,DFSDM_DMA1,,DFSDM_DMA1,DMAMUX: any channel can take this request,#,confirmed,rm:zh(CH32H417RM.PDF p.154)+rm:en(CH32H417RM.PDF p.182)
CH32H417,,,,111,SDIO,SDIO,,SDIO,DMAMUX: any channel can take this request,#,confirmed,rm:zh(CH32H417RM.PDF p.154)+rm:en(CH32H417RM.PDF p.182)
CH32H417,,,,112,SAI,SAI_A_TX,,SAI_A_TX,DMAMUX: any channel can take this request,#,confirmed,rm:zh(CH32H417RM.PDF p.154)+rm:en(CH32H417RM.PDF p.183)
CH32H417,,,,113,SAI,SAI_A_RX,,SAI_A_RX,DMAMUX: any channel can take this request,#,confirmed,rm:zh(CH32H417RM.PDF p.154)+rm:en(CH32H417RM.PDF p.183)
CH32H417,,,,114,SAI,SAI_B_TX,,SAI_B_TX,DMAMUX: any channel can take this request,#,confirmed,rm:zh(CH32H417RM.PDF p.154)+rm:en(CH32H417RM.PDF p.183)
CH32H417,,,,115,SAI,SAI_B_RX,,SAI_B_RX,DMAMUX: any channel can take this request,#,confirmed,rm:zh(CH32H417RM.PDF p.154)+rm:en(CH32H417RM.PDF p.183)
CH32H417,,,,120,ADC1,ADC1,,ADC1,DMAMUX: any channel can take this request,#,confirmed,rm:zh(CH32H417RM.PDF p.154)+rm:en(CH32H417RM.PDF p.183)
CH32H417,,,,121,ADC2,ADC2,,ADC2,DMAMUX: any channel can take this request,#,confirmed,rm:zh(CH32H417RM.PDF p.154)+rm:en(CH32H417RM.PDF p.183)
CH32H417,,,,122,TIM6,TIM6_UP,,TIM6_UP,DMAMUX: any channel can take this request,#,confirmed,rm:zh(CH32H417RM.PDF p.154)+rm:en(CH32H417RM.PDF p.183)
CH32H417,,,,123,TIM7,TIM7_UP,,TIM7_UP,DMAMUX: any channel can take this request,#,confirmed,rm:zh(CH32H417RM.PDF p.154)+rm:en(CH32H417RM.PDF p.183)
CH32L103,,DMA1,1,,ADC1,ADC,,ADC,,#,confirmed,rm:zh(CH32L103RM.PDF p.102)+rm:en(CH32L103RM.PDF p.120)
CH32L103,,DMA1,1,,TIM2,TIM2_CH3,,TIM2_CH3,,#,confirmed,rm:zh(CH32L103RM.PDF p.103)+rm:en(CH32L103RM.PDF p.121)
CH32L103,,DMA1,1,,TIM4,TIM4_CH1,,TIM4_CH1,,#,confirmed,rm:zh(CH32L103RM.PDF p.103)+rm:en(CH32L103RM.PDF p.121)
CH32L103,,DMA1,1,,USART4,USART4_TX,,USART4_TX,,#,confirmed,rm:zh(CH32L103RM.PDF p.102)+rm:en(CH32L103RM.PDF p.121)
CH32L103,,DMA1,2,,SPI1,SPI1_RX,,SPI1_RX,,#,confirmed,rm:zh(CH32L103RM.PDF p.102)+rm:en(CH32L103RM.PDF p.120)
CH32L103,,DMA1,2,,TIM1,TIM1_CH1,,TIM1_CH1,,#,confirmed,rm:zh(CH32L103RM.PDF p.103)+rm:en(CH32L103RM.PDF p.121)
CH32L103,,DMA1,2,,TIM2,TIM2_UP,,TIM2_UP,,#,confirmed,rm:zh(CH32L103RM.PDF p.103)+rm:en(CH32L103RM.PDF p.121)
CH32L103,,DMA1,2,,TIM3,TIM3_CH3,,TIM3_CH3,,#,confirmed,rm:zh(CH32L103RM.PDF p.103)+rm:en(CH32L103RM.PDF p.121)
CH32L103,,DMA1,2,,USART3,USART3_TX,,USART3_TX,,#,confirmed,rm:zh(CH32L103RM.PDF p.102)+rm:en(CH32L103RM.PDF p.121)
CH32L103,,DMA1,3,,SPI1,SPI1_TX,,SPI1_TX,,#,confirmed,rm:zh(CH32L103RM.PDF p.102)+rm:en(CH32L103RM.PDF p.120)
CH32L103,,DMA1,3,,TIM1,TIM1_CH2,,TIM1_CH2,,#,confirmed,rm:zh(CH32L103RM.PDF p.103)+rm:en(CH32L103RM.PDF p.121)
CH32L103,,DMA1,3,,TIM3,TIM3_CH4,,TIM3_CH4,,#,confirmed,rm:zh(CH32L103RM.PDF p.103)+rm:en(CH32L103RM.PDF p.121)
CH32L103,,DMA1,3,,TIM3,TIM3_UP,,TIM3_UP,,#,confirmed,rm:zh(CH32L103RM.PDF p.103)+rm:en(CH32L103RM.PDF p.121)
CH32L103,,DMA1,3,,USART3,USART3_RX,,USART3_RX,,#,confirmed,rm:zh(CH32L103RM.PDF p.102)+rm:en(CH32L103RM.PDF p.121)
CH32L103,,DMA1,4,,I2C2,I2C2_TX,,I2C2_TX,,#,confirmed,rm:zh(CH32L103RM.PDF p.103)+rm:en(CH32L103RM.PDF p.121)
CH32L103,,DMA1,4,,SPI2,SPI2_RX,,SPI2_RX,,#,confirmed,rm:zh(CH32L103RM.PDF p.102)+rm:en(CH32L103RM.PDF p.120)
CH32L103,,DMA1,4,,TIM1,TIM1_CH4,,TIM1_CH4,,#,confirmed,rm:zh(CH32L103RM.PDF p.103)+rm:en(CH32L103RM.PDF p.121)
CH32L103,,DMA1,4,,TIM1,TIM1_COM,,TIM1_COM,,#,confirmed,rm:zh(CH32L103RM.PDF p.103)+rm:en(CH32L103RM.PDF p.121)
CH32L103,,DMA1,4,,TIM1,TIM1_TRIG,,TIM1_TRIG,,#,confirmed,rm:zh(CH32L103RM.PDF p.103)+rm:en(CH32L103RM.PDF p.121)
CH32L103,,DMA1,4,,TIM4,TIM4_CH2,,TIM4_CH2,,#,confirmed,rm:zh(CH32L103RM.PDF p.103)+rm:en(CH32L103RM.PDF p.121)
CH32L103,,DMA1,4,,USART1,USART1_TX,,USART1_TX,,#,confirmed,rm:zh(CH32L103RM.PDF p.102)+rm:en(CH32L103RM.PDF p.120)
CH32L103,,DMA1,5,,I2C2,I2C2_RX,,I2C2_RX,,#,confirmed,rm:zh(CH32L103RM.PDF p.103)+rm:en(CH32L103RM.PDF p.121)
CH32L103,,DMA1,5,,SPI2,SPI2_TX,,SPI2_TX,,#,confirmed,rm:zh(CH32L103RM.PDF p.102)+rm:en(CH32L103RM.PDF p.120)
CH32L103,,DMA1,5,,TIM1,TIM1_UP,,TIM1_UP,,#,confirmed,rm:zh(CH32L103RM.PDF p.103)+rm:en(CH32L103RM.PDF p.121)
CH32L103,,DMA1,5,,TIM2,TIM2_CH1,,TIM2_CH1,,#,confirmed,rm:zh(CH32L103RM.PDF p.103)+rm:en(CH32L103RM.PDF p.121)
CH32L103,,DMA1,5,,TIM4,TIM4_CH3,,TIM4_CH3,,#,confirmed,rm:zh(CH32L103RM.PDF p.103)+rm:en(CH32L103RM.PDF p.121)
CH32L103,,DMA1,5,,USART1,USART1_RX,,USART1_RX,,#,confirmed,rm:zh(CH32L103RM.PDF p.102)+rm:en(CH32L103RM.PDF p.120)
CH32L103,,DMA1,6,,I2C1,I2C1_TX,,I2C1_TX,,#,confirmed,rm:zh(CH32L103RM.PDF p.102)+rm:en(CH32L103RM.PDF p.121)
CH32L103,,DMA1,6,,TIM1,TIM1_CH3,,TIM1_CH3,,#,confirmed,rm:zh(CH32L103RM.PDF p.103)+rm:en(CH32L103RM.PDF p.121)
CH32L103,,DMA1,6,,TIM3,TIM3_CH1,,TIM3_CH1,,#,confirmed,rm:zh(CH32L103RM.PDF p.103)+rm:en(CH32L103RM.PDF p.121)
CH32L103,,DMA1,6,,TIM3,TIM3_TRIG,,TIM3_TRIG,,#,confirmed,rm:zh(CH32L103RM.PDF p.103)+rm:en(CH32L103RM.PDF p.121)
CH32L103,,DMA1,6,,USART2,USART2_RX,,USART2_RX,,#,confirmed,rm:zh(CH32L103RM.PDF p.102)+rm:en(CH32L103RM.PDF p.121)
CH32L103,,DMA1,7,,I2C1,I2C1_RX,,I2C1_RX,,#,confirmed,rm:zh(CH32L103RM.PDF p.102)+rm:en(CH32L103RM.PDF p.121)
CH32L103,,DMA1,7,,TIM2,TIM2_CH2,,TIM2_CH2,,#,confirmed,rm:zh(CH32L103RM.PDF p.103)+rm:en(CH32L103RM.PDF p.121)
CH32L103,,DMA1,7,,TIM4,TIM4_UP,,TIM4_UP,,#,confirmed,rm:zh(CH32L103RM.PDF p.103)+rm:en(CH32L103RM.PDF p.121)
CH32L103,,DMA1,7,,USART2,USART2_TX,,USART2_TX,,#,confirmed,rm:zh(CH32L103RM.PDF p.102)+rm:en(CH32L103RM.PDF p.121)
CH32L103,,DMA1,8,,TIM2,TIM2_CH4,,TIM2_CH4,,#,confirmed,rm:zh(CH32L103RM.PDF p.103)+rm:en(CH32L103RM.PDF p.121)
CH32L103,,DMA1,8,,USART4,USART4_RX,,USART4_RX,,#,confirmed,rm:zh(CH32L103RM.PDF p.102)+rm:en(CH32L103RM.PDF p.121)
CH32M030,,DMA1,1,,ADC1,ADC,,ADC,,#,confirmed,rm:zh(CH32M030RM.PDF p.66)+rm:en(CH32M030RM.PDF p.74)
CH32M030,,DMA1,1,,TIM1,TIM1_CH1,,TIM1_CH1,,#,confirmed,rm:zh(CH32M030RM.PDF p.66)+rm:en(CH32M030RM.PDF p.74)
CH32M030,,DMA1,1,,TIM3,TIM3_CH1,,TIM3_CH1,,#,confirmed,rm:zh(CH32M030RM.PDF p.66)+rm:en(CH32M030RM.PDF p.75)
CH32M030,,DMA1,2,,SPI1,SPI1_RX,,SPI1_RX,,#,confirmed,rm:zh(CH32M030RM.PDF p.66)+rm:en(CH32M030RM.PDF p.74)
CH32M030,,DMA1,2,,TIM1,TIM1_CH2,,TIM1_CH2,,#,confirmed,rm:zh(CH32M030RM.PDF p.66)+rm:en(CH32M030RM.PDF p.74)
CH32M030,,DMA1,2,,TIM2,TIM2_TRIG,,TIM2_TRIG,,#,confirmed,rm:zh(CH32M030RM.PDF p.66)+rm:en(CH32M030RM.PDF p.75)
CH32M030,,DMA1,2,,TIM3,TIM3_CH2,,TIM3_CH2,,#,confirmed,rm:zh(CH32M030RM.PDF p.66)+rm:en(CH32M030RM.PDF p.75)
CH32M030,,DMA1,3,,SPI1,SPI1_TX,,SPI1_TX,,#,confirmed,rm:zh(CH32M030RM.PDF p.66)+rm:en(CH32M030RM.PDF p.74)
CH32M030,,DMA1,3,,TIM1,TIM1_CH3,,TIM1_CH3,,#,confirmed,rm:zh(CH32M030RM.PDF p.66)+rm:en(CH32M030RM.PDF p.74)
CH32M030,,DMA1,3,,TIM2,TIM2_UP,,TIM2_UP,,#,confirmed,rm:zh(CH32M030RM.PDF p.66)+rm:en(CH32M030RM.PDF p.75)
CH32M030,,DMA1,3,,TIM3,TIM3_UP,,TIM3_UP,,#,confirmed,rm:zh(CH32M030RM.PDF p.66)+rm:en(CH32M030RM.PDF p.75)
CH32M030,,DMA1,4,,I2C1,I2C1_TX,,I2C1_TX,,#,confirmed,rm:zh(CH32M030RM.PDF p.66)+rm:en(CH32M030RM.PDF p.74)
CH32M030,,DMA1,4,,TIM1,TIM1_CH4,,TIM1_CH4,,#,confirmed,rm:zh(CH32M030RM.PDF p.66)+rm:en(CH32M030RM.PDF p.74)
CH32M030,,DMA1,4,,TIM1,TIM1_COM,,TIM1_COM,,#,confirmed,rm:zh(CH32M030RM.PDF p.66)+rm:en(CH32M030RM.PDF p.75)
CH32M030,,DMA1,4,,TIM2,TIM2_CH4,,TIM2_CH4,,#,confirmed,rm:zh(CH32M030RM.PDF p.66)+rm:en(CH32M030RM.PDF p.75)
CH32M030,,DMA1,4,,TIM3,TIM3_TRIG,,TIM3_TRIG,,#,confirmed,rm:zh(CH32M030RM.PDF p.66)+rm:en(CH32M030RM.PDF p.75)
CH32M030,,DMA1,5,,I2C1,I2C1_RX,,I2C1_RX,,#,confirmed,rm:zh(CH32M030RM.PDF p.66)+rm:en(CH32M030RM.PDF p.74)
CH32M030,,DMA1,5,,TIM1,TIM1_CH5,,TIM1_CH5,,#,confirmed,rm:zh(CH32M030RM.PDF p.66)+rm:en(CH32M030RM.PDF p.74)
CH32M030,,DMA1,5,,TIM2,TIM2_CH3,,TIM2_CH3,,#,confirmed,rm:zh(CH32M030RM.PDF p.66)+rm:en(CH32M030RM.PDF p.75)
CH32M030,,DMA1,6,,TIM1,TIM1_UP,,TIM1_UP,,#,confirmed,rm:zh(CH32M030RM.PDF p.66)+rm:en(CH32M030RM.PDF p.74)
CH32M030,,DMA1,6,,TIM2,TIM2_CH2,,TIM2_CH2,,#,confirmed,rm:zh(CH32M030RM.PDF p.66)+rm:en(CH32M030RM.PDF p.75)
CH32M030,,DMA1,6,,USART1,UART1_TX,,UART1_TX,,#,confirmed,rm:zh(CH32M030RM.PDF p.66)+rm:en(CH32M030RM.PDF p.74)
CH32M030,,DMA1,7,,TIM1,TIM1_TRIG,,TIM1_TRIG,,#,confirmed,rm:zh(CH32M030RM.PDF p.66)+rm:en(CH32M030RM.PDF p.74)
CH32M030,,DMA1,7,,TIM2,TIM2_CH1,,TIM2_CH1,,#,confirmed,rm:zh(CH32M030RM.PDF p.66)+rm:en(CH32M030RM.PDF p.75)
CH32M030,,DMA1,7,,USART1,UART1_RX,,UART1_RX,,#,confirmed,rm:zh(CH32M030RM.PDF p.66)+rm:en(CH32M030RM.PDF p.74)
CH32V003,,DMA1,1,,ADC1,ADC1,,ADC1,,#,confirmed,rm:zh(CH32V003RM.PDF p.67)+rm:en(CH32V003RM.PDF p.65)
CH32V003,,DMA1,1,,TIM2,TIM2_CH3,,TIM2_CH3,,#,confirmed,rm:zh(CH32V003RM.PDF p.67)+rm:en(CH32V003RM.PDF p.65)
CH32V003,,DMA1,2,,SPI1,SPI1_RX,,SPI1_RX,,#,confirmed,rm:zh(CH32V003RM.PDF p.67)+rm:en(CH32V003RM.PDF p.65)
CH32V003,,DMA1,2,,TIM1,TIM1_CH1,,TIM1_CH1,,#,confirmed,rm:zh(CH32V003RM.PDF p.67)+rm:en(CH32V003RM.PDF p.65)
CH32V003,,DMA1,2,,TIM2,TIM2_UP,,TIM2_UP,,#,confirmed,rm:zh(CH32V003RM.PDF p.67)+rm:en(CH32V003RM.PDF p.65)
CH32V003,,DMA1,3,,SPI1,SPI1_TX,,SPI1_TX,,#,confirmed,rm:zh(CH32V003RM.PDF p.67)+rm:en(CH32V003RM.PDF p.65)
CH32V003,,DMA1,3,,TIM1,TIM1_CH2,,TIM1_CH2,,#,confirmed,rm:zh(CH32V003RM.PDF p.67)+rm:en(CH32V003RM.PDF p.65)
CH32V003,,DMA1,4,,TIM1,TIM1_CH4,,TIM1_CH4,,#,confirmed,rm:zh(CH32V003RM.PDF p.67)+rm:en(CH32V003RM.PDF p.65)
CH32V003,,DMA1,4,,TIM1,TIM1_COM,,TIM1_COM,,#,confirmed,rm:zh(CH32V003RM.PDF p.67)+rm:en(CH32V003RM.PDF p.65)
CH32V003,,DMA1,4,,TIM1,TIM1_TRIG,,TIM1_TRIG,,#,confirmed,rm:zh(CH32V003RM.PDF p.67)+rm:en(CH32V003RM.PDF p.65)
CH32V003,,DMA1,4,,USART1,USART1_TX,,USART1_TX,,#,confirmed,rm:zh(CH32V003RM.PDF p.67)+rm:en(CH32V003RM.PDF p.65)
CH32V003,,DMA1,5,,TIM1,TIM1_UP,,TIM1_UP,,#,confirmed,rm:zh(CH32V003RM.PDF p.67)+rm:en(CH32V003RM.PDF p.65)
CH32V003,,DMA1,5,,TIM2,TIM2_CH1,,TIM2_CH1,,#,confirmed,rm:zh(CH32V003RM.PDF p.67)+rm:en(CH32V003RM.PDF p.65)
CH32V003,,DMA1,5,,USART1,USART1_RX,,USART1_RX,,#,confirmed,rm:zh(CH32V003RM.PDF p.67)+rm:en(CH32V003RM.PDF p.65)
CH32V003,,DMA1,6,,I2C1,I2C1_TX,,I2C1_TX,,#,confirmed,rm:zh(CH32V003RM.PDF p.67)+rm:en(CH32V003RM.PDF p.65)
CH32V003,,DMA1,6,,TIM1,TIM1_CH3,,TIM1_CH3,,#,confirmed,rm:zh(CH32V003RM.PDF p.67)+rm:en(CH32V003RM.PDF p.65)
CH32V003,,DMA1,7,,I2C1,I2C1_RX,,I2C1_RX,,#,confirmed,rm:zh(CH32V003RM.PDF p.67)+rm:en(CH32V003RM.PDF p.65)
CH32V003,,DMA1,7,,TIM2,TIM2_CH2,,TIM2_CH2,,#,confirmed,rm:zh(CH32V003RM.PDF p.67)+rm:en(CH32V003RM.PDF p.65)
CH32V003,,DMA1,7,,TIM2,TIM2_CH4,,TIM2_CH4,,#,confirmed,rm:zh(CH32V003RM.PDF p.67)+rm:en(CH32V003RM.PDF p.65)
CH32V006,,DMA1,1,,ADC1,ADC,,ADC,,#,confirmed,rm:zh(CH32V00XRM.PDF p.79)+rm:en(CH32V00XRM.PDF p.94)
CH32V006,,DMA1,1,,TIM2,TIM2_CH3,,TIM2_CH3,,#,confirmed,rm:zh(CH32V00XRM.PDF p.79)+rm:en(CH32V00XRM.PDF p.94)
CH32V006,,DMA1,1,,TIM3,TIM3_CH3,,TIM3_CH3,（1）（2）,#,confirmed,rm:zh(CH32V00XRM.PDF p.79)+rm:en(CH32V00XRM.PDF p.94)
CH32V006,,DMA1,2,,SPI1,SPI1_RX,,SPI1_RX,,#,confirmed,rm:zh(CH32V00XRM.PDF p.79)+rm:en(CH32V00XRM.PDF p.94)
CH32V006,,DMA1,2,,TIM1,TIM1_CH1,,TIM1_CH1,,#,confirmed,rm:zh(CH32V00XRM.PDF p.79)+rm:en(CH32V00XRM.PDF p.94)
CH32V006,,DMA1,2,,TIM2,TIM2_UP,,TIM2_UP,,#,confirmed,rm:zh(CH32V00XRM.PDF p.79)+rm:en(CH32V00XRM.PDF p.94)
CH32V006,,DMA1,2,,TIM3,TIM3_CH3,,TIM3_CH3,（1）,#,confirmed,rm:zh(CH32V00XRM.PDF p.79)+rm:en(CH32V00XRM.PDF p.94)
CH32V006,,DMA1,3,,SPI1,SPI1_TX,,SPI1_TX,,#,confirmed,rm:zh(CH32V00XRM.PDF p.79)+rm:en(CH32V00XRM.PDF p.94)
CH32V006,,DMA1,3,,TIM1,TIM1_CH2,,TIM1_CH2,,#,confirmed,rm:zh(CH32V00XRM.PDF p.79)+rm:en(CH32V00XRM.PDF p.94)
CH32V006,,DMA1,3,,TIM3,TIM3_CH3,,TIM3_CH3,（1）,#,confirmed,rm:zh(CH32V00XRM.PDF p.79)+rm:en(CH32V00XRM.PDF p.94)
CH32V006,,DMA1,4,,TIM1,TIM1_CH4,,TIM1_CH4,,#,confirmed,rm:zh(CH32V00XRM.PDF p.79)+rm:en(CH32V00XRM.PDF p.94)
CH32V006,,DMA1,4,,TIM1,TIM1_COM,,TIM1_COM,,#,confirmed,rm:zh(CH32V00XRM.PDF p.79)+rm:en(CH32V00XRM.PDF p.94)
CH32V006,,DMA1,4,,TIM1,TIM1_TRIG,,TIM1_TRIG,,#,confirmed,rm:zh(CH32V00XRM.PDF p.79)+rm:en(CH32V00XRM.PDF p.94)
CH32V006,,DMA1,4,,TIM3,TIM3_CH4,,TIM3_CH4,（1）（2）,#,confirmed,rm:zh(CH32V00XRM.PDF p.79)+rm:en(CH32V00XRM.PDF p.94)
CH32V006,,DMA1,4,,USART1,USART1_TX,,USART1_TX,,#,confirmed,rm:zh(CH32V00XRM.PDF p.79)+rm:en(CH32V00XRM.PDF p.94)
CH32V006,,DMA1,5,,TIM1,TIM1_UP,,TIM1_UP,,#,confirmed,rm:zh(CH32V00XRM.PDF p.79)+rm:en(CH32V00XRM.PDF p.94)
CH32V006,,DMA1,5,,TIM2,TIM2_CH1,,TIM2_CH1,,#,confirmed,rm:zh(CH32V00XRM.PDF p.79)+rm:en(CH32V00XRM.PDF p.94)
CH32V006,,DMA1,5,,TIM3,TIM3_CH4,,TIM3_CH4,（1）,#,confirmed,rm:zh(CH32V00XRM.PDF p.79)+rm:en(CH32V00XRM.PDF p.94)
CH32V006,,DMA1,5,,USART1,USART1_RX,,USART1_RX,,#,confirmed,rm:zh(CH32V00XRM.PDF p.79)+rm:en(CH32V00XRM.PDF p.94)
CH32V006,,DMA1,6,,I2C1,I2C1_TX,,I2C1_TX,,#,confirmed,rm:zh(CH32V00XRM.PDF p.79)+rm:en(CH32V00XRM.PDF p.94)
CH32V006,,DMA1,6,,TIM1,TIM1_CH3,,TIM1_CH3,,#,confirmed,rm:zh(CH32V00XRM.PDF p.79)+rm:en(CH32V00XRM.PDF p.94)
CH32V006,,DMA1,6,,TIM3,TIM3_CH4,,TIM3_CH4,（1）,#,confirmed,rm:zh(CH32V00XRM.PDF p.79)+rm:en(CH32V00XRM.PDF p.94)
CH32V006,,DMA1,6,,USART2,USART2_TX,,USART2_TX,,#,confirmed,rm:zh(CH32V00XRM.PDF p.79)+rm:en(CH32V00XRM.PDF p.94)
CH32V006,,DMA1,7,,I2C1,I2C1_RX,,I2C1_RX,,#,confirmed,rm:zh(CH32V00XRM.PDF p.79)+rm:en(CH32V00XRM.PDF p.94)
CH32V006,,DMA1,7,,TIM2,TIM2_CH2,,TIM2_CH2,,#,confirmed,rm:zh(CH32V00XRM.PDF p.79)+rm:en(CH32V00XRM.PDF p.94)
CH32V006,,DMA1,7,,TIM2,TIM2_CH4,,TIM2_CH4,,#,confirmed,rm:zh(CH32V00XRM.PDF p.79)+rm:en(CH32V00XRM.PDF p.94)
CH32V006,,DMA1,7,,USART2,USART2_RX,,USART2_RX,,#,confirmed,rm:zh(CH32V00XRM.PDF p.79)+rm:en(CH32V00XRM.PDF p.94)
CH32V103,,DMA1,1,,ADC1,ADC,,ADC,,#,confirmed,rm:zh(CH32xRM.PDF p.89)+rm:en(CH32xRM.PDF p.104)
CH32V103,,DMA1,1,,TIM2,TIM2_CH3,,TIM2_CH3,,#,confirmed,rm:zh(CH32xRM.PDF p.89)+rm:en(CH32xRM.PDF p.104)
CH32V103,,DMA1,1,,TIM4,TIM4_CH1,,TIM4_CH1,,#,confirmed,rm:zh(CH32xRM.PDF p.90)+rm:en(CH32xRM.PDF p.105)
CH32V103,,DMA1,2,,SPI1,SPI1_RX,,SPI1_RX,,#,confirmed,rm:zh(CH32xRM.PDF p.89)+rm:en(CH32xRM.PDF p.104)
CH32V103,,DMA1,2,,TIM1,TIM1_CH1,,TIM1_CH1,,#,confirmed,rm:zh(CH32xRM.PDF p.89)+rm:en(CH32xRM.PDF p.104)
CH32V103,,DMA1,2,,TIM2,TIM2_UP,,TIM2_UP,,#,confirmed,rm:zh(CH32xRM.PDF p.89)+rm:en(CH32xRM.PDF p.104)
CH32V103,,DMA1,2,,TIM3,TIM3_CH3,,TIM3_CH3,,#,confirmed,rm:zh(CH32xRM.PDF p.89)+rm:en(CH32xRM.PDF p.104)
CH32V103,,DMA1,2,,USART3,USART3_TX,,USART3_TX,,#,confirmed,rm:zh(CH32xRM.PDF p.89)+rm:en(CH32xRM.PDF p.104)
CH32V103,,DMA1,3,,DAC,DAC_CH1,,DAC_CH1,,#,confirmed,rm:zh(CH32xRM.PDF p.89)+rm:en(CH32xRM.PDF p.104)
CH32V103,,DMA1,3,,SPI1,SPI1_TX,,SPI1_TX,,#,confirmed,rm:zh(CH32xRM.PDF p.89)+rm:en(CH32xRM.PDF p.104)
CH32V103,,DMA1,3,,TIM1,TIM1_CH2,,TIM1_CH2,,#,confirmed,rm:zh(CH32xRM.PDF p.89)+rm:en(CH32xRM.PDF p.104)
CH32V103,,DMA1,3,,TIM3,TIM3_CH4,,TIM3_CH4,,#,confirmed,rm:zh(CH32xRM.PDF p.89)+rm:en(CH32xRM.PDF p.104)
CH32V103,,DMA1,3,,TIM3,TIM3_UP,,TIM3_UP,,#,confirmed,rm:zh(CH32xRM.PDF p.89)+rm:en(CH32xRM.PDF p.104)
CH32V103,,DMA1,3,,USART3,USART3_RX,,USART3_RX,,#,confirmed,rm:zh(CH32xRM.PDF p.89)+rm:en(CH32xRM.PDF p.104)
CH32V103,,DMA1,4,,DAC,DAC_CH2,,DAC_CH2,,#,confirmed,rm:zh(CH32xRM.PDF p.89)+rm:en(CH32xRM.PDF p.104)
CH32V103,,DMA1,4,,I2C2,I2C2_TX,,I2C2_TX,,#,confirmed,rm:zh(CH32xRM.PDF p.90)+rm:en(CH32xRM.PDF p.105)
CH32V103,,DMA1,4,,SPI2,SPI2_RX,,SPI2_RX,,#,confirmed,rm:zh(CH32xRM.PDF p.89)+rm:en(CH32xRM.PDF p.104)
CH32V103,,DMA1,4,,TIM1,TIM1_CH4,,TIM1_CH4,,#,confirmed,rm:zh(CH32xRM.PDF p.89)+rm:en(CH32xRM.PDF p.104)
CH32V103,,DMA1,4,,TIM1,TIM1_COM,,TIM1_COM,,#,confirmed,rm:zh(CH32xRM.PDF p.89)+rm:en(CH32xRM.PDF p.104)
CH32V103,,DMA1,4,,TIM1,TIM1_TRIG,,TIM1_TRIG,,#,confirmed,rm:zh(CH32xRM.PDF p.89)+rm:en(CH32xRM.PDF p.104)
CH32V103,,DMA1,4,,TIM4,TIM4_CH2,,TIM4_CH2,,#,confirmed,rm:zh(CH32xRM.PDF p.90)+rm:en(CH32xRM.PDF p.105)
CH32V103,,DMA1,4,,USART1,USART1_TX,,USART1_TX,,#,confirmed,rm:zh(CH32xRM.PDF p.89)+rm:en(CH32xRM.PDF p.104)
CH32V103,,DMA1,5,,I2C2,I2C2_RX,,I2C2_RX,,#,confirmed,rm:zh(CH32xRM.PDF p.90)+rm:en(CH32xRM.PDF p.105)
CH32V103,,DMA1,5,,SPI2,SPI2_TX,,SPI2_TX,,#,confirmed,rm:zh(CH32xRM.PDF p.89)+rm:en(CH32xRM.PDF p.104)
CH32V103,,DMA1,5,,TIM1,TIM1_UP,,TIM1_UP,,#,confirmed,rm:zh(CH32xRM.PDF p.89)+rm:en(CH32xRM.PDF p.104)
CH32V103,,DMA1,5,,TIM2,TIM2_CH1,,TIM2_CH1,,#,confirmed,rm:zh(CH32xRM.PDF p.89)+rm:en(CH32xRM.PDF p.104)
CH32V103,,DMA1,5,,TIM4,TIM4_CH3,,TIM4_CH3,,#,confirmed,rm:zh(CH32xRM.PDF p.90)+rm:en(CH32xRM.PDF p.105)
CH32V103,,DMA1,5,,USART1,USART1_RX,,USART1_RX,,#,confirmed,rm:zh(CH32xRM.PDF p.89)+rm:en(CH32xRM.PDF p.104)
CH32V103,,DMA1,6,,I2C1,I2C1_TX,,I2C1_TX,,#,confirmed,rm:zh(CH32xRM.PDF p.90)+rm:en(CH32xRM.PDF p.105)
CH32V103,,DMA1,6,,TIM1,TIM1_CH3,,TIM1_CH3,,#,confirmed,rm:zh(CH32xRM.PDF p.89)+rm:en(CH32xRM.PDF p.104)
CH32V103,,DMA1,6,,TIM3,TIM3_CH1,,TIM3_CH1,,#,confirmed,rm:zh(CH32xRM.PDF p.89)+rm:en(CH32xRM.PDF p.104)
CH32V103,,DMA1,6,,TIM3,TIM3_TRIG,,TIM3_TRIG,,#,confirmed,rm:zh(CH32xRM.PDF p.89)+rm:en(CH32xRM.PDF p.104)
CH32V103,,DMA1,6,,USART2,USART2_RX,,USART2_RX,,#,confirmed,rm:zh(CH32xRM.PDF p.89)+rm:en(CH32xRM.PDF p.104)
CH32V103,,DMA1,7,,I2C1,I2C1_RX,,I2C1_RX,,#,confirmed,rm:zh(CH32xRM.PDF p.90)+rm:en(CH32xRM.PDF p.105)
CH32V103,,DMA1,7,,TIM2,TIM2_CH2,,TIM2_CH2,,#,confirmed,rm:zh(CH32xRM.PDF p.89)+rm:en(CH32xRM.PDF p.104)
CH32V103,,DMA1,7,,TIM2,TIM2_CH4,,TIM2_CH4,,#,confirmed,rm:zh(CH32xRM.PDF p.89)+rm:en(CH32xRM.PDF p.104)
CH32V103,,DMA1,7,,TIM4,TIM4_UP,,TIM4_UP,,#,confirmed,rm:zh(CH32xRM.PDF p.90)+rm:en(CH32xRM.PDF p.105)
CH32V103,,DMA1,7,,USART2,USART2_TX,,USART2_TX,,#,confirmed,rm:zh(CH32xRM.PDF p.89)+rm:en(CH32xRM.PDF p.104)
CH32V205,,DMA1,1,,ADC1,ADC,selectable,ADC*,,#,confirmed,rm:zh(CH32V205RM.PDF p.99)+rm:en(CH32V205RM.PDF p.115)
CH32V205,,DMA1,1,,TIM2,TIM2_CH3,,TIM2_CH3,,#,confirmed,rm:zh(CH32V205RM.PDF p.100)+rm:en(CH32V205RM.PDF p.116)
CH32V205,,DMA1,1,,TIM4,TIM4_CH1,selectable,TIM4_CH1*,,#,confirmed,rm:zh(CH32V205RM.PDF p.100)+rm:en(CH32V205RM.PDF p.116)
CH32V205,,DMA1,1,,USART4,USART4_TX,,USART4_TX,,#,confirmed,rm:zh(CH32V205RM.PDF p.99)+rm:en(CH32V205RM.PDF p.116)
CH32V205,,DMA1,2,,SPI1,SPI1_RX,selectable,SPI1_RX*,,#,confirmed,rm:zh(CH32V205RM.PDF p.99)+rm:en(CH32V205RM.PDF p.115)
CH32V205,,DMA1,2,,TIM1,TIM1_CH1,,TIM1_CH1,,#,confirmed,rm:zh(CH32V205RM.PDF p.99)+rm:en(CH32V205RM.PDF p.116)
CH32V205,,DMA1,2,,TIM2,TIM2_UP,selectable,TIM2_UP*,,#,confirmed,rm:zh(CH32V205RM.PDF p.100)+rm:en(CH32V205RM.PDF p.116)
CH32V205,,DMA1,2,,TIM3,TIM3_CH3,selectable,TIM3_CH3*,,#,confirmed,rm:zh(CH32V205RM.PDF p.100)+rm:en(CH32V205RM.PDF p.116)
CH32V205,,DMA1,2,,USART3,USART3_TX,,USART3_TX,,#,confirmed,rm:zh(CH32V205RM.PDF p.99)+rm:en(CH32V205RM.PDF p.115)
CH32V205,,DMA1,3,,SPI1,SPI1_TX,selectable,SPI1_TX*,,#,confirmed,rm:zh(CH32V205RM.PDF p.99)+rm:en(CH32V205RM.PDF p.115)
CH32V205,,DMA1,3,,TIM1,TIM1_CH2,,TIM1_CH2,,#,confirmed,rm:zh(CH32V205RM.PDF p.99)+rm:en(CH32V205RM.PDF p.116)
CH32V205,,DMA1,3,,TIM3,TIM3_CH4,selectable,TIM3_CH4*,,#,confirmed,rm:zh(CH32V205RM.PDF p.100)+rm:en(CH32V205RM.PDF p.116)
CH32V205,,DMA1,3,,TIM3,TIM3_UP,,TIM3_UP,,#,confirmed,rm:zh(CH32V205RM.PDF p.100)+rm:en(CH32V205RM.PDF p.116)
CH32V205,,DMA1,3,,USART3,USART3_RX,,USART3_RX,,#,confirmed,rm:zh(CH32V205RM.PDF p.99)+rm:en(CH32V205RM.PDF p.115)
CH32V205,,DMA1,4,,I2C2,I2C2_TX,,I2C2_TX,,#,confirmed,rm:zh(CH32V205RM.PDF p.99)+rm:en(CH32V205RM.PDF p.116)
CH32V205,,DMA1,4,,SPI2,SPI2_RX,selectable,SPI2_RX*,,#,confirmed,rm:zh(CH32V205RM.PDF p.99)+rm:en(CH32V205RM.PDF p.115)
CH32V205,,DMA1,4,,TIM1,TIM1_CH4,,TIM1_CH4,,#,confirmed,rm:zh(CH32V205RM.PDF p.99)+rm:en(CH32V205RM.PDF p.116)
CH32V205,,DMA1,4,,TIM1,TIM1_COM,,TIM1_COM,,#,confirmed,rm:zh(CH32V205RM.PDF p.100)+rm:en(CH32V205RM.PDF p.116)
CH32V205,,DMA1,4,,TIM1,TIM1_TRIG,,TIM1_TRIG,,#,confirmed,rm:zh(CH32V205RM.PDF p.99)+rm:en(CH32V205RM.PDF p.116)
CH32V205,,DMA1,4,,USART1,USART1_TX,,USART1_TX,,#,confirmed,rm:zh(CH32V205RM.PDF p.99)+rm:en(CH32V205RM.PDF p.115)
CH32V205,,DMA1,5,,I2C2,I2C2_RX,,I2C2_RX,,#,confirmed,rm:zh(CH32V205RM.PDF p.99)+rm:en(CH32V205RM.PDF p.116)
CH32V205,,DMA1,5,,SPI2,SPI2_TX,selectable,SPI2_TX*,,#,confirmed,rm:zh(CH32V205RM.PDF p.99)+rm:en(CH32V205RM.PDF p.115)
CH32V205,,DMA1,5,,TIM1,TIM1_UP,selectable,TIM1_UP*,,#,confirmed,rm:zh(CH32V205RM.PDF p.99)+rm:en(CH32V205RM.PDF p.116)
CH32V205,,DMA1,5,,TIM2,TIM2_CH1,,TIM2_CH1,,#,confirmed,rm:zh(CH32V205RM.PDF p.100)+rm:en(CH32V205RM.PDF p.116)
CH32V205,,DMA1,5,,TIM4,TIM4_CH3,selectable,TIM4_CH3*,,#,confirmed,rm:zh(CH32V205RM.PDF p.100)+rm:en(CH32V205RM.PDF p.116)
CH32V205,,DMA1,5,,USART1,USART1_RX,,USART1_RX,,#,confirmed,rm:zh(CH32V205RM.PDF p.99)+rm:en(CH32V205RM.PDF p.115)
CH32V205,,DMA1,6,,I2C1,I2C1_TX,,I2C1_TX,,#,confirmed,rm:zh(CH32V205RM.PDF p.99)+rm:en(CH32V205RM.PDF p.116)
CH32V205,,DMA1,6,,TIM1,TIM1_CH3,,TIM1_CH3,,#,confirmed,rm:zh(CH32V205RM.PDF p.99)+rm:en(CH32V205RM.PDF p.116)
CH32V205,,DMA1,6,,TIM3,TIM3_CH1,selectable,TIM3_CH1*,,#,confirmed,rm:zh(CH32V205RM.PDF p.100)+rm:en(CH32V205RM.PDF p.116)
CH32V205,,DMA1,6,,TIM3,TIM3_TRIG,,TIM3_TRIG,,#,confirmed,rm:zh(CH32V205RM.PDF p.100)+rm:en(CH32V205RM.PDF p.116)
CH32V205,,DMA1,6,,USART2,USART2_RX,,USART2_RX,,#,confirmed,rm:zh(CH32V205RM.PDF p.99)+rm:en(CH32V205RM.PDF p.115)
CH32V205,,DMA1,7,,I2C1,I2C1_RX,,I2C1_RX,,#,confirmed,rm:zh(CH32V205RM.PDF p.99)+rm:en(CH32V205RM.PDF p.116)
CH32V205,,DMA1,7,,TIM2,TIM2_CH2,,TIM2_CH2,,#,confirmed,rm:zh(CH32V205RM.PDF p.100)+rm:en(CH32V205RM.PDF p.116)
CH32V205,,DMA1,7,,TIM2,TIM2_CH4,selectable,TIM2_CH4*,,#,confirmed,rm:zh(CH32V205RM.PDF p.100)+rm:en(CH32V205RM.PDF p.116)
CH32V205,,DMA1,7,,TIM4,TIM4_UP,selectable,TIM4_UP*,,#,confirmed,rm:zh(CH32V205RM.PDF p.100)+rm:en(CH32V205RM.PDF p.116)
CH32V205,,DMA1,7,,USART2,USART2_TX,,USART2_TX,,#,confirmed,rm:zh(CH32V205RM.PDF p.99)+rm:en(CH32V205RM.PDF p.115)
CH32V205,,DMA1,8,,TIM2,TIM2_CH4,selectable,TIM2_CH4*,,#,confirmed,rm:zh(CH32V205RM.PDF p.100)+rm:en(CH32V205RM.PDF p.116)
CH32V205,,DMA1,8,,USART4,USART4_RX,,USART4_RX,,#,confirmed,rm:zh(CH32V205RM.PDF p.99)+rm:en(CH32V205RM.PDF p.116)
CH32V205,,DMA2,1,,QSPI1,QSPI1,,QSPI1,,#,confirmed,rm:zh(CH32V205RM.PDF p.100)+rm:en(CH32V205RM.PDF p.116)
CH32V205,,DMA2,1,,TIM3,TIM3_CH3,selectable,TIM3_CH3*,,#,confirmed,rm:zh(CH32V205RM.PDF p.100)+rm:en(CH32V205RM.PDF p.116)
CH32V205,,DMA2,1,,USART7,USART7_RX,,USART7_RX,,#,confirmed,rm:zh(CH32V205RM.PDF p.100)+rm:en(CH32V205RM.PDF p.116)
CH32V205,,DMA2,2,,TIM3,TIM3_CH4,selectable,TIM3_CH4*,,#,confirmed,rm:zh(CH32V205RM.PDF p.100)+rm:en(CH32V205RM.PDF p.116)
CH32V205,,DMA2,2,,USART5,USART5_RX,,USART5_RX,,#,confirmed,rm:zh(CH32V205RM.PDF p.100)+rm:en(CH32V205RM.PDF p.116)
CH32V205,,DMA2,3,,TIM3,TIM3_CH1,selectable,TIM3_CH1*,,#,confirmed,rm:zh(CH32V205RM.PDF p.100)+rm:en(CH32V205RM.PDF p.116)
CH32V205,,DMA2,3,,USART8,USART8_RX,,USART8_RX,,#,confirmed,rm:zh(CH32V205RM.PDF p.100)+rm:en(CH32V205RM.PDF p.116)
CH32V205,,DMA2,4,,SPI2,SPI2_RX,selectable,SPI2_RX*,,#,confirmed,rm:zh(CH32V205RM.PDF p.100)+rm:en(CH32V205RM.PDF p.116)
CH32V205,,DMA2,4,,TIM4,TIM4_CH1,selectable,TIM4_CH1*,,#,confirmed,rm:zh(CH32V205RM.PDF p.100)+rm:en(CH32V205RM.PDF p.116)
CH32V205,,DMA2,4,,USART5,USART5_TX,,USART5_TX,,#,confirmed,rm:zh(CH32V205RM.PDF p.100)+rm:en(CH32V205RM.PDF p.116)
CH32V205,,DMA2,5,,SPI2,SPI2_TX,selectable,SPI2_TX*,,#,confirmed,rm:zh(CH32V205RM.PDF p.100)+rm:en(CH32V205RM.PDF p.116)
CH32V205,,DMA2,5,,TIM4,TIM4_CH3,selectable,TIM4_CH3*,,#,confirmed,rm:zh(CH32V205RM.PDF p.100)+rm:en(CH32V205RM.PDF p.116)
CH32V205,,DMA2,5,,USART8,USART8_TX,,USART8_TX,,#,confirmed,rm:zh(CH32V205RM.PDF p.100)+rm:en(CH32V205RM.PDF p.116)
CH32V205,,DMA2,6,,SPI1,SPI1_RX,selectable,SPI1_RX*,,#,confirmed,rm:zh(CH32V205RM.PDF p.100)+rm:en(CH32V205RM.PDF p.116)
CH32V205,,DMA2,6,,TIM1,TIM1_UP,selectable,TIM1_UP*,,#,confirmed,rm:zh(CH32V205RM.PDF p.100)+rm:en(CH32V205RM.PDF p.116)
CH32V205,,DMA2,6,,TIM4,TIM4_CH2,,TIM4_CH2,,#,confirmed,rm:zh(CH32V205RM.PDF p.100)+rm:en(CH32V205RM.PDF p.116)
CH32V205,,DMA2,6,,USART6,USART6_TX,,USART6_TX,,#,confirmed,rm:zh(CH32V205RM.PDF p.100)+rm:en(CH32V205RM.PDF p.116)
CH32V205,,DMA2,7,,SPI1,SPI1_TX,selectable,SPI1_TX*,,#,confirmed,rm:zh(CH32V205RM.PDF p.100)+rm:en(CH32V205RM.PDF p.116)
CH32V205,,DMA2,7,,TIM2,TIM2_UP,selectable,TIM2_UP*,,#,confirmed,rm:zh(CH32V205RM.PDF p.100)+rm:en(CH32V205RM.PDF p.116)
CH32V205,,DMA2,7,,TIM4,TIM4_CH4,,TIM4_CH4,,#,confirmed,rm:zh(CH32V205RM.PDF p.100)+rm:en(CH32V205RM.PDF p.116)
CH32V205,,DMA2,7,,USART6,USART6_RX,,USART6_RX,,#,confirmed,rm:zh(CH32V205RM.PDF p.100)+rm:en(CH32V205RM.PDF p.116)
CH32V205,,DMA2,8,,ADC1,ADC,selectable,ADC*,,#,confirmed,rm:zh(CH32V205RM.PDF p.100)+rm:en(CH32V205RM.PDF p.116)
CH32V205,,DMA2,8,,TIM3,TIM3_CH2,,TIM3_CH2,,#,confirmed,rm:zh(CH32V205RM.PDF p.100)+rm:en(CH32V205RM.PDF p.116)
CH32V205,,DMA2,8,,TIM4,TIM4_UP,selectable,TIM4_UP*,,#,confirmed,rm:zh(CH32V205RM.PDF p.100)+rm:en(CH32V205RM.PDF p.116)
CH32V205,,DMA2,8,,USART7,USART7_TX,,USART7_TX,,#,confirmed,rm:zh(CH32V205RM.PDF p.100)+rm:en(CH32V205RM.PDF p.116)
CH32V20x,CH32V20x_D6,DMA1,1,,ADC1,ADC1,,ADC1,,#,confirmed,rm:zh(CH32FV2x_V3xRM.PDF p.152)+rm:en(CH32FV2x_V3xRM.PDF p.168)
CH32V20x,CH32V20x_D6,DMA1,1,,TIM2,TIM2_CH3,,TIM2_CH3,,#,confirmed,rm:zh(CH32FV2x_V3xRM.PDF p.152)+rm:en(CH32FV2x_V3xRM.PDF p.168)
CH32V20x,CH32V20x_D6,DMA1,1,,TIM4,TIM4_CH1,,TIM4_CH1,,#,confirmed,rm:zh(CH32FV2x_V3xRM.PDF p.152)+rm:en(CH32FV2x_V3xRM.PDF p.168)
CH32V20x,CH32V20x_D6,DMA1,1,,USART4,USART4_TX,,USART4_TX,,#,confirmed,rm:zh(CH32FV2x_V3xRM.PDF p.152)+rm:en(CH32FV2x_V3xRM.PDF p.168)
CH32V20x,CH32V20x_D6,DMA1,2,,SPI1,SPI1_RX,,SPI1_RX,,#,confirmed,rm:zh(CH32FV2x_V3xRM.PDF p.152)+rm:en(CH32FV2x_V3xRM.PDF p.168)
CH32V20x,CH32V20x_D6,DMA1,2,,TIM1,TIM1_CH1,,TIM1_CH1,,#,confirmed,rm:zh(CH32FV2x_V3xRM.PDF p.152)+rm:en(CH32FV2x_V3xRM.PDF p.168)
CH32V20x,CH32V20x_D6,DMA1,2,,TIM2,TIM2_UP,,TIM2_UP,,#,confirmed,rm:zh(CH32FV2x_V3xRM.PDF p.152)+rm:en(CH32FV2x_V3xRM.PDF p.168)
CH32V20x,CH32V20x_D6,DMA1,2,,TIM3,TIM3_CH3,,TIM3_CH3,,#,confirmed,rm:zh(CH32FV2x_V3xRM.PDF p.152)+rm:en(CH32FV2x_V3xRM.PDF p.168)
CH32V20x,CH32V20x_D6,DMA1,2,,USART3,USART3_TX,,USART3_TX,,#,confirmed,rm:zh(CH32FV2x_V3xRM.PDF p.152)+rm:en(CH32FV2x_V3xRM.PDF p.168)
CH32V20x,CH32V20x_D6,DMA1,3,,SPI1,SPI1_TX,,SPI1_TX,,#,confirmed,rm:zh(CH32FV2x_V3xRM.PDF p.152)+rm:en(CH32FV2x_V3xRM.PDF p.168)
CH32V20x,CH32V20x_D6,DMA1,3,,TIM1,TIM1_CH2,,TIM1_CH2,,#,confirmed,rm:zh(CH32FV2x_V3xRM.PDF p.152)+rm:en(CH32FV2x_V3xRM.PDF p.168)
CH32V20x,CH32V20x_D6,DMA1,3,,TIM3,TIM3_CH4,,TIM3_CH4,,#,confirmed,rm:zh(CH32FV2x_V3xRM.PDF p.152)+rm:en(CH32FV2x_V3xRM.PDF p.168)
CH32V20x,CH32V20x_D6,DMA1,3,,TIM3,TIM3_UP,,TIM3_UP,,#,confirmed,rm:zh(CH32FV2x_V3xRM.PDF p.152)+rm:en(CH32FV2x_V3xRM.PDF p.168)
CH32V20x,CH32V20x_D6,DMA1,3,,USART3,USART3_RX,,USART3_RX,,#,confirmed,rm:zh(CH32FV2x_V3xRM.PDF p.152)+rm:en(CH32FV2x_V3xRM.PDF p.168)
CH32V20x,CH32V20x_D6,DMA1,4,,I2C2,I2C2_TX,,I2C2_TX,,#,confirmed,rm:zh(CH32FV2x_V3xRM.PDF p.152)+rm:en(CH32FV2x_V3xRM.PDF p.168)
CH32V20x,CH32V20x_D6,DMA1,4,,SPI2,SPI2_RX,,SPI2_RX,,#,confirmed,rm:zh(CH32FV2x_V3xRM.PDF p.152)+rm:en(CH32FV2x_V3xRM.PDF p.168)
CH32V20x,CH32V20x_D6,DMA1,4,,TIM1,TIM1_CH4,,TIM1_CH4,,#,confirmed,rm:zh(CH32FV2x_V3xRM.PDF p.152)+rm:en(CH32FV2x_V3xRM.PDF p.168)
CH32V20x,CH32V20x_D6,DMA1,4,,TIM1,TIM1_COM,,TIM1_COM,,#,confirmed,rm:zh(CH32FV2x_V3xRM.PDF p.152)+rm:en(CH32FV2x_V3xRM.PDF p.168)
CH32V20x,CH32V20x_D6,DMA1,4,,TIM1,TIM1_TRIG,,TIM1_TRIG,,#,confirmed,rm:zh(CH32FV2x_V3xRM.PDF p.152)+rm:en(CH32FV2x_V3xRM.PDF p.168)
CH32V20x,CH32V20x_D6,DMA1,4,,TIM4,TIM4_CH2,,TIM4_CH2,,#,confirmed,rm:zh(CH32FV2x_V3xRM.PDF p.152)+rm:en(CH32FV2x_V3xRM.PDF p.168)
CH32V20x,CH32V20x_D6,DMA1,4,,USART1,USART1_TX,,USART1_TX,,#,confirmed,rm:zh(CH32FV2x_V3xRM.PDF p.152)+rm:en(CH32FV2x_V3xRM.PDF p.168)
CH32V20x,CH32V20x_D6,DMA1,5,,I2C2,I2C2_RX,,I2C2_RX,,#,confirmed,rm:zh(CH32FV2x_V3xRM.PDF p.152)+rm:en(CH32FV2x_V3xRM.PDF p.168)
CH32V20x,CH32V20x_D6,DMA1,5,,SPI2,SPI2_TX,,SPI2_TX,,#,confirmed,rm:zh(CH32FV2x_V3xRM.PDF p.152)+rm:en(CH32FV2x_V3xRM.PDF p.168)
CH32V20x,CH32V20x_D6,DMA1,5,,TIM1,TIM1_UP,,TIM1_UP,,#,confirmed,rm:zh(CH32FV2x_V3xRM.PDF p.152)+rm:en(CH32FV2x_V3xRM.PDF p.168)
CH32V20x,CH32V20x_D6,DMA1,5,,TIM2,TIM2_CH1,,TIM2_CH1,,#,confirmed,rm:zh(CH32FV2x_V3xRM.PDF p.152)+rm:en(CH32FV2x_V3xRM.PDF p.168)
CH32V20x,CH32V20x_D6,DMA1,5,,TIM4,TIM4_CH3,,TIM4_CH3,,#,confirmed,rm:zh(CH32FV2x_V3xRM.PDF p.152)+rm:en(CH32FV2x_V3xRM.PDF p.168)
CH32V20x,CH32V20x_D6,DMA1,5,,USART1,USART1_RX,,USART1_RX,,#,confirmed,rm:zh(CH32FV2x_V3xRM.PDF p.152)+rm:en(CH32FV2x_V3xRM.PDF p.168)
CH32V20x,CH32V20x_D6,DMA1,6,,I2C1,I2C1_TX,,I2C1_TX,,#,confirmed,rm:zh(CH32FV2x_V3xRM.PDF p.152)+rm:en(CH32FV2x_V3xRM.PDF p.168)
CH32V20x,CH32V20x_D6,DMA1,6,,TIM1,TIM1_CH3,,TIM1_CH3,,#,confirmed,rm:zh(CH32FV2x_V3xRM.PDF p.152)+rm:en(CH32FV2x_V3xRM.PDF p.168)
CH32V20x,CH32V20x_D6,DMA1,6,,TIM3,TIM3_CH1,,TIM3_CH1,,#,confirmed,rm:zh(CH32FV2x_V3xRM.PDF p.152)+rm:en(CH32FV2x_V3xRM.PDF p.168)
CH32V20x,CH32V20x_D6,DMA1,6,,TIM3,TIM3_TRIG,,TIM3_TRIG,,#,confirmed,rm:zh(CH32FV2x_V3xRM.PDF p.152)+rm:en(CH32FV2x_V3xRM.PDF p.168)
CH32V20x,CH32V20x_D6,DMA1,6,,USART2,USART2_RX,,USART2_RX,,#,confirmed,rm:zh(CH32FV2x_V3xRM.PDF p.152)+rm:en(CH32FV2x_V3xRM.PDF p.168)
CH32V20x,CH32V20x_D6,DMA1,7,,I2C1,I2C1_RX,,I2C1_RX,,#,confirmed,rm:zh(CH32FV2x_V3xRM.PDF p.152)+rm:en(CH32FV2x_V3xRM.PDF p.168)
CH32V20x,CH32V20x_D6,DMA1,7,,TIM2,TIM2_CH2,,TIM2_CH2,,#,confirmed,rm:zh(CH32FV2x_V3xRM.PDF p.152)+rm:en(CH32FV2x_V3xRM.PDF p.168)
CH32V20x,CH32V20x_D6,DMA1,7,,TIM2,TIM2_CH4,,TIM2_CH4,,#,confirmed,rm:zh(CH32FV2x_V3xRM.PDF p.152)+rm:en(CH32FV2x_V3xRM.PDF p.168)
CH32V20x,CH32V20x_D6,DMA1,7,,TIM4,TIM4_UP,,TIM4_UP,,#,confirmed,rm:zh(CH32FV2x_V3xRM.PDF p.152)+rm:en(CH32FV2x_V3xRM.PDF p.168)
CH32V20x,CH32V20x_D6,DMA1,7,,USART2,USART2_TX,,USART2_TX,,#,confirmed,rm:zh(CH32FV2x_V3xRM.PDF p.152)+rm:en(CH32FV2x_V3xRM.PDF p.168)
CH32V20x,CH32V20x_D6,DMA1,8,,USART4,USART4_RX,,USART4_RX,,#,confirmed,rm:zh(CH32FV2x_V3xRM.PDF p.152)+rm:en(CH32FV2x_V3xRM.PDF p.168)
CH32V20x,CH32V20x_D8W|CH32V20x_D8,DMA1,1,,ADC1,ADC1,,ADC1,,#,confirmed,rm:zh(CH32FV2x_V3xRM.PDF p.153)+rm:en(CH32FV2x_V3xRM.PDF p.169)
CH32V20x,CH32V20x_D8W|CH32V20x_D8,DMA1,1,,TIM2,TIM2_CH3,,TIM2_CH3,,#,confirmed,rm:zh(CH32FV2x_V3xRM.PDF p.154)+rm:en(CH32FV2x_V3xRM.PDF p.170)
CH32V20x,CH32V20x_D8W|CH32V20x_D8,DMA1,1,,TIM4,TIM4_CH1,,TIM4_CH1,,#,confirmed,rm:zh(CH32FV2x_V3xRM.PDF p.154)+rm:en(CH32FV2x_V3xRM.PDF p.170)
CH32V20x,CH32V20x_D8W|CH32V20x_D8,DMA1,1,,TIM5,TIM5_CH2,,TIM5_CH2,,#,confirmed,rm:zh(CH32FV2x_V3xRM.PDF p.154)+rm:en(CH32FV2x_V3xRM.PDF p.170)
CH32V20x,CH32V20x_D8W|CH32V20x_D8,DMA1,1,,USART4,USART4_TX,,USART4_TX,,#,confirmed,rm:zh(CH32FV2x_V3xRM.PDF p.153)+rm:en(CH32FV2x_V3xRM.PDF p.169)
CH32V20x,CH32V20x_D8W|CH32V20x_D8,DMA1,2,,SPI1,SPI1_RX,,SPI1_RX,,#,confirmed,rm:zh(CH32FV2x_V3xRM.PDF p.153)+rm:en(CH32FV2x_V3xRM.PDF p.169)
CH32V20x,CH32V20x_D8W|CH32V20x_D8,DMA1,2,,TIM1,TIM1_CH1,,TIM1_CH1,,#,confirmed,rm:zh(CH32FV2x_V3xRM.PDF p.153)+rm:en(CH32FV2x_V3xRM.PDF p.170)
CH32V20x,CH32V20x_D8W|CH32V20x_D8,DMA1,2,,TIM2,TIM2_UP,,TIM2_UP,,#,confirmed,rm:zh(CH32FV2x_V3xRM.PDF p.154)+rm:en(CH32FV2x_V3xRM.PDF p.170)
CH32V20x,CH32V20x_D8W|CH32V20x_D8,DMA1,2,,TIM3,TIM3_CH3,,TIM3_CH3,,#,confirmed,rm:zh(CH32FV2x_V3xRM.PDF p.154)+rm:en(CH32FV2x_V3xRM.PDF p.170)
CH32V20x,CH32V20x_D8W|CH32V20x_D8,DMA1,2,,USART3,USART3_TX,,USART3_TX,,#,confirmed,rm:zh(CH32FV2x_V3xRM.PDF p.153)+rm:en(CH32FV2x_V3xRM.PDF p.169)
CH32V20x,CH32V20x_D8W|CH32V20x_D8,DMA1,3,,SPI1,SPI1_TX,,SPI1_TX,,#,confirmed,rm:zh(CH32FV2x_V3xRM.PDF p.153)+rm:en(CH32FV2x_V3xRM.PDF p.169)
CH32V20x,CH32V20x_D8W|CH32V20x_D8,DMA1,3,,TIM1,TIM1_CH2,,TIM1_CH2,,#,confirmed,rm:zh(CH32FV2x_V3xRM.PDF p.153)+rm:en(CH32FV2x_V3xRM.PDF p.170)
CH32V20x,CH32V20x_D8W|CH32V20x_D8,DMA1,3,,TIM3,TIM3_CH4,,TIM3_CH4,,#,confirmed,rm:zh(CH32FV2x_V3xRM.PDF p.154)+rm:en(CH32FV2x_V3xRM.PDF p.170)
CH32V20x,CH32V20x_D8W|CH32V20x_D8,DMA1,3,,TIM3,TIM3_UP,,TIM3_UP,,#,confirmed,rm:zh(CH32FV2x_V3xRM.PDF p.154)+rm:en(CH32FV2x_V3xRM.PDF p.170)
CH32V20x,CH32V20x_D8W|CH32V20x_D8,DMA1,3,,TIM5,TIM5_CH3,,TIM5_CH3,,#,confirmed,rm:zh(CH32FV2x_V3xRM.PDF p.154)+rm:en(CH32FV2x_V3xRM.PDF p.170)
CH32V20x,CH32V20x_D8W|CH32V20x_D8,DMA1,3,,USART3,USART3_RX,,USART3_RX,,#,confirmed,rm:zh(CH32FV2x_V3xRM.PDF p.153)+rm:en(CH32FV2x_V3xRM.PDF p.169)
CH32V20x,CH32V20x_D8W|CH32V20x_D8,DMA1,4,,I2C2,I2C2_TX,,I2C2_TX,,#,confirmed,rm:zh(CH32FV2x_V3xRM.PDF p.153)+rm:en(CH32FV2x_V3xRM.PDF p.169)
CH32V20x,CH32V20x_D8W|CH32V20x_D8,DMA1,4,,SPI2,SPI2_RX,,SPI2_RX,,#,confirmed,rm:zh(CH32FV2x_V3xRM.PDF p.153)+rm:en(CH32FV2x_V3xRM.PDF p.169)
CH32V20x,CH32V20x_D8W|CH32V20x_D8,DMA1,4,,TIM1,TIM1_CH4,,TIM1_CH4,,#,confirmed,rm:zh(CH32FV2x_V3xRM.PDF p.153)+rm:en(CH32FV2x_V3xRM.PDF p.170)
CH32V20x,CH32V20x_D8W|CH32V20x_D8,DMA1,4,,TIM1,TIM1_COM,,TIM1_COM,,#,confirmed,rm:zh(CH32FV2x_V3xRM.PDF p.154)+rm:en(CH32FV2x_V3xRM.PDF p.170)
CH32V20x,CH32V20x_D8W|CH32V20x_D8,DMA1,4,,TIM1,TIM1_TRIG,,TIM1_TRIG,,#,confirmed,rm:zh(CH32FV2x_V3xRM.PDF p.154)+rm:en(CH32FV2x_V3xRM.PDF p.170)
CH32V20x,CH32V20x_D8W|CH32V20x_D8,DMA1,4,,TIM4,TIM4_CH2,,TIM4_CH2,,#,confirmed,rm:zh(CH32FV2x_V3xRM.PDF p.154)+rm:en(CH32FV2x_V3xRM.PDF p.170)
CH32V20x,CH32V20x_D8W|CH32V20x_D8,DMA1,4,,USART1,USART1_TX,,USART1_TX,,#,confirmed,rm:zh(CH32FV2x_V3xRM.PDF p.153)+rm:en(CH32FV2x_V3xRM.PDF p.169)
CH32V20x,CH32V20x_D8W|CH32V20x_D8,DMA1,5,,I2C2,I2C2_RX,,I2C2_RX,,#,confirmed,rm:zh(CH32FV2x_V3xRM.PDF p.153)+rm:en(CH32FV2x_V3xRM.PDF p.169)
CH32V20x,CH32V20x_D8W|CH32V20x_D8,DMA1,5,,SPI2,SPI2_TX,,SPI2_TX,,#,confirmed,rm:zh(CH32FV2x_V3xRM.PDF p.153)+rm:en(CH32FV2x_V3xRM.PDF p.169)
CH32V20x,CH32V20x_D8W|CH32V20x_D8,DMA1,5,,TIM1,TIM1_UP,,TIM1_UP,,#,confirmed,rm:zh(CH32FV2x_V3xRM.PDF p.153)+rm:en(CH32FV2x_V3xRM.PDF p.170)
CH32V20x,CH32V20x_D8W|CH32V20x_D8,DMA1,5,,TIM2,TIM2_CH1,,TIM2_CH1,,#,confirmed,rm:zh(CH32FV2x_V3xRM.PDF p.154)+rm:en(CH32FV2x_V3xRM.PDF p.170)
CH32V20x,CH32V20x_D8W|CH32V20x_D8,DMA1,5,,TIM4,TIM4_CH3,,TIM4_CH3,,#,confirmed,rm:zh(CH32FV2x_V3xRM.PDF p.154)+rm:en(CH32FV2x_V3xRM.PDF p.170)
CH32V20x,CH32V20x_D8W|CH32V20x_D8,DMA1,5,,USART1,USART1_RX,,USART1_RX,,#,confirmed,rm:zh(CH32FV2x_V3xRM.PDF p.153)+rm:en(CH32FV2x_V3xRM.PDF p.169)
CH32V20x,CH32V20x_D8W|CH32V20x_D8,DMA1,6,,I2C1,I2C1_TX,,I2C1_TX,,#,confirmed,rm:zh(CH32FV2x_V3xRM.PDF p.153)+rm:en(CH32FV2x_V3xRM.PDF p.169)
CH32V20x,CH32V20x_D8W|CH32V20x_D8,DMA1,6,,TIM1,TIM1_CH3,,TIM1_CH3,,#,confirmed,rm:zh(CH32FV2x_V3xRM.PDF p.153)+rm:en(CH32FV2x_V3xRM.PDF p.170)
CH32V20x,CH32V20x_D8W|CH32V20x_D8,DMA1,6,,TIM3,TIM3_CH1,,TIM3_CH1,,#,confirmed,rm:zh(CH32FV2x_V3xRM.PDF p.154)+rm:en(CH32FV2x_V3xRM.PDF p.170)
CH32V20x,CH32V20x_D8W|CH32V20x_D8,DMA1,6,,TIM3,TIM3_TRIG,,TIM3_TRIG,,#,confirmed,rm:zh(CH32FV2x_V3xRM.PDF p.154)+rm:en(CH32FV2x_V3xRM.PDF p.170)
CH32V20x,CH32V20x_D8W|CH32V20x_D8,DMA1,6,,TIM5,TIM5_CH4,,TIM5_CH4,,#,confirmed,rm:zh(CH32FV2x_V3xRM.PDF p.154)+rm:en(CH32FV2x_V3xRM.PDF p.170)
CH32V20x,CH32V20x_D8W|CH32V20x_D8,DMA1,6,,USART2,USART2_RX,,USART2_RX,,#,confirmed,rm:zh(CH32FV2x_V3xRM.PDF p.153)+rm:en(CH32FV2x_V3xRM.PDF p.169)
CH32V20x,CH32V20x_D8W|CH32V20x_D8,DMA1,7,,I2C1,I2C1_RX,,I2C1_RX,,#,confirmed,rm:zh(CH32FV2x_V3xRM.PDF p.153)+rm:en(CH32FV2x_V3xRM.PDF p.169)
CH32V20x,CH32V20x_D8W|CH32V20x_D8,DMA1,7,,TIM2,TIM2_CH2,,TIM2_CH2,,#,confirmed,rm:zh(CH32FV2x_V3xRM.PDF p.154)+rm:en(CH32FV2x_V3xRM.PDF p.170)
CH32V20x,CH32V20x_D8W|CH32V20x_D8,DMA1,7,,TIM2,TIM2_CH4,,TIM2_CH4,,#,confirmed,rm:zh(CH32FV2x_V3xRM.PDF p.154)+rm:en(CH32FV2x_V3xRM.PDF p.170)
CH32V20x,CH32V20x_D8W|CH32V20x_D8,DMA1,7,,TIM4,TIM4_UP,,TIM4_UP,,#,confirmed,rm:zh(CH32FV2x_V3xRM.PDF p.154)+rm:en(CH32FV2x_V3xRM.PDF p.170)
CH32V20x,CH32V20x_D8W|CH32V20x_D8,DMA1,7,,TIM5,TIM5_CH1,,TIM5_CH1,,#,confirmed,rm:zh(CH32FV2x_V3xRM.PDF p.154)+rm:en(CH32FV2x_V3xRM.PDF p.170)
CH32V20x,CH32V20x_D8W|CH32V20x_D8,DMA1,7,,TIM5,TIM5_TRIG,,TIM5_TRIG,,#,confirmed,rm:zh(CH32FV2x_V3xRM.PDF p.154)+rm:en(CH32FV2x_V3xRM.PDF p.170)
CH32V20x,CH32V20x_D8W|CH32V20x_D8,DMA1,7,,USART2,USART2_TX,,USART2_TX,,#,confirmed,rm:zh(CH32FV2x_V3xRM.PDF p.153)+rm:en(CH32FV2x_V3xRM.PDF p.169)
CH32V20x,CH32V20x_D8W|CH32V20x_D8,DMA1,8,,TIM5,TIM5_UP,,TIM5_UP,,#,confirmed,rm:zh(CH32FV2x_V3xRM.PDF p.154)+rm:en(CH32FV2x_V3xRM.PDF p.170)
CH32V20x,CH32V20x_D8W|CH32V20x_D8,DMA1,8,,USART4,USART4_RX,,USART4_RX,,#,confirmed,rm:zh(CH32FV2x_V3xRM.PDF p.153)+rm:en(CH32FV2x_V3xRM.PDF p.169)
CH32V307,CH32V30x_D8|CH32V30x_D8C,DMA1,1,,ADC1,ADC1,,ADC1,,#,confirmed,rm:zh(CH32FV2x_V3xRM.PDF p.150)+rm:en(CH32FV2x_V3xRM.PDF p.167)
CH32V307,CH32V30x_D8|CH32V30x_D8C,DMA1,1,,TIM2,TIM2_CH3,,TIM2_CH3,,#,confirmed,rm:zh(CH32FV2x_V3xRM.PDF p.151)+rm:en(CH32FV2x_V3xRM.PDF p.167)
CH32V307,CH32V30x_D8|CH32V30x_D8C,DMA1,1,,TIM4,TIM4_CH1,,TIM4_CH1,,#,confirmed,rm:zh(CH32FV2x_V3xRM.PDF p.151)+rm:en(CH32FV2x_V3xRM.PDF p.167)
CH32V307,CH32V30x_D8|CH32V30x_D8C,DMA1,2,,SPI1,SPI1_RX,,SPI1_RX,,#,confirmed,rm:zh(CH32FV2x_V3xRM.PDF p.151)+rm:en(CH32FV2x_V3xRM.PDF p.167)
CH32V307,CH32V30x_D8|CH32V30x_D8C,DMA1,2,,TIM1,TIM1_CH1,,TIM1_CH1,,#,confirmed,rm:zh(CH32FV2x_V3xRM.PDF p.151)+rm:en(CH32FV2x_V3xRM.PDF p.167)
CH32V307,CH32V30x_D8|CH32V30x_D8C,DMA1,2,,TIM2,TIM2_UP,,TIM2_UP,,#,confirmed,rm:zh(CH32FV2x_V3xRM.PDF p.151)+rm:en(CH32FV2x_V3xRM.PDF p.167)
CH32V307,CH32V30x_D8|CH32V30x_D8C,DMA1,2,,TIM3,TIM3_CH3,,TIM3_CH3,,#,confirmed,rm:zh(CH32FV2x_V3xRM.PDF p.151)+rm:en(CH32FV2x_V3xRM.PDF p.167)
CH32V307,CH32V30x_D8|CH32V30x_D8C,DMA1,2,,USART3,USART3_TX,,USART3_TX,,#,confirmed,rm:zh(CH32FV2x_V3xRM.PDF p.151)+rm:en(CH32FV2x_V3xRM.PDF p.167)
CH32V307,CH32V30x_D8|CH32V30x_D8C,DMA1,3,,SPI1,SPI1_TX,,SPI1_TX,,#,confirmed,rm:zh(CH32FV2x_V3xRM.PDF p.151)+rm:en(CH32FV2x_V3xRM.PDF p.167)
CH32V307,CH32V30x_D8|CH32V30x_D8C,DMA1,3,,TIM1,TIM1_CH2,,TIM1_CH2,,#,confirmed,rm:zh(CH32FV2x_V3xRM.PDF p.151)+rm:en(CH32FV2x_V3xRM.PDF p.167)
CH32V307,CH32V30x_D8|CH32V30x_D8C,DMA1,3,,TIM3,TIM3_CH4,,TIM3_CH4,,#,confirmed,rm:zh(CH32FV2x_V3xRM.PDF p.151)+rm:en(CH32FV2x_V3xRM.PDF p.167)
CH32V307,CH32V30x_D8|CH32V30x_D8C,DMA1,3,,TIM3,TIM3_UP,,TIM3_UP,,#,confirmed,rm:zh(CH32FV2x_V3xRM.PDF p.151)+rm:en(CH32FV2x_V3xRM.PDF p.167)
CH32V307,CH32V30x_D8|CH32V30x_D8C,DMA1,3,,USART3,USART3_RX,,USART3_RX,,#,confirmed,rm:zh(CH32FV2x_V3xRM.PDF p.151)+rm:en(CH32FV2x_V3xRM.PDF p.167)
CH32V307,CH32V30x_D8|CH32V30x_D8C,DMA1,4,,I2C2,I2C2_TX,,I2C2_TX,,#,confirmed,rm:zh(CH32FV2x_V3xRM.PDF p.151)+rm:en(CH32FV2x_V3xRM.PDF p.167)
CH32V307,CH32V30x_D8|CH32V30x_D8C,DMA1,4,,SPI2,SPI/I2S2_RX,,SPI/I2S2_RX,,#,confirmed,rm:zh(CH32FV2x_V3xRM.PDF p.151)+rm:en(CH32FV2x_V3xRM.PDF p.167)
CH32V307,CH32V30x_D8|CH32V30x_D8C,DMA1,4,,TIM1,TIM1_CH4,,TIM1_CH4,,#,confirmed,rm:zh(CH32FV2x_V3xRM.PDF p.151)+rm:en(CH32FV2x_V3xRM.PDF p.167)
CH32V307,CH32V30x_D8|CH32V30x_D8C,DMA1,4,,TIM1,TIM1_COM,,TIM1_COM,,#,confirmed,rm:zh(CH32FV2x_V3xRM.PDF p.151)+rm:en(CH32FV2x_V3xRM.PDF p.167)
CH32V307,CH32V30x_D8|CH32V30x_D8C,DMA1,4,,TIM1,TIM1_TRIG,,TIM1_TRIG,,#,confirmed,rm:zh(CH32FV2x_V3xRM.PDF p.151)+rm:en(CH32FV2x_V3xRM.PDF p.167)
CH32V307,CH32V30x_D8|CH32V30x_D8C,DMA1,4,,TIM4,TIM4_CH2,,TIM4_CH2,,#,confirmed,rm:zh(CH32FV2x_V3xRM.PDF p.151)+rm:en(CH32FV2x_V3xRM.PDF p.167)
CH32V307,CH32V30x_D8|CH32V30x_D8C,DMA1,4,,USART1,USART1_TX,,USART1_TX,,#,confirmed,rm:zh(CH32FV2x_V3xRM.PDF p.151)+rm:en(CH32FV2x_V3xRM.PDF p.167)
CH32V307,CH32V30x_D8|CH32V30x_D8C,DMA1,5,,I2C2,I2C2_RX,,I2C2_RX,,#,confirmed,rm:zh(CH32FV2x_V3xRM.PDF p.151)+rm:en(CH32FV2x_V3xRM.PDF p.167)
CH32V307,CH32V30x_D8|CH32V30x_D8C,DMA1,5,,SPI2,SPI/I2S2_TX,,SPI/I2S2_TX,,#,confirmed,rm:zh(CH32FV2x_V3xRM.PDF p.151)+rm:en(CH32FV2x_V3xRM.PDF p.167)
CH32V307,CH32V30x_D8|CH32V30x_D8C,DMA1,5,,TIM1,TIM1_UP,,TIM1_UP,,#,confirmed,rm:zh(CH32FV2x_V3xRM.PDF p.151)+rm:en(CH32FV2x_V3xRM.PDF p.167)
CH32V307,CH32V30x_D8|CH32V30x_D8C,DMA1,5,,TIM2,TIM2_CH1,,TIM2_CH1,,#,confirmed,rm:zh(CH32FV2x_V3xRM.PDF p.151)+rm:en(CH32FV2x_V3xRM.PDF p.167)
CH32V307,CH32V30x_D8|CH32V30x_D8C,DMA1,5,,TIM4,TIM4_CH3,,TIM4_CH3,,#,confirmed,rm:zh(CH32FV2x_V3xRM.PDF p.151)+rm:en(CH32FV2x_V3xRM.PDF p.167)
CH32V307,CH32V30x_D8|CH32V30x_D8C,DMA1,5,,USART1,USART1_RX,,USART1_RX,,#,confirmed,rm:zh(CH32FV2x_V3xRM.PDF p.151)+rm:en(CH32FV2x_V3xRM.PDF p.167)
CH32V307,CH32V30x_D8|CH32V30x_D8C,DMA1,6,,I2C1,I2C1_TX,,I2C1_TX,,#,confirmed,rm:zh(CH32FV2x_V3xRM.PDF p.151)+rm:en(CH32FV2x_V3xRM.PDF p.167)
CH32V307,CH32V30x_D8|CH32V30x_D8C,DMA1,6,,TIM1,TIM1_CH3,,TIM1_CH3,,#,confirmed,rm:zh(CH32FV2x_V3xRM.PDF p.151)+rm:en(CH32FV2x_V3xRM.PDF p.167)
CH32V307,CH32V30x_D8|CH32V30x_D8C,DMA1,6,,TIM3,TIM3_CH1,,TIM3_CH1,,#,confirmed,rm:zh(CH32FV2x_V3xRM.PDF p.151)+rm:en(CH32FV2x_V3xRM.PDF p.167)
CH32V307,CH32V30x_D8|CH32V30x_D8C,DMA1,6,,TIM3,TIM3_TRIG,,TIM3_TRIG,,#,confirmed,rm:zh(CH32FV2x_V3xRM.PDF p.151)+rm:en(CH32FV2x_V3xRM.PDF p.167)
CH32V307,CH32V30x_D8|CH32V30x_D8C,DMA1,6,,USART2,USART2_RX,,USART2_RX,,#,confirmed,rm:zh(CH32FV2x_V3xRM.PDF p.151)+rm:en(CH32FV2x_V3xRM.PDF p.167)
CH32V307,CH32V30x_D8|CH32V30x_D8C,DMA1,7,,I2C1,I2C1_RX,,I2C1_RX,,#,confirmed,rm:zh(CH32FV2x_V3xRM.PDF p.151)+rm:en(CH32FV2x_V3xRM.PDF p.167)
CH32V307,CH32V30x_D8|CH32V30x_D8C,DMA1,7,,TIM2,TIM2_CH2,,TIM2_CH2,,#,confirmed,rm:zh(CH32FV2x_V3xRM.PDF p.151)+rm:en(CH32FV2x_V3xRM.PDF p.167)
CH32V307,CH32V30x_D8|CH32V30x_D8C,DMA1,7,,TIM2,TIM2_CH4,,TIM2_CH4,,#,confirmed,rm:zh(CH32FV2x_V3xRM.PDF p.151)+rm:en(CH32FV2x_V3xRM.PDF p.167)
CH32V307,CH32V30x_D8|CH32V30x_D8C,DMA1,7,,TIM4,TIM4_UP,,TIM4_UP,,#,confirmed,rm:zh(CH32FV2x_V3xRM.PDF p.151)+rm:en(CH32FV2x_V3xRM.PDF p.167)
CH32V307,CH32V30x_D8|CH32V30x_D8C,DMA1,7,,USART2,USART2_TX,,USART2_TX,,#,confirmed,rm:zh(CH32FV2x_V3xRM.PDF p.151)+rm:en(CH32FV2x_V3xRM.PDF p.167)
CH32V307,CH32V30x_D8|CH32V30x_D8C,DMA2,1,,SPI3,SPI/I2S3_RX,,SPI/I2S3_RX,,#,confirmed,rm:zh(CH32FV2x_V3xRM.PDF p.151)+rm:en(CH32FV2x_V3xRM.PDF p.167)
CH32V307,CH32V30x_D8|CH32V30x_D8C,DMA2,1,,TIM5,TIM5_CH4,,TIM5_CH4,,#,confirmed,rm:zh(CH32FV2x_V3xRM.PDF p.151)+rm:en(CH32FV2x_V3xRM.PDF p.167)
CH32V307,CH32V30x_D8|CH32V30x_D8C,DMA2,1,,TIM5,TIM5_TRIG,,TIM5_TRIG,,#,confirmed,rm:zh(CH32FV2x_V3xRM.PDF p.151)+rm:en(CH32FV2x_V3xRM.PDF p.167)
CH32V307,CH32V30x_D8|CH32V30x_D8C,DMA2,1,,TIM8,TIM8_CH3,,TIM8_CH3,,#,confirmed,rm:zh(CH32FV2x_V3xRM.PDF p.151)+rm:en(CH32FV2x_V3xRM.PDF p.167)
CH32V307,CH32V30x_D8|CH32V30x_D8C,DMA2,1,,TIM8,TIM8_UP,,TIM8_UP,,#,confirmed,rm:zh(CH32FV2x_V3xRM.PDF p.151)+rm:en(CH32FV2x_V3xRM.PDF p.167)
CH32V307,CH32V30x_D8|CH32V30x_D8C,DMA2,2,,SPI3,SPI/I2S3_TX,,SPI/I2S3_TX,,#,confirmed,rm:zh(CH32FV2x_V3xRM.PDF p.151)+rm:en(CH32FV2x_V3xRM.PDF p.167)
CH32V307,CH32V30x_D8|CH32V30x_D8C,DMA2,2,,TIM5,TIM5_CH3,,TIM5_CH3,,#,confirmed,rm:zh(CH32FV2x_V3xRM.PDF p.151)+rm:en(CH32FV2x_V3xRM.PDF p.167)
CH32V307,CH32V30x_D8|CH32V30x_D8C,DMA2,2,,TIM5,TIM5_UP,,TIM5_UP,,#,confirmed,rm:zh(CH32FV2x_V3xRM.PDF p.151)+rm:en(CH32FV2x_V3xRM.PDF p.167)
CH32V307,CH32V30x_D8|CH32V30x_D8C,DMA2,2,,TIM8,TIM8_CH4,,TIM8_CH4,,#,confirmed,rm:zh(CH32FV2x_V3xRM.PDF p.151)+rm:en(CH32FV2x_V3xRM.PDF p.167)
CH32V307,CH32V30x_D8|CH32V30x_D8C,DMA2,2,,TIM8,TIM8_COM,,TIM8_COM,,#,confirmed,rm:zh(CH32FV2x_V3xRM.PDF p.151)+rm:en(CH32FV2x_V3xRM.PDF p.167)
CH32V307,CH32V30x_D8|CH32V30x_D8C,DMA2,2,,TIM8,TIM8_TRIG,,TIM8_TRIG,,#,confirmed,rm:zh(CH32FV2x_V3xRM.PDF p.151)+rm:en(CH32FV2x_V3xRM.PDF p.167)
CH32V307,CH32V30x_D8|CH32V30x_D8C,DMA2,2,,USART5,USART5_RX,,USART5_RX,,#,confirmed,rm:zh(CH32FV2x_V3xRM.PDF p.151)+rm:en(CH32FV2x_V3xRM.PDF p.167)
CH32V307,CH32V30x_D8|CH32V30x_D8C,DMA2,3,,DAC1,DAC1,,DAC1,,#,confirmed,rm:zh(CH32FV2x_V3xRM.PDF p.151)+rm:en(CH32FV2x_V3xRM.PDF p.167)
CH32V307,CH32V30x_D8|CH32V30x_D8C,DMA2,3,,TIM6,TIM6_UP,,TIM6_UP,,#,confirmed,rm:zh(CH32FV2x_V3xRM.PDF p.151)+rm:en(CH32FV2x_V3xRM.PDF p.167)
CH32V307,CH32V30x_D8|CH32V30x_D8C,DMA2,3,,TIM8,TIM8_CH1,,TIM8_CH1,,#,confirmed,rm:zh(CH32FV2x_V3xRM.PDF p.151)+rm:en(CH32FV2x_V3xRM.PDF p.167)
CH32V307,CH32V30x_D8|CH32V30x_D8C,DMA2,3,,USART4,USART4_RX,,USART4_RX,,#,confirmed,rm:zh(CH32FV2x_V3xRM.PDF p.151)+rm:en(CH32FV2x_V3xRM.PDF p.167)
CH32V307,CH32V30x_D8|CH32V30x_D8C,DMA2,4,,DAC2,DAC2,,DAC2,,#,confirmed,rm:zh(CH32FV2x_V3xRM.PDF p.151)+rm:en(CH32FV2x_V3xRM.PDF p.167)
CH32V307,CH32V30x_D8|CH32V30x_D8C,DMA2,4,,SDIO,SDIO,,SDIO,,#,confirmed,rm:zh(CH32FV2x_V3xRM.PDF p.151)+rm:en(CH32FV2x_V3xRM.PDF p.167)
CH32V307,CH32V30x_D8|CH32V30x_D8C,DMA2,4,,TIM5,TIM5_CH2,,TIM5_CH2,,#,confirmed,rm:zh(CH32FV2x_V3xRM.PDF p.151)+rm:en(CH32FV2x_V3xRM.PDF p.167)
CH32V307,CH32V30x_D8|CH32V30x_D8C,DMA2,4,,TIM7,TIM7_UP,,TIM7_UP,,#,confirmed,rm:zh(CH32FV2x_V3xRM.PDF p.151)+rm:en(CH32FV2x_V3xRM.PDF p.167)
CH32V307,CH32V30x_D8|CH32V30x_D8C,DMA2,4,,USART5,USART5_TX,,USART5_TX,,#,confirmed,rm:zh(CH32FV2x_V3xRM.PDF p.151)+rm:en(CH32FV2x_V3xRM.PDF p.167)
CH32V307,CH32V30x_D8|CH32V30x_D8C,DMA2,5,,ADC2,ADC2,,ADC2,,#,confirmed,rm:zh(CH32FV2x_V3xRM.PDF p.151)+rm:en(CH32FV2x_V3xRM.PDF p.167)
CH32V307,CH32V30x_D8|CH32V30x_D8C,DMA2,5,,TIM5,TIM5_CH1,,TIM5_CH1,,#,confirmed,rm:zh(CH32FV2x_V3xRM.PDF p.151)+rm:en(CH32FV2x_V3xRM.PDF p.167)
CH32V307,CH32V30x_D8|CH32V30x_D8C,DMA2,5,,TIM8,TIM8_CH2,,TIM8_CH2,,#,confirmed,rm:zh(CH32FV2x_V3xRM.PDF p.151)+rm:en(CH32FV2x_V3xRM.PDF p.167)
CH32V307,CH32V30x_D8|CH32V30x_D8C,DMA2,5,,USART4,USART4_TX,,USART4_TX,,#,confirmed,rm:zh(CH32FV2x_V3xRM.PDF p.151)+rm:en(CH32FV2x_V3xRM.PDF p.167)
CH32V307,CH32V30x_D8|CH32V30x_D8C,DMA2,6,,TIM10,TIM10_CH4,,TIM10_CH4,,#,confirmed,rm:zh(CH32FV2x_V3xRM.PDF p.151)+rm:en(CH32FV2x_V3xRM.PDF p.167)
CH32V307,CH32V30x_D8|CH32V30x_D8C,DMA2,6,,TIM9,TIM9_UP,,TIM9_UP,,#,confirmed,rm:zh(CH32FV2x_V3xRM.PDF p.151)+rm:en(CH32FV2x_V3xRM.PDF p.167)
CH32V307,CH32V30x_D8|CH32V30x_D8C,DMA2,6,,USART6,USART6_TX,,USART6_TX,,#,confirmed,rm:zh(CH32FV2x_V3xRM.PDF p.151)+rm:en(CH32FV2x_V3xRM.PDF p.167)
CH32V307,CH32V30x_D8|CH32V30x_D8C,DMA2,7,,TIM10,TIM10_COM,,TIM10_COM,,#,confirmed,rm:zh(CH32FV2x_V3xRM.PDF p.151)+rm:en(CH32FV2x_V3xRM.PDF p.167)
CH32V307,CH32V30x_D8|CH32V30x_D8C,DMA2,7,,TIM10,TIM10_TRIG,,TIM10_TRIG,,#,confirmed,rm:zh(CH32FV2x_V3xRM.PDF p.151)+rm:en(CH32FV2x_V3xRM.PDF p.167)
CH32V307,CH32V30x_D8|CH32V30x_D8C,DMA2,7,,TIM9,TIM9_CH1,,TIM9_CH1,,#,confirmed,rm:zh(CH32FV2x_V3xRM.PDF p.151)+rm:en(CH32FV2x_V3xRM.PDF p.167)
CH32V307,CH32V30x_D8|CH32V30x_D8C,DMA2,7,,USART6,USART6_RX,,USART6_RX,,#,confirmed,rm:zh(CH32FV2x_V3xRM.PDF p.151)+rm:en(CH32FV2x_V3xRM.PDF p.167)
CH32V307,CH32V30x_D8|CH32V30x_D8C,DMA2,8,,TIM10,TIM10_CH1,,TIM10_CH1,,#,confirmed,rm:zh(CH32FV2x_V3xRM.PDF p.152)+rm:en(CH32FV2x_V3xRM.PDF p.168)
CH32V307,CH32V30x_D8|CH32V30x_D8C,DMA2,8,,TIM9,TIM9_CH4,,TIM9_CH4,,#,confirmed,rm:zh(CH32FV2x_V3xRM.PDF p.152)+rm:en(CH32FV2x_V3xRM.PDF p.168)
CH32V307,CH32V30x_D8|CH32V30x_D8C,DMA2,8,,USART7,USART7_TX,,USART7_TX,,#,confirmed,rm:zh(CH32FV2x_V3xRM.PDF p.152)+rm:en(CH32FV2x_V3xRM.PDF p.168)
CH32V307,CH32V30x_D8|CH32V30x_D8C,DMA2,9,,TIM10,TIM10_CH3,,TIM10_CH3,,#,confirmed,rm:zh(CH32FV2x_V3xRM.PDF p.152)+rm:en(CH32FV2x_V3xRM.PDF p.168)
CH32V307,CH32V30x_D8|CH32V30x_D8C,DMA2,9,,TIM9,TIM9_CH2,,TIM9_CH2,,#,confirmed,rm:zh(CH32FV2x_V3xRM.PDF p.152)+rm:en(CH32FV2x_V3xRM.PDF p.168)
CH32V307,CH32V30x_D8|CH32V30x_D8C,DMA2,9,,USART7,USART7_RX,,USART7_RX,,#,confirmed,rm:zh(CH32FV2x_V3xRM.PDF p.152)+rm:en(CH32FV2x_V3xRM.PDF p.168)
CH32V307,CH32V30x_D8|CH32V30x_D8C,DMA2,10,,TIM10,TIM10_CH2,,TIM10_CH2,,#,confirmed,rm:zh(CH32FV2x_V3xRM.PDF p.152)+rm:en(CH32FV2x_V3xRM.PDF p.168)
CH32V307,CH32V30x_D8|CH32V30x_D8C,DMA2,10,,TIM9,TIM9_COM,,TIM9_COM,,#,confirmed,rm:zh(CH32FV2x_V3xRM.PDF p.152)+rm:en(CH32FV2x_V3xRM.PDF p.168)
CH32V307,CH32V30x_D8|CH32V30x_D8C,DMA2,10,,TIM9,TIM9_TRIG,,TIM9_TRIG,,#,confirmed,rm:zh(CH32FV2x_V3xRM.PDF p.152)+rm:en(CH32FV2x_V3xRM.PDF p.168)
CH32V307,CH32V30x_D8|CH32V30x_D8C,DMA2,10,,USART8,USART8_TX,,USART8_TX,,#,confirmed,rm:zh(CH32FV2x_V3xRM.PDF p.152)+rm:en(CH32FV2x_V3xRM.PDF p.168)
CH32V307,CH32V30x_D8|CH32V30x_D8C,DMA2,11,,TIM10,TIM10_UP,,TIM10_UP,,#,confirmed,rm:zh(CH32FV2x_V3xRM.PDF p.152)+rm:en(CH32FV2x_V3xRM.PDF p.168)
CH32V307,CH32V30x_D8|CH32V30x_D8C,DMA2,11,,TIM9,TIM9_CH3,,TIM9_CH3,,#,confirmed,rm:zh(CH32FV2x_V3xRM.PDF p.152)+rm:en(CH32FV2x_V3xRM.PDF p.168)
CH32V307,CH32V30x_D8|CH32V30x_D8C,DMA2,11,,USART8,USART8_RX,,USART8_RX,,#,confirmed,rm:zh(CH32FV2x_V3xRM.PDF p.152)+rm:en(CH32FV2x_V3xRM.PDF p.168)
CH32V407,,DMA1,1,,TIM2,TIM2_CH3,,TIM2_CH3,,#,confirmed,rm:zh(CH32V407RM.PDF p.136)+rm:en(CH32V407RM.PDF p.150)
CH32V407,,DMA1,1,,TIM4,TIM4_CH1,,TIM4_CH1,,#,confirmed,rm:zh(CH32V407RM.PDF p.136)+rm:en(CH32V407RM.PDF p.150)
CH32V407,,DMA1,2,,SPI1,SPI1_RX,,SPI1_RX,,#,confirmed,rm:zh(CH32V407RM.PDF p.135)+rm:en(CH32V407RM.PDF p.149)
CH32V407,,DMA1,2,,TIM1,TIM1_CH1,,TIM1_CH1,,#,confirmed,rm:zh(CH32V407RM.PDF p.136)+rm:en(CH32V407RM.PDF p.150)
CH32V407,,DMA1,2,,TIM2,TIM2_UP,,TIM2_UP,,#,confirmed,rm:zh(CH32V407RM.PDF p.136)+rm:en(CH32V407RM.PDF p.150)
CH32V407,,DMA1,2,,TIM3,TIM3_CH3,,TIM3_CH3,,#,confirmed,rm:zh(CH32V407RM.PDF p.136)+rm:en(CH32V407RM.PDF p.150)
CH32V407,,DMA1,2,,USART3,USART3_TX,,USART3_TX,,#,confirmed,rm:zh(CH32V407RM.PDF p.136)+rm:en(CH32V407RM.PDF p.150)
CH32V407,,DMA1,3,,SPI1,SPI1_TX,,SPI1_TX,,#,confirmed,rm:zh(CH32V407RM.PDF p.135)+rm:en(CH32V407RM.PDF p.149)
CH32V407,,DMA1,3,,TIM1,TIM1_CH2,,TIM1_CH2,,#,confirmed,rm:zh(CH32V407RM.PDF p.136)+rm:en(CH32V407RM.PDF p.150)
CH32V407,,DMA1,3,,TIM3,TIM3_CH4,,TIM3_CH4,,#,confirmed,rm:zh(CH32V407RM.PDF p.136)+rm:en(CH32V407RM.PDF p.150)
CH32V407,,DMA1,3,,TIM3,TIM3_UP,,TIM3_UP,,#,confirmed,rm:zh(CH32V407RM.PDF p.136)+rm:en(CH32V407RM.PDF p.150)
CH32V407,,DMA1,3,,USART3,USART3_RX,,USART3_RX,,#,confirmed,rm:zh(CH32V407RM.PDF p.136)+rm:en(CH32V407RM.PDF p.150)
CH32V407,,DMA1,4,,I3C,I3C_TX,,I3C_TX,,#,confirmed,rm:zh(CH32V407RM.PDF p.136)+rm:en(CH32V407RM.PDF p.150)
CH32V407,,DMA1,4,,SPI2,SPI_I2S2_RX,,SPI_I2S2_RX,,#,confirmed,rm:zh(CH32V407RM.PDF p.135)+rm:en(CH32V407RM.PDF p.149)
CH32V407,,DMA1,4,,TIM1,TIM1_CH4,,TIM1_CH4,,#,confirmed,rm:zh(CH32V407RM.PDF p.136)+rm:en(CH32V407RM.PDF p.150)
CH32V407,,DMA1,4,,TIM1,TIM1_COM,,TIM1_COM,,#,confirmed,rm:zh(CH32V407RM.PDF p.136)+rm:en(CH32V407RM.PDF p.150)
CH32V407,,DMA1,4,,TIM1,TIM1_TRIG,,TIM1_TRIG,,#,confirmed,rm:zh(CH32V407RM.PDF p.136)+rm:en(CH32V407RM.PDF p.150)
CH32V407,,DMA1,4,,TIM4,TIM4_CH2,,TIM4_CH2,,#,confirmed,rm:zh(CH32V407RM.PDF p.136)+rm:en(CH32V407RM.PDF p.150)
CH32V407,,DMA1,4,,USART1,USART1_TX,,USART1_TX,,#,confirmed,rm:zh(CH32V407RM.PDF p.135)+rm:en(CH32V407RM.PDF p.149)
CH32V407,,DMA1,5,,I3C,I3C_RX,,I3C_RX,,#,confirmed,rm:zh(CH32V407RM.PDF p.136)+rm:en(CH32V407RM.PDF p.150)
CH32V407,,DMA1,5,,SPI2,SPI_I2S2_TX,,SPI_I2S2_TX,,#,confirmed,rm:zh(CH32V407RM.PDF p.135)+rm:en(CH32V407RM.PDF p.149)
CH32V407,,DMA1,5,,TIM1,TIM1_UP,,TIM1_UP,,#,confirmed,rm:zh(CH32V407RM.PDF p.136)+rm:en(CH32V407RM.PDF p.150)
CH32V407,,DMA1,5,,TIM2,TIM2_CH1,,TIM2_CH1,,#,confirmed,rm:zh(CH32V407RM.PDF p.136)+rm:en(CH32V407RM.PDF p.150)
CH32V407,,DMA1,5,,TIM4,TIM4_CH3,,TIM4_CH3,,#,confirmed,rm:zh(CH32V407RM.PDF p.136)+rm:en(CH32V407RM.PDF p.150)
CH32V407,,DMA1,5,,USART1,USART1_RX,,USART1_RX,,#,confirmed,rm:zh(CH32V407RM.PDF p.135)+rm:en(CH32V407RM.PDF p.149)
CH32V407,,DMA1,6,,I2C1,I2C_TX,,I2C_TX,,#,confirmed,rm:zh(CH32V407RM.PDF p.136)+rm:en(CH32V407RM.PDF p.150)
CH32V407,,DMA1,6,,TIM1,TIM1_CH3,,TIM1_CH3,,#,confirmed,rm:zh(CH32V407RM.PDF p.136)+rm:en(CH32V407RM.PDF p.150)
CH32V407,,DMA1,6,,TIM3,TIM3_CH1,,TIM3_CH1,,#,confirmed,rm:zh(CH32V407RM.PDF p.136)+rm:en(CH32V407RM.PDF p.150)
CH32V407,,DMA1,6,,TIM3,TIM3_TRIG,,TIM3_TRIG,,#,confirmed,rm:zh(CH32V407RM.PDF p.136)+rm:en(CH32V407RM.PDF p.150)
CH32V407,,DMA1,6,,USART2,USART2_RX,,USART2_RX,,#,confirmed,rm:zh(CH32V407RM.PDF p.135)+rm:en(CH32V407RM.PDF p.149)
CH32V407,,DMA1,7,,I2C1,I2C_RX,,I2C_RX,,#,confirmed,rm:zh(CH32V407RM.PDF p.136)+rm:en(CH32V407RM.PDF p.150)
CH32V407,,DMA1,7,,TIM2,TIM2_CH2,,TIM2_CH2,,#,confirmed,rm:zh(CH32V407RM.PDF p.136)+rm:en(CH32V407RM.PDF p.150)
CH32V407,,DMA1,7,,TIM2,TIM2_CH4,,TIM2_CH4,,#,confirmed,rm:zh(CH32V407RM.PDF p.136)+rm:en(CH32V407RM.PDF p.150)
CH32V407,,DMA1,7,,TIM4,TIM4_UP,,TIM4_UP,,#,confirmed,rm:zh(CH32V407RM.PDF p.136)+rm:en(CH32V407RM.PDF p.150)
CH32V407,,DMA1,7,,USART2,USART2_TX,,USART2_TX,,#,confirmed,rm:zh(CH32V407RM.PDF p.135)+rm:en(CH32V407RM.PDF p.149)
CH32V407,,DMA2,1,,SPI3,SPI_I2S3_RX,,SPI_I2S3_RX,,#,confirmed,rm:zh(CH32V407RM.PDF p.136)+rm:en(CH32V407RM.PDF p.150)
CH32V407,,DMA2,1,,TIM5,TIM5_CH4,,TIM5_CH4,,#,confirmed,rm:zh(CH32V407RM.PDF p.136)+rm:en(CH32V407RM.PDF p.150)
CH32V407,,DMA2,1,,TIM5,TIM5_TRIG,,TIM5_TRIG,,#,confirmed,rm:zh(CH32V407RM.PDF p.136)+rm:en(CH32V407RM.PDF p.150)
CH32V407,,DMA2,1,,TIM8,TIM8_CH3,,TIM8_CH3,,#,confirmed,rm:zh(CH32V407RM.PDF p.136)+rm:en(CH32V407RM.PDF p.150)
CH32V407,,DMA2,1,,TIM8,TIM8_UP,,TIM8_UP,,#,confirmed,rm:zh(CH32V407RM.PDF p.136)+rm:en(CH32V407RM.PDF p.150)
CH32V407,,DMA2,2,,SPI3,SPI_I2S3_TX,,SPI_I2S3_TX,,#,confirmed,rm:zh(CH32V407RM.PDF p.136)+rm:en(CH32V407RM.PDF p.150)
CH32V407,,DMA2,2,,TIM5,TIM5_CH3,,TIM5_CH3,,#,confirmed,rm:zh(CH32V407RM.PDF p.136)+rm:en(CH32V407RM.PDF p.150)
CH32V407,,DMA2,2,,TIM5,TIM5_UP,,TIM5_UP,,#,confirmed,rm:zh(CH32V407RM.PDF p.136)+rm:en(CH32V407RM.PDF p.150)
CH32V407,,DMA2,2,,TIM8,TIM8_CH4,,TIM8_CH4,,#,confirmed,rm:zh(CH32V407RM.PDF p.136)+rm:en(CH32V407RM.PDF p.150)
CH32V407,,DMA2,2,,TIM8,TIM8_COM,,TIM8_COM,,#,confirmed,rm:zh(CH32V407RM.PDF p.136)+rm:en(CH32V407RM.PDF p.150)
CH32V407,,DMA2,2,,TIM8,TIM8_TRIG,,TIM8_TRIG,,#,confirmed,rm:zh(CH32V407RM.PDF p.136)+rm:en(CH32V407RM.PDF p.150)
CH32V407,,DMA2,2,,USART5,USART5_RX,,USART5_RX,,#,confirmed,rm:zh(CH32V407RM.PDF p.136)+rm:en(CH32V407RM.PDF p.150)
CH32V407,,DMA2,3,,DAC1,DAC1,,DAC1,,#,confirmed,rm:zh(CH32V407RM.PDF p.136)+rm:en(CH32V407RM.PDF p.150)
CH32V407,,DMA2,3,,TIM6,TIM6_UP,,TIM6_UP,,#,confirmed,rm:zh(CH32V407RM.PDF p.136)+rm:en(CH32V407RM.PDF p.150)
CH32V407,,DMA2,3,,TIM8,TIM8_CH1,,TIM8_CH1,,#,confirmed,rm:zh(CH32V407RM.PDF p.136)+rm:en(CH32V407RM.PDF p.150)
CH32V407,,DMA2,3,,USART4,USART4_RX,,USART4_RX,,#,confirmed,rm:zh(CH32V407RM.PDF p.136)+rm:en(CH32V407RM.PDF p.150)
CH32V407,,DMA2,4,,DAC2,DAC2,,DAC2,,#,confirmed,rm:zh(CH32V407RM.PDF p.136)+rm:en(CH32V407RM.PDF p.150)
CH32V407,,DMA2,4,,SDIO,SDIO,,SDIO,,#,confirmed,rm:zh(CH32V407RM.PDF p.136)+rm:en(CH32V407RM.PDF p.150)
CH32V407,,DMA2,4,,TIM5,TIM5_CH2,,TIM5_CH2,,#,confirmed,rm:zh(CH32V407RM.PDF p.136)+rm:en(CH32V407RM.PDF p.150)
CH32V407,,DMA2,4,,TIM7,TIM7_UP,,TIM7_UP,,#,confirmed,rm:zh(CH32V407RM.PDF p.136)+rm:en(CH32V407RM.PDF p.150)
CH32V407,,DMA2,4,,USART5,USART5_TX,,USART5_TX,,#,confirmed,rm:zh(CH32V407RM.PDF p.136)+rm:en(CH32V407RM.PDF p.150)
CH32V407,,DMA2,5,,TIM5,TIM5_CH1,,TIM5_CH1,,#,confirmed,rm:zh(CH32V407RM.PDF p.136)+rm:en(CH32V407RM.PDF p.150)
CH32V407,,DMA2,5,,TIM8,TIM8_CH2,,TIM8_CH2,,#,confirmed,rm:zh(CH32V407RM.PDF p.136)+rm:en(CH32V407RM.PDF p.150)
CH32V407,,DMA2,5,,USART4,USART4_TX,,USART4_TX,,#,confirmed,rm:zh(CH32V407RM.PDF p.136)+rm:en(CH32V407RM.PDF p.150)
CH32V407,,DMA2,6,,USART6,USART6_TX,,USART6_TX,,#,confirmed,rm:zh(CH32V407RM.PDF p.136)+rm:en(CH32V407RM.PDF p.150)
CH32V407,,DMA2,7,,USART6,USART6_RX,,USART6_RX,,#,confirmed,rm:zh(CH32V407RM.PDF p.136)+rm:en(CH32V407RM.PDF p.150)
CH32V407,,DMA2,8,,I3C,I3C_TC,,I3C_TC,,#,confirmed,rm:zh(CH32V407RM.PDF p.136)+rm:en(CH32V407RM.PDF p.150)
CH32V407,,DMA2,8,,USART7,USART7_TX,,USART7_TX,,#,confirmed,rm:zh(CH32V407RM.PDF p.136)+rm:en(CH32V407RM.PDF p.150)
CH32V407,,DMA2,8,,USART9,USART9_TX,,USART9_TX,,#,confirmed,rm:zh(CH32V407RM.PDF p.136)+rm:en(CH32V407RM.PDF p.150)
CH32V407,,DMA2,9,,USART7,USART7_RX,,USART7_RX,,#,confirmed,rm:zh(CH32V407RM.PDF p.136)+rm:en(CH32V407RM.PDF p.150)
CH32V407,,DMA2,9,,USART9,USART9_RX,,USART9_RX,,#,confirmed,rm:zh(CH32V407RM.PDF p.136)+rm:en(CH32V407RM.PDF p.150)
CH32V407,,DMA2,10,,ARGB,ARGB,,ARGB,,#,confirmed,rm:zh(CH32V407RM.PDF p.136)+rm:en(CH32V407RM.PDF p.150)
CH32V407,,DMA2,10,,USART10,USART10_TX,,USART10_TX,,#,confirmed,rm:zh(CH32V407RM.PDF p.136)+rm:en(CH32V407RM.PDF p.150)
CH32V407,,DMA2,10,,USART8,USART8_TX,,USART8_TX,,#,confirmed,rm:zh(CH32V407RM.PDF p.136)+rm:en(CH32V407RM.PDF p.150)
CH32V407,,DMA2,11,,USART10,USART10_RX,,USART10_RX,,#,confirmed,rm:zh(CH32V407RM.PDF p.136)+rm:en(CH32V407RM.PDF p.150)
CH32V407,,DMA2,11,,USART8,USART8_RX,,USART8_RX,,#,confirmed,rm:zh(CH32V407RM.PDF p.136)+rm:en(CH32V407RM.PDF p.150)
CH32V407,,DMA2,12,,ADC1,ADC1,,ADC1,,#,confirmed,rm:zh(CH32V407RM.PDF p.136)+rm:en(CH32V407RM.PDF p.150)
CH32V407,,DMA2,13,,ADC2,ADC2,,ADC2,,#,confirmed,rm:zh(CH32V407RM.PDF p.136)+rm:en(CH32V407RM.PDF p.150)
CH32X035,,DMA1,1,,ADC1,ADC,,ADC,,#,confirmed,rm:zh(CH32X035RM.PDF p.77)+rm:en(CH32X035RM.PDF p.82)
CH32X035,,DMA1,1,,TIM2,TIM2_CH3,,TIM2_CH3,,#,confirmed,rm:zh(CH32X035RM.PDF p.78)+rm:en(CH32X035RM.PDF p.83)
CH32X035,,DMA1,1,,USART4,USART4_TX,,USART4_TX,,#,confirmed,rm:zh(CH32X035RM.PDF p.78)+rm:en(CH32X035RM.PDF p.83)
CH32X035,,DMA1,2,,SPI1,SPI_RX,,SPI_RX,,#,confirmed,rm:zh(CH32X035RM.PDF p.77)+rm:en(CH32X035RM.PDF p.83)
CH32X035,,DMA1,2,,TIM1,TIM1_CH1,,TIM1_CH1,,#,confirmed,rm:zh(CH32X035RM.PDF p.78)+rm:en(CH32X035RM.PDF p.83)
CH32X035,,DMA1,2,,TIM2,TIM2_UP,,TIM2_UP,,#,confirmed,rm:zh(CH32X035RM.PDF p.78)+rm:en(CH32X035RM.PDF p.83)
CH32X035,,DMA1,2,,USART3,USART3_TX,,USART3_TX,,#,confirmed,rm:zh(CH32X035RM.PDF p.77)+rm:en(CH32X035RM.PDF p.83)
CH32X035,,DMA1,3,,SPI1,SPI_TX,,SPI_TX,,#,confirmed,rm:zh(CH32X035RM.PDF p.77)+rm:en(CH32X035RM.PDF p.83)
CH32X035,,DMA1,3,,TIM1,TIM1_CH2,,TIM1_CH2,,#,confirmed,rm:zh(CH32X035RM.PDF p.78)+rm:en(CH32X035RM.PDF p.83)
CH32X035,,DMA1,3,,USART3,USART3_RX,,USART3_RX,,#,confirmed,rm:zh(CH32X035RM.PDF p.77)+rm:en(CH32X035RM.PDF p.83)
CH32X035,,DMA1,4,,TIM1,TIM1_CH4,,TIM1_CH4,,#,confirmed,rm:zh(CH32X035RM.PDF p.78)+rm:en(CH32X035RM.PDF p.83)
CH32X035,,DMA1,4,,TIM1,TIM1_COM,,TIM1_COM,,#,confirmed,rm:zh(CH32X035RM.PDF p.78)+rm:en(CH32X035RM.PDF p.83)
CH32X035,,DMA1,4,,TIM1,TIM1_TRIG,,TIM1_TRIG,,#,confirmed,rm:zh(CH32X035RM.PDF p.78)+rm:en(CH32X035RM.PDF p.83)
CH32X035,,DMA1,4,,USART1,USART1_TX,,USART1_TX,,#,confirmed,rm:zh(CH32X035RM.PDF p.77)+rm:en(CH32X035RM.PDF p.83)
CH32X035,,DMA1,5,,TIM1,TIM1_UP,,TIM1_UP,,#,confirmed,rm:zh(CH32X035RM.PDF p.78)+rm:en(CH32X035RM.PDF p.83)
CH32X035,,DMA1,5,,TIM2,TIM2_CH1,,TIM2_CH1,,#,confirmed,rm:zh(CH32X035RM.PDF p.78)+rm:en(CH32X035RM.PDF p.83)
CH32X035,,DMA1,5,,USART1,USART1_RX,,USART1_RX,,#,confirmed,rm:zh(CH32X035RM.PDF p.77)+rm:en(CH32X035RM.PDF p.83)
CH32X035,,DMA1,6,,I2C1,I2C_TX,,I2C_TX,,#,confirmed,rm:zh(CH32X035RM.PDF p.78)+rm:en(CH32X035RM.PDF p.83)
CH32X035,,DMA1,6,,TIM1,TIM1_CH3,,TIM1_CH3,,#,confirmed,rm:zh(CH32X035RM.PDF p.78)+rm:en(CH32X035RM.PDF p.83)
CH32X035,,DMA1,6,,USART2,USART2_RX,,USART2_RX,,#,confirmed,rm:zh(CH32X035RM.PDF p.77)+rm:en(CH32X035RM.PDF p.83)
CH32X035,,DMA1,7,,I2C1,I2C_RX,,I2C_RX,,#,confirmed,rm:zh(CH32X035RM.PDF p.78)+rm:en(CH32X035RM.PDF p.83)
CH32X035,,DMA1,7,,TIM2,TIM2_CH2,,TIM2_CH2,,#,confirmed,rm:zh(CH32X035RM.PDF p.78)+rm:en(CH32X035RM.PDF p.83)
CH32X035,,DMA1,7,,TIM2,TIM2_CH4,,TIM2_CH4,,#,confirmed,rm:zh(CH32X035RM.PDF p.78)+rm:en(CH32X035RM.PDF p.83)
CH32X035,,DMA1,7,,USART2,USART2_TX,,USART2_TX,,#,confirmed,rm:zh(CH32X035RM.PDF p.77)+rm:en(CH32X035RM.PDF p.83)
CH32X035,,DMA1,8,,TIM2,TIM2_COM,,TIM2_COM,,#,confirmed,rm:zh(CH32X035RM.PDF p.78)+rm:en(CH32X035RM.PDF p.83)
CH32X035,,DMA1,8,,TIM2,TIM2_TRIG,,TIM2_TRIG,,#,confirmed,rm:zh(CH32X035RM.PDF p.78)+rm:en(CH32X035RM.PDF p.83)
CH32X035,,DMA1,8,,USART4,USART4_RX,,USART4_RX,,#,confirmed,rm:zh(CH32X035RM.PDF p.78)+rm:en(CH32X035RM.PDF p.83)
CH32X315,,DMA1,1,,ADC1,ADC1,,ADC1,,#,confirmed,rm:zh(CH32X315RM.PDF p.105)+rm:en(CH32X315RM.PDF p.119)
CH32X315,,DMA1,1,,TIM2,TIM2_CH3,,TIM2_CH3,,#,confirmed,rm:zh(CH32X315RM.PDF p.105)+rm:en(CH32X315RM.PDF p.119)
CH32X315,,DMA1,1,,TIM4,TIM4_CH1,,TIM4_CH1,,#,confirmed,rm:zh(CH32X315RM.PDF p.105)+rm:en(CH32X315RM.PDF p.119)
CH32X315,,DMA1,2,,SPI1,SPI1_RX,default,SPI1_RX_0,,#,confirmed,rm:zh(CH32X315RM.PDF p.105)+rm:en(CH32X315RM.PDF p.118)
CH32X315,,DMA1,2,,SPI2,SPI2_RX,remap,SPI2_RX_1,,#,confirmed,rm:zh(CH32X315RM.PDF p.105)+rm:en(CH32X315RM.PDF p.118)
CH32X315,,DMA1,2,,SPI3,SPI3_RX,remap,SPI3_RX_1,,#,confirmed,rm:zh(CH32X315RM.PDF p.105)+rm:en(CH32X315RM.PDF p.118)
CH32X315,,DMA1,2,,TIM1,TIM1_CH1,,TIM1_CH1,,#,confirmed,rm:zh(CH32X315RM.PDF p.105)+rm:en(CH32X315RM.PDF p.119)
CH32X315,,DMA1,2,,TIM2,TIM2_UP,,TIM2_UP,,#,confirmed,rm:zh(CH32X315RM.PDF p.105)+rm:en(CH32X315RM.PDF p.119)
CH32X315,,DMA1,2,,TIM3,TIM3_CH3,,TIM3_CH3,,#,confirmed,rm:zh(CH32X315RM.PDF p.105)+rm:en(CH32X315RM.PDF p.119)
CH32X315,,DMA1,2,,USART3,USART3_TX,default,USART3_TX_0,,#,confirmed,rm:zh(CH32X315RM.PDF p.105)+rm:en(CH32X315RM.PDF p.119)
CH32X315,,DMA1,3,,SPI1,SPI1_TX,default,SPI1_TX_0,,#,confirmed,rm:zh(CH32X315RM.PDF p.105)+rm:en(CH32X315RM.PDF p.118)
CH32X315,,DMA1,3,,SPI2,SPI2_TX,remap,SPI2_TX_1,,#,confirmed,rm:zh(CH32X315RM.PDF p.105)+rm:en(CH32X315RM.PDF p.118)
CH32X315,,DMA1,3,,SPI3,SPI3_TX,remap,SPI3_TX_1,,#,confirmed,rm:zh(CH32X315RM.PDF p.105)+rm:en(CH32X315RM.PDF p.118)
CH32X315,,DMA1,3,,TIM1,TIM1_CH2,,TIM1_CH2,,#,confirmed,rm:zh(CH32X315RM.PDF p.105)+rm:en(CH32X315RM.PDF p.119)
CH32X315,,DMA1,3,,TIM3,TIM3_CH4,,TIM3_CH4,,#,confirmed,rm:zh(CH32X315RM.PDF p.105)+rm:en(CH32X315RM.PDF p.119)
CH32X315,,DMA1,3,,USART3,USART3_RX,default,USART3_RX_0,,#,confirmed,rm:zh(CH32X315RM.PDF p.105)+rm:en(CH32X315RM.PDF p.119)
CH32X315,,DMA1,4,,I2C2,I2C2_TX,default,I2C2_TX_0,,#,confirmed,rm:zh(CH32X315RM.PDF p.105)+rm:en(CH32X315RM.PDF p.119)
CH32X315,,DMA1,4,,SPI2,SPI2_RX,default,SPI2_RX_0,,#,confirmed,rm:zh(CH32X315RM.PDF p.105)+rm:en(CH32X315RM.PDF p.118)
CH32X315,,DMA1,4,,TIM1,TIM1_CH4,,TIM1_CH4,,#,confirmed,rm:zh(CH32X315RM.PDF p.105)+rm:en(CH32X315RM.PDF p.119)
CH32X315,,DMA1,4,,TIM1,TIM1_COM,,TIM1_COM,,#,confirmed,rm:zh(CH32X315RM.PDF p.105)+rm:en(CH32X315RM.PDF p.119)
CH32X315,,DMA1,4,,TIM1,TIM1_TRIG,,TIM1_TRIG,,#,confirmed,rm:zh(CH32X315RM.PDF p.105)+rm:en(CH32X315RM.PDF p.119)
CH32X315,,DMA1,4,,TIM4,TIM4_CH2,,TIM4_CH2,,#,confirmed,rm:zh(CH32X315RM.PDF p.105)+rm:en(CH32X315RM.PDF p.119)
CH32X315,,DMA1,4,,USART1,USART1_TX,default,USART1_TX_0,,#,confirmed,rm:zh(CH32X315RM.PDF p.105)+rm:en(CH32X315RM.PDF p.119)
CH32X315,,DMA1,4,,USART2,USART2_TX,remap,USART2_TX_1,,#,confirmed,rm:zh(CH32X315RM.PDF p.105)+rm:en(CH32X315RM.PDF p.119)
CH32X315,,DMA1,4,,USART3,USART3_TX,remap,USART3_TX_1,,#,confirmed,rm:zh(CH32X315RM.PDF p.105)+rm:en(CH32X315RM.PDF p.119)
CH32X315,,DMA1,4,,USART4,USART4_TX,remap,USART4_TX_1,,#,confirmed,rm:zh(CH32X315RM.PDF p.105)+rm:en(CH32X315RM.PDF p.119)
CH32X315,,DMA1,5,,I2C2,I2C2_RX,default,I2C2_RX_0,,#,confirmed,rm:zh(CH32X315RM.PDF p.105)+rm:en(CH32X315RM.PDF p.119)
CH32X315,,DMA1,5,,SPI2,SPI2_TX,default,SPI2_TX_0,,#,confirmed,rm:zh(CH32X315RM.PDF p.105)+rm:en(CH32X315RM.PDF p.118)
CH32X315,,DMA1,5,,TIM1,TIM1_UP,,TIM1_UP,,#,confirmed,rm:zh(CH32X315RM.PDF p.105)+rm:en(CH32X315RM.PDF p.119)
CH32X315,,DMA1,5,,TIM2,TIM2_CH1,,TIM2_CH1,,#,confirmed,rm:zh(CH32X315RM.PDF p.105)+rm:en(CH32X315RM.PDF p.119)
CH32X315,,DMA1,5,,TIM4,TIM4_CH3,,TIM4_CH3,,#,confirmed,rm:zh(CH32X315RM.PDF p.105)+rm:en(CH32X315RM.PDF p.119)
CH32X315,,DMA1,5,,USART1,USART1_RX,default,USART1_RX_0,,#,confirmed,rm:zh(CH32X315RM.PDF p.105)+rm:en(CH32X315RM.PDF p.119)
CH32X315,,DMA1,5,,USART2,USART2_RX,remap,USART2_RX_1,,#,confirmed,rm:zh(CH32X315RM.PDF p.105)+rm:en(CH32X315RM.PDF p.119)
CH32X315,,DMA1,5,,USART3,USART3_RX,remap,USART3_RX_1,,#,confirmed,rm:zh(CH32X315RM.PDF p.105)+rm:en(CH32X315RM.PDF p.119)
CH32X315,,DMA1,5,,USART4,USART4_RX,remap,USART4_RX_1,,#,confirmed,rm:zh(CH32X315RM.PDF p.105)+rm:en(CH32X315RM.PDF p.119)
CH32X315,,DMA1,6,,I2C1,I2C1_TX,,I2C1_TX,,#,confirmed,rm:zh(CH32X315RM.PDF p.105)+rm:en(CH32X315RM.PDF p.119)
CH32X315,,DMA1,6,,I2C2,I2C2_TX,remap,I2C2_TX_1,,#,confirmed,rm:zh(CH32X315RM.PDF p.105)+rm:en(CH32X315RM.PDF p.119)
CH32X315,,DMA1,6,,SPI1,SPI1_RX,remap,SPI1_RX_1,,#,confirmed,rm:zh(CH32X315RM.PDF p.105)+rm:en(CH32X315RM.PDF p.118)
CH32X315,,DMA1,6,,TIM1,TIM1_CH3,,TIM1_CH3,,#,confirmed,rm:zh(CH32X315RM.PDF p.105)+rm:en(CH32X315RM.PDF p.119)
CH32X315,,DMA1,6,,TIM3,TIM3_CH1,,TIM3_CH1,,#,confirmed,rm:zh(CH32X315RM.PDF p.105)+rm:en(CH32X315RM.PDF p.119)
CH32X315,,DMA1,6,,TIM3,TIM3_TRIG,,TIM3_TRIG,,#,confirmed,rm:zh(CH32X315RM.PDF p.105)+rm:en(CH32X315RM.PDF p.119)
CH32X315,,DMA1,6,,USART2,USART2_RX,default,USART2_RX_0,,#,confirmed,rm:zh(CH32X315RM.PDF p.105)+rm:en(CH32X315RM.PDF p.119)
CH32X315,,DMA1,7,,I2C1,I2C1_RX,,I2C1_RX,,#,confirmed,rm:zh(CH32X315RM.PDF p.105)+rm:en(CH32X315RM.PDF p.119)
CH32X315,,DMA1,7,,I2C2,I2C2_RX,remap,I2C2_RX_1,,#,confirmed,rm:zh(CH32X315RM.PDF p.105)+rm:en(CH32X315RM.PDF p.119)
CH32X315,,DMA1,7,,SPI1,SPI1_TX,remap,SPI1_TX_1,,#,confirmed,rm:zh(CH32X315RM.PDF p.105)+rm:en(CH32X315RM.PDF p.118)
CH32X315,,DMA1,7,,TIM2,TIM2_CH2,,TIM2_CH2,,#,confirmed,rm:zh(CH32X315RM.PDF p.105)+rm:en(CH32X315RM.PDF p.119)
CH32X315,,DMA1,7,,TIM4,TIM4_UP,,TIM4_UP,,#,confirmed,rm:zh(CH32X315RM.PDF p.105)+rm:en(CH32X315RM.PDF p.119)
CH32X315,,DMA1,7,,USART2,USART2_TX,default,USART2_TX_0,,#,confirmed,rm:zh(CH32X315RM.PDF p.105)+rm:en(CH32X315RM.PDF p.119)
CH32X315,,DMA1,8,,ADC4,ADC4,,ADC4,,#,confirmed,rm:zh(CH32X315RM.PDF p.105)+rm:en(CH32X315RM.PDF p.119)
CH32X315,,DMA1,8,,SPI3,SPI3_RX,default,SPI3_RX_0,,#,confirmed,rm:zh(CH32X315RM.PDF p.105)+rm:en(CH32X315RM.PDF p.119)
CH32X315,,DMA1,8,,TIM2,TIM2_CH4,,TIM2_CH4,,#,confirmed,rm:zh(CH32X315RM.PDF p.105)+rm:en(CH32X315RM.PDF p.119)
CH32X315,,DMA1,8,,USART1,USART1_TX,remap,USART1_TX_1,,#,confirmed,rm:zh(CH32X315RM.PDF p.105)+rm:en(CH32X315RM.PDF p.119)
CH32X315,,DMA1,9,,ADC3,ADC3,,ADC3,,#,confirmed,rm:zh(CH32X315RM.PDF p.105)+rm:en(CH32X315RM.PDF p.119)
CH32X315,,DMA1,9,,SPI3,SPI3_TX,default,SPI3_TX_0,,#,confirmed,rm:zh(CH32X315RM.PDF p.105)+rm:en(CH32X315RM.PDF p.119)
CH32X315,,DMA1,9,,TIM3,TIM3_CH2,,TIM3_CH2,,#,confirmed,rm:zh(CH32X315RM.PDF p.105)+rm:en(CH32X315RM.PDF p.119)
CH32X315,,DMA1,9,,USART1,USART1_RX,remap,USART1_RX_1,,#,confirmed,rm:zh(CH32X315RM.PDF p.105)+rm:en(CH32X315RM.PDF p.119)
CH32X315,,DMA1,10,,ADC2,ADC2,,ADC2,,#,confirmed,rm:zh(CH32X315RM.PDF p.105)+rm:en(CH32X315RM.PDF p.119)
CH32X315,,DMA1,10,,TIM4,TIM4_CH4,,TIM4_CH4,,#,confirmed,rm:zh(CH32X315RM.PDF p.105)+rm:en(CH32X315RM.PDF p.119)
CH32X315,,DMA1,10,,USART4,USART4_TX,default,USART4_TX_0,,#,confirmed,rm:zh(CH32X315RM.PDF p.105)+rm:en(CH32X315RM.PDF p.119)
CH32X315,,DMA1,11,,ARGB,ARGB,,ARGB,,#,confirmed,rm:zh(CH32X315RM.PDF p.105)+rm:en(CH32X315RM.PDF p.119)
CH32X315,,DMA1,11,,TIM3,TIM3_UP,,TIM3_UP,,#,confirmed,rm:zh(CH32X315RM.PDF p.105)+rm:en(CH32X315RM.PDF p.119)
CH32X315,,DMA1,11,,USART4,USART4_RX,default,USART4_RX_0,,#,confirmed,rm:zh(CH32X315RM.PDF p.105)+rm:en(CH32X315RM.PDF p.119)
