tag,parent,series,family,precision,features,features_zh,sections,#,confidence,basis
ADC,,CH32H415,CH32H417,part,Analog-to-digital Converter (ADC) and Touch-key Capacitance Detection,ADC（模拟/数字转换器）和触摸按键电容检测（TouchKey）,1.4.13,#,confirmed,features(CH32H417DS0.PDF)
ADC,,CH32H416,CH32H417,part,Analog-to-digital Converter (ADC) and Touch-key Capacitance Detection,ADC（模拟/数字转换器）和触摸按键电容检测（TouchKey）,1.4.13,#,confirmed,features(CH32H417DS0.PDF)
ADC,,CH32H417,CH32H417,part,Analog-to-digital Converter (ADC) and Touch-key Capacitance Detection,ADC（模拟/数字转换器）和触摸按键电容检测（TouchKey）,1.4.13,#,confirmed,features(CH32H417DS0.PDF)
ADC,,CH32M007,CH32V006,part,Analog-to-digital Converter (ADC) and Touch-key,ADC（模拟/数字转换器）和触摸按键电容检测（TouchKey）,1.4.11,#,confirmed,features(CH32V007DS0.PDF)
ADC,,CH32M030,CH32M030,part,Analog-to-digital Converter (ADC),ADC（模拟/数字转换器）,1.4.11,#,confirmed,features(CH32M030DS0.PDF)
ADC,,CH32V002,CH32V006,part,Analog-to-digital Converter (ADC),ADC（模拟/数字转换器）,1.4.11,#,confirmed,features(CH32V002DS0.PDF)
ADC,,CH32V003,CH32V003,part,Analog-to-digital Converter (ADC),ADC（模拟/数字转换器）,1.4.11,#,confirmed,features(CH32V003DS0.PDF)
ADC,,CH32V004,CH32V006,part,Analog-to-digital Converter (ADC),ADC（模拟/数字转换器）,1.4.11,#,confirmed,features(CH32V004DS0.PDF)
ADC,,CH32V007,CH32V006,part,Analog-to-digital Converter (ADC) and Touch-key,ADC（模拟/数字转换器）和触摸按键电容检测（TouchKey）,1.4.11,#,confirmed,features(CH32V007DS0.PDF)
ADC,,CH32V203,CH32V20x,part,Analog-to-digital Converter (ADC) and Touchkey Capacitance Detection,ADC（模拟/数字转换器）和触摸按键电容检测（TouchKey）,1.4.14,#,confirmed,features(CH32V205DS0.PDF)
ADC,,CH32V205,CH32V205,part,Analog-to-digital Converter (ADC) and Touchkey Capacitance Detection,ADC（模拟/数字转换器）和触摸按键电容检测（TouchKey）,1.4.14,#,confirmed,features(CH32V205DS0.PDF)
ADC,,CH32V407,CH32V407,part,Analog-to-digital Converter (ADC),ADC（模拟/数字转换器）,1.4.13,#,confirmed,features(CH32V407DS0.PDF)
ADC,,CH32V467,CH32V407,part,Analog-to-digital Converter (ADC),ADC（模拟/数字转换器）,1.4.13,#,confirmed,features(CH32V407DS0.PDF)
ADC,,CH32X305,CH32X315,part,Analog-to-digital Converter (ADC),ADC（模拟/数字转换器）,1.4.12,#,confirmed,features(CH32X315DS0.PDF)
ADC,,CH32X315,CH32X315,part,Analog-to-digital Converter (ADC),ADC（模拟/数字转换器）,1.4.12,#,confirmed,features(CH32X315DS0.PDF)
ARGB,,CH32V407,CH32V407,part,Addressable RGB (ARGB),可寻址RGB（ARGB）,1.4.27,#,confirmed,features(CH32V407DS0.PDF)
ARGB,,CH32V467,CH32V407,part,Addressable RGB (ARGB),可寻址RGB（ARGB）,1.4.27,#,confirmed,features(CH32V407DS0.PDF)
ARGB,,CH32X305,CH32X315,part,Cascadable Addressable RGB (ARGB),可级联可寻址RGB（ARGB）,1.4.20,#,confirmed,features(CH32X315DS0.PDF)
ARGB,,CH32X315,CH32X315,part,Cascadable Addressable RGB (ARGB),可级联可寻址RGB（ARGB）,1.4.20,#,confirmed,features(CH32X315DS0.PDF)
CAN,,CH32H415,CH32H417,part,Controller Area Network (CAN),控制器区域网络（CAN）,1.4.28,#,confirmed,features(CH32H417DS0.PDF)
CAN,,CH32H416,CH32H417,part,Controller Area Network (CAN),控制器区域网络（CAN）,1.4.28,#,confirmed,features(CH32H417DS0.PDF)
CAN,,CH32H417,CH32H417,part,Controller Area Network (CAN),控制器区域网络（CAN）,1.4.28,#,confirmed,features(CH32H417DS0.PDF)
CAN,,CH32L103,CH32L103,part,Controller Area Network (CAN),控制器区域网络（CAN）,1.4.19,#,confirmed,features(CH32L103DS0.PDF)
CAN,,CH32M103,CH32L103,part,Controller Area Network (CAN),控制器区域网络（CAN）,1.4.19,#,confirmed,features(CH32L103DS0.PDF)
CAN,,CH32V203,CH32V20x,part,Controller Area Network (CAN),控制器区域网络（CAN）,1.4.20;2.5.18,#,confirmed,features(CH32V203DS0.PDF)+features(CH32V205DS0.PDF)
CAN,,CH32V205,CH32V205,part,Controller Area Network (CAN),控制器区域网络（CAN）,1.4.20,#,confirmed,features(CH32V205DS0.PDF)
CAN,,CH32V208,CH32V20x,part,Controller Area Network (CAN),,2.5.15.4,#,reference,features(CH32V208DS0.PDF)
CAN,,CH32V303,CH32V307,part,Controller Area Network (CAN),控制器区域网络（CAN）,2.5.20,#,confirmed,features(CH32V20x_30xDS0.PDF)
CAN,,CH32V305,CH32V307,part,Controller Area Network (CAN),控制器区域网络（CAN）,2.5.20,#,confirmed,features(CH32V20x_30xDS0.PDF)
CAN,,CH32V307,CH32V307,part,Controller Area Network (CAN),控制器区域网络（CAN）,2.5.20,#,confirmed,features(CH32V20x_30xDS0.PDF)
CAN,,CH32V317,CH32V307,part,Controller Area Network (CAN),控制器区域网络（CAN）,2.5.20,#,confirmed,features(CH32V20x_30xDS0.PDF)
CAN,,CH32V407,CH32V407,part,Controller Area Network (CAN),控制器区域网络（CAN）,1.4.21,#,confirmed,features(CH32V407DS0.PDF)
CAN,,CH32V467,CH32V407,part,Controller Area Network (CAN),控制器区域网络（CAN）,1.4.21,#,confirmed,features(CH32V407DS0.PDF)
CLOCK,,CH32H415,CH32H417,datasheet,Clock and Boot,时钟和启动,1.4.11,#,confirmed,features(CH32H417DS0.PDF)
CLOCK,,CH32H416,CH32H417,datasheet,Clock and Boot,时钟和启动,1.4.11,#,confirmed,features(CH32H417DS0.PDF)
CLOCK,,CH32H417,CH32H417,datasheet,Clock and Boot,时钟和启动,1.4.11,#,confirmed,features(CH32H417DS0.PDF)
CLOCK,,CH32L103,CH32L103,datasheet,Clock and Boot,时钟和启动,1.4.11,#,confirmed,features(CH32L103DS0.PDF)
CLOCK,,CH32M007,CH32V006,datasheet,Clock and Boot,时钟和启动,1.4.10,#,confirmed,features(CH32V007DS0.PDF)
CLOCK,,CH32M030,CH32M030,datasheet,Clock and Boot,时钟和启动,1.4.10,#,confirmed,features(CH32M030DS0.PDF)
CLOCK,,CH32M103,CH32L103,datasheet,Clock and Boot,时钟和启动,1.4.11,#,confirmed,features(CH32L103DS0.PDF)
CLOCK,,CH32V002,CH32V006,datasheet,Clock and Boot,时钟和启动,1.4.10,#,confirmed,features(CH32V002DS0.PDF)
CLOCK,,CH32V003,CH32V003,part,Clock and Boot,时钟和启动,1.4.10,#,confirmed,features(CH32V003DS0.PDF)
CLOCK,,CH32V004,CH32V006,datasheet,Clock and Boot,时钟和启动,1.4.10,#,confirmed,features(CH32V004DS0.PDF)
CLOCK,,CH32V005,CH32V006,datasheet,Clock and Boot,时钟和启动,1.4.10,#,confirmed,features(CH32V006DS0.PDF)
CLOCK,,CH32V006,CH32V006,datasheet,Clock and Boot,时钟和启动,1.4.10,#,confirmed,features(CH32V006DS0.PDF)
CLOCK,,CH32V007,CH32V006,datasheet,Clock and Boot,时钟和启动,1.4.10,#,confirmed,features(CH32V007DS0.PDF)
CLOCK,,CH32V103,CH32V103,part,Clock and Startup,时钟和启动,1.5.11,#,confirmed,features(CH32V103DS0.PDF)
CLOCK,,CH32V203,CH32V20x,part,Clock and Boot,时钟和启动,1.4.12;2.5.11,#,confirmed,features(CH32V203DS0.PDF)+features(CH32V205DS0.PDF)
CLOCK,,CH32V205,CH32V205,datasheet,Clock and Boot,时钟和启动,1.4.12,#,confirmed,features(CH32V205DS0.PDF)
CLOCK,,CH32V208,CH32V20x,part,Clock and Boot,时钟和启动,2.5.11,#,confirmed,features(CH32V208DS0.PDF)
CLOCK,,CH32V303,CH32V307,datasheet,Clock and Boot,时钟和启动,2.5.11,#,confirmed,features(CH32V20x_30xDS0.PDF)
CLOCK,,CH32V305,CH32V307,datasheet,Clock and Boot,时钟和启动,2.5.11,#,confirmed,features(CH32V20x_30xDS0.PDF)
CLOCK,,CH32V307,CH32V307,datasheet,Clock and Boot,时钟和启动,2.5.11,#,confirmed,features(CH32V20x_30xDS0.PDF)
CLOCK,,CH32V317,CH32V307,datasheet,Clock and Boot,时钟和启动,2.5.11,#,confirmed,features(CH32V20x_30xDS0.PDF)
CLOCK,,CH32V407,CH32V407,datasheet,Clock and Boot,时钟和启动,1.4.11,#,confirmed,features(CH32V407DS0.PDF)
CLOCK,,CH32V467,CH32V407,datasheet,Clock and Boot,时钟和启动,1.4.11,#,confirmed,features(CH32V407DS0.PDF)
CLOCK,,CH32X033,CH32X035,datasheet,Clock and Boot,时钟和启动,1.4.11,#,confirmed,features(CH32X035DS0.PDF)
CLOCK,,CH32X035,CH32X035,datasheet,Clock and Boot,时钟和启动,1.4.11,#,confirmed,features(CH32X035DS0.PDF)
CLOCK,,CH32X305,CH32X315,datasheet,Clock and Boot,时钟和启动,1.4.10,#,confirmed,features(CH32X315DS0.PDF)
CLOCK,,CH32X315,CH32X315,datasheet,Clock and Boot,时钟和启动,1.4.10,#,confirmed,features(CH32X315DS0.PDF)
CMP,,CH32H415,CH32H417,part,CMP,电压比较器（CMP）,1.4.39,#,confirmed,features(CH32H417DS0.PDF)
CMP,,CH32H416,CH32H417,part,CMP,电压比较器（CMP）,1.4.39,#,confirmed,features(CH32H417DS0.PDF)
CMP,,CH32H417,CH32H417,part,CMP,电压比较器（CMP）,1.4.39,#,confirmed,features(CH32H417DS0.PDF)
CMP,,CH32L103,CH32L103,part,Voltage Comparator (CMP),电压比较器（CMP）,1.4.24,#,confirmed,features(CH32L103DS0.PDF)
CMP,,CH32M007,CH32V006,part,Voltage Comparator (CMP),电压比较器（CMP）,1.4.18,#,confirmed,features(CH32V007DS0.PDF)
CMP,,CH32M030,CH32M030,datasheet,OPA and CMP Characteristics,OPA与CMP特性,1.4.18,#,confirmed,features(CH32M030DS0.PDF)
CMP,,CH32M103,CH32L103,part,Voltage Comparator (CMP),电压比较器（CMP）,1.4.24,#,confirmed,features(CH32L103DS0.PDF)
CMP,,CH32V007,CH32V006,part,Voltage Comparator (CMP),电压比较器（CMP）,1.4.18,#,confirmed,features(CH32V007DS0.PDF)
CMP,,CH32V203,CH32V20x,part,Voltage Comparators (CMP),电压比较器（CMP）,1.4.27,#,confirmed,features(CH32V205DS0.PDF)
CMP,,CH32V205,CH32V205,part,Voltage Comparators (CMP),电压比较器（CMP）,1.4.27,#,confirmed,features(CH32V205DS0.PDF)
CMP,,CH32X033,CH32X035,part,Voltage Comparator (CMP),电压比较器（CMP）,1.4.21,#,confirmed,features(CH32X035DS0.PDF)
CMP,,CH32X035,CH32X035,part,Voltage Comparator (CMP),电压比较器（CMP）,1.4.21,#,confirmed,features(CH32X035DS0.PDF)
CRC,,CH32H415,CH32H417,datasheet,CRC Calculation Unit,CRC（循环冗余校验）计算单元,1.4.7,#,confirmed,features(CH32H417DS0.PDF)
CRC,,CH32H416,CH32H417,datasheet,CRC Calculation Unit,CRC（循环冗余校验）计算单元,1.4.7,#,confirmed,features(CH32H417DS0.PDF)
CRC,,CH32H417,CH32H417,datasheet,CRC Calculation Unit,CRC（循环冗余校验）计算单元,1.4.7,#,confirmed,features(CH32H417DS0.PDF)
CRC,,CH32L103,CH32L103,datasheet,CRC Calculation Unit,CRC（循环冗余校验）计算单元,1.4.7,#,confirmed,features(CH32L103DS0.PDF)
CRC,,CH32M103,CH32L103,datasheet,CRC Calculation Unit,CRC（循环冗余校验）计算单元,1.4.7,#,confirmed,features(CH32L103DS0.PDF)
CRC,,CH32V103,CH32V103,datasheet,Cyclic Redundancy Check (CRC) Calculation Unit,CRC（循环冗余校验）计算单元,1.5.7,#,confirmed,features(CH32V103DS0.PDF)
CRC,,CH32V203,CH32V20x,datasheet,CRC (cyclic redundancy check) Calculation Unit,CRC（循环冗余校验）计算单元,1.4.8;2.5.7,#,confirmed,features(CH32V203DS0.PDF)+features(CH32V205DS0.PDF)
CRC,,CH32V205,CH32V205,datasheet,CRC (cyclic redundancy check) Calculation Unit,CRC（循环冗余校验）计算单元,1.4.8,#,confirmed,features(CH32V205DS0.PDF)
CRC,,CH32V208,CH32V20x,datasheet,CRC (cyclic redundancy check) calculation unit,CRC（循环冗余校验）计算单元,2.5.7,#,confirmed,features(CH32V208DS0.PDF)
CRC,,CH32V303,CH32V307,datasheet,CRC (Cyclic Redundancy Check) Calculation Unit,CRC（循环冗余校验）计算单元,2.5.7,#,confirmed,features(CH32V20x_30xDS0.PDF)
CRC,,CH32V305,CH32V307,datasheet,CRC (Cyclic Redundancy Check) Calculation Unit,CRC（循环冗余校验）计算单元,2.5.7,#,confirmed,features(CH32V20x_30xDS0.PDF)
CRC,,CH32V307,CH32V307,datasheet,CRC (Cyclic Redundancy Check) Calculation Unit,CRC（循环冗余校验）计算单元,2.5.7,#,confirmed,features(CH32V20x_30xDS0.PDF)
CRC,,CH32V317,CH32V307,datasheet,CRC (Cyclic Redundancy Check) Calculation Unit,CRC（循环冗余校验）计算单元,2.5.7,#,confirmed,features(CH32V20x_30xDS0.PDF)
DAC,,CH32H415,CH32H417,part,DAC (Digital/Analog Converter),DAC（数字/模拟转换器）,1.4.15,#,confirmed,features(CH32H417DS0.PDF)
DAC,,CH32H416,CH32H417,part,DAC (Digital/Analog Converter),DAC（数字/模拟转换器）,1.4.15,#,confirmed,features(CH32H417DS0.PDF)
DAC,,CH32H417,CH32H417,part,DAC (Digital/Analog Converter),DAC（数字/模拟转换器）,1.4.15,#,confirmed,features(CH32H417DS0.PDF)
DAC,,CH32V303,CH32V307,part,Digital-to-analog Converter (DAC),DAC（数字/模拟转换器）,2.5.14,#,confirmed,features(CH32V20x_30xDS0.PDF)
DAC,,CH32V305,CH32V307,part,Digital-to-analog Converter (DAC),DAC（数字/模拟转换器）,2.5.14,#,confirmed,features(CH32V20x_30xDS0.PDF)
DAC,,CH32V307,CH32V307,part,Digital-to-analog Converter (DAC),DAC（数字/模拟转换器）,2.5.14,#,confirmed,features(CH32V20x_30xDS0.PDF)
DAC,,CH32V317,CH32V307,part,Digital-to-analog Converter (DAC),DAC（数字/模拟转换器）,2.5.14,#,confirmed,features(CH32V20x_30xDS0.PDF)
DAC,,CH32V407,CH32V407,part,Digital-to-Analog Converter (DAC),DAC（数字/模拟转换器）,1.4.14,#,confirmed,features(CH32V407DS0.PDF)
DAC,,CH32V467,CH32V407,part,Digital-to-Analog Converter (DAC),DAC（数字/模拟转换器）,1.4.14,#,confirmed,features(CH32V407DS0.PDF)
DFSDM,,CH32H415,CH32H417,part,Digital Filter for ΣΔ Modulator (DFSDM),数字滤波器，用于ΣΔ调制器（DFSDM）,1.4.43,#,confirmed,features(CH32H417DS0.PDF)
DFSDM,,CH32H416,CH32H417,part,Digital Filter for ΣΔ Modulator (DFSDM),数字滤波器，用于ΣΔ调制器（DFSDM）,1.4.43,#,confirmed,features(CH32H417DS0.PDF)
DFSDM,,CH32H417,CH32H417,part,Digital Filter for ΣΔ Modulator (DFSDM),数字滤波器，用于ΣΔ调制器（DFSDM）,1.4.43,#,confirmed,features(CH32H417DS0.PDF)
DMA,,CH32H415,CH32H417,datasheet,General DMA Controller,通用DMA控制器,1.4.10,#,confirmed,features(CH32H417DS0.PDF)
DMA,,CH32H416,CH32H417,datasheet,General DMA Controller,通用DMA控制器,1.4.10,#,confirmed,features(CH32H417DS0.PDF)
DMA,,CH32H417,CH32H417,datasheet,General DMA Controller,通用DMA控制器,1.4.10,#,confirmed,features(CH32H417DS0.PDF)
DMA,,CH32L103,CH32L103,datasheet,General DMA Controller,通用DMA控制器,1.4.10,#,confirmed,features(CH32L103DS0.PDF)
DMA,,CH32M007,CH32V006,datasheet,General-purpose DMA Controller,通用DMA控制器,1.4.9,#,confirmed,features(CH32V007DS0.PDF)
DMA,,CH32M030,CH32M030,datasheet,General-purpose DMA Controller,通用DMA控制器,1.4.9,#,confirmed,features(CH32M030DS0.PDF)
DMA,,CH32M103,CH32L103,datasheet,General DMA Controller,通用DMA控制器,1.4.10,#,confirmed,features(CH32L103DS0.PDF)
DMA,,CH32V002,CH32V006,datasheet,General-purpose DMA Controller,通用DMA控制器,1.4.9,#,confirmed,features(CH32V002DS0.PDF)
DMA,,CH32V003,CH32V003,datasheet,General-purpose DMA Controller,通用DMA控制器,1.4.9,#,confirmed,features(CH32V003DS0.PDF)
DMA,,CH32V004,CH32V006,datasheet,General-purpose DMA Controller,通用DMA控制器,1.4.9,#,confirmed,features(CH32V004DS0.PDF)
DMA,,CH32V005,CH32V006,datasheet,General-purpose DMA Controller,通用DMA控制器,1.4.9,#,confirmed,features(CH32V006DS0.PDF)
DMA,,CH32V006,CH32V006,datasheet,General-purpose DMA Controller,通用DMA控制器,1.4.9,#,confirmed,features(CH32V006DS0.PDF)
DMA,,CH32V007,CH32V006,datasheet,General-purpose DMA Controller,通用DMA控制器,1.4.9,#,confirmed,features(CH32V007DS0.PDF)
DMA,,CH32V103,CH32V103,datasheet,General-purpose DMA Controller,通用DMA控制器,1.5.10,#,confirmed,features(CH32V103DS0.PDF)
DMA,,CH32V203,CH32V20x,datasheet,General DMA Controller,通用DMA控制器,1.4.11;2.5.10,#,confirmed,features(CH32V203DS0.PDF)+features(CH32V205DS0.PDF)
DMA,,CH32V205,CH32V205,datasheet,General DMA Controller,通用DMA控制器,1.4.11,#,confirmed,features(CH32V205DS0.PDF)
DMA,,CH32V208,CH32V20x,datasheet,General DMA controller,通用DMA控制器,2.5.10,#,confirmed,features(CH32V208DS0.PDF)
DMA,,CH32V303,CH32V307,datasheet,General DMA Controller,通用DMA控制器,2.5.10,#,confirmed,features(CH32V20x_30xDS0.PDF)
DMA,,CH32V305,CH32V307,datasheet,General DMA Controller,通用DMA控制器,2.5.10,#,confirmed,features(CH32V20x_30xDS0.PDF)
DMA,,CH32V307,CH32V307,datasheet,General DMA Controller,通用DMA控制器,2.5.10,#,confirmed,features(CH32V20x_30xDS0.PDF)
DMA,,CH32V317,CH32V307,datasheet,General DMA Controller,通用DMA控制器,2.5.10,#,confirmed,features(CH32V20x_30xDS0.PDF)
DMA,,CH32V407,CH32V407,datasheet,General DMA Controller,通用DMA控制器,1.4.10,#,confirmed,features(CH32V407DS0.PDF)
DMA,,CH32V467,CH32V407,datasheet,General DMA Controller,通用DMA控制器,1.4.10,#,confirmed,features(CH32V407DS0.PDF)
DMA,,CH32X033,CH32X035,datasheet,General DMA Controller,通用DMA控制器,1.4.10,#,confirmed,features(CH32X035DS0.PDF)
DMA,,CH32X035,CH32X035,datasheet,General DMA Controller,通用DMA控制器,1.4.10,#,confirmed,features(CH32X035DS0.PDF)
DMA,,CH32X305,CH32X315,datasheet,General DMA Controller,通用DMA控制器,1.4.9,#,confirmed,features(CH32X315DS0.PDF)
DMA,,CH32X315,CH32X315,datasheet,General DMA Controller,通用DMA控制器,1.4.9,#,confirmed,features(CH32X315DS0.PDF)
DVP,,CH32H415,CH32H417,part,Digital Video Port (DVP),数字图像接口（DVP）,1.4.29,#,confirmed,features(CH32H417DS0.PDF)
DVP,,CH32H416,CH32H417,part,Digital Video Port (DVP),数字图像接口（DVP）,1.4.29,#,confirmed,features(CH32H417DS0.PDF)
DVP,,CH32H417,CH32H417,part,Digital Video Port (DVP),数字图像接口（DVP）,1.4.29,#,confirmed,features(CH32H417DS0.PDF)
DVP,,CH32V307,CH32V307,part,Digital Video Port (DVP),数字图像接口（DVP）,2.5.23,#,confirmed,features(CH32V20x_30xDS0.PDF)
DVP,,CH32V317,CH32V307,part,Digital Video Port (DVP),数字图像接口（DVP）,2.5.23,#,confirmed,features(CH32V20x_30xDS0.PDF)
DVP,,CH32V407,CH32V407,part,Digital Video Port (DVP),数字图像接口（DVP）,1.4.23,#,confirmed,features(CH32V407DS0.PDF)
DVP,,CH32V467,CH32V407,part,Digital Video Port (DVP),数字图像接口（DVP）,1.4.23,#,confirmed,features(CH32V407DS0.PDF)
ECDC,,CH32H415,CH32H417,datasheet,Encryption Module (ECDC),加密模块（ECDC）,1.4.44,#,confirmed,features(CH32H417DS0.PDF)
ECDC,,CH32H416,CH32H417,datasheet,Encryption Module (ECDC),加密模块（ECDC）,1.4.44,#,confirmed,features(CH32H417DS0.PDF)
ECDC,,CH32H417,CH32H417,datasheet,Encryption Module (ECDC),加密模块（ECDC）,1.4.44,#,confirmed,features(CH32H417DS0.PDF)
ETHERNET,,CH32H417,CH32H417,part,Ethernet Controller and Transceiver (MAC+PHY),以太网控制器及收发器（MAC+PHY）,1.4.31,#,confirmed,features(CH32H417DS0.PDF)
ETHERNET,,CH32V307,CH32V307,part,Gigabit Ethernet controller (MAC+PHY),以太网控制器（MAC+PHY）,2.5.26,#,confirmed,features(CH32V20x_30xDS0.PDF)
ETHERNET,,CH32V317,CH32V307,part,Gigabit Ethernet controller (MAC+PHY),以太网控制器（MAC+PHY）,2.5.26,#,confirmed,features(CH32V20x_30xDS0.PDF)
ETHERNET,,CH32V407,CH32V407,part,Ethernet Controller and Transceiver (MAC+PHY),以太网控制器（MAC+PHY）,1.4.28,#,confirmed,features(CH32V407DS0.PDF)
ETHERNET,,CH32V467,CH32V407,part,Ethernet Controller and Transceiver (MAC+PHY),以太网控制器（MAC+PHY）,1.4.28,#,confirmed,features(CH32V407DS0.PDF)
EXTI,,CH32H415,CH32H417,datasheet,External Interrupt/Event Controller (EXTI),外部中断/事件控制器（EXTI）,1.4.9,#,confirmed,features(CH32H417DS0.PDF)
EXTI,,CH32H416,CH32H417,datasheet,External Interrupt/Event Controller (EXTI),外部中断/事件控制器（EXTI）,1.4.9,#,confirmed,features(CH32H417DS0.PDF)
EXTI,,CH32H417,CH32H417,datasheet,External Interrupt/Event Controller (EXTI),外部中断/事件控制器（EXTI）,1.4.9,#,confirmed,features(CH32H417DS0.PDF)
EXTI,,CH32L103,CH32L103,datasheet,External Interrupt/Event Controller (EXTI),外部中断/事件控制器（EXTI）,1.4.9,#,confirmed,features(CH32L103DS0.PDF)
EXTI,,CH32M007,CH32V006,datasheet,External Interrupt/Event Controller (EXTI),外部中断/事件控制器（EXTI）,1.4.8,#,confirmed,features(CH32V007DS0.PDF)
EXTI,,CH32M030,CH32M030,datasheet,External Interrupt/Event Controller (EXTI),外部中断/事件控制器（EXTI）,1.4.8,#,confirmed,features(CH32M030DS0.PDF)
EXTI,,CH32M103,CH32L103,datasheet,External Interrupt/Event Controller (EXTI),外部中断/事件控制器（EXTI）,1.4.9,#,confirmed,features(CH32L103DS0.PDF)
EXTI,,CH32V002,CH32V006,datasheet,External Interrupt/Event Controller (EXTI),外部中断/事件控制器（EXTI）,1.4.8,#,confirmed,features(CH32V002DS0.PDF)
EXTI,,CH32V003,CH32V003,datasheet,External Interrupt/Event Controller (EXTI),外部中断/事件控制器（EXTI）,1.4.8,#,confirmed,features(CH32V003DS0.PDF)
EXTI,,CH32V004,CH32V006,datasheet,External Interrupt/Event Controller (EXTI),外部中断/事件控制器（EXTI）,1.4.8,#,confirmed,features(CH32V004DS0.PDF)
EXTI,,CH32V005,CH32V006,datasheet,External Interrupt/Event Controller (EXTI),外部中断/事件控制器（EXTI）,1.4.8,#,confirmed,features(CH32V006DS0.PDF)
EXTI,,CH32V006,CH32V006,datasheet,External Interrupt/Event Controller (EXTI),外部中断/事件控制器（EXTI）,1.4.8,#,confirmed,features(CH32V006DS0.PDF)
EXTI,,CH32V007,CH32V006,datasheet,External Interrupt/Event Controller (EXTI),外部中断/事件控制器（EXTI）,1.4.8,#,confirmed,features(CH32V007DS0.PDF)
EXTI,,CH32V103,CH32V103,datasheet,External Interrupt/Event Controller (EXTI),外部中断/事件控制器（EXTI）,1.5.9,#,confirmed,features(CH32V103DS0.PDF)
EXTI,,CH32V203,CH32V20x,datasheet,External Interrupt/Event Controller (EXTI),外部中断/事件控制器（EXTI）,1.4.10;2.5.9,#,confirmed,features(CH32V203DS0.PDF)+features(CH32V205DS0.PDF)
EXTI,,CH32V205,CH32V205,datasheet,External Interrupt/Event Controller (EXTI),外部中断/事件控制器（EXTI）,1.4.10,#,confirmed,features(CH32V205DS0.PDF)
EXTI,,CH32V208,CH32V20x,datasheet,External interrupt/event controller (EXTI),外部中断/事件控制器（EXTI）,2.5.9,#,confirmed,features(CH32V208DS0.PDF)
EXTI,,CH32V303,CH32V307,datasheet,External Interrupt/Event Controller (EXTI),外部中断/事件控制器（EXTI）,2.5.9,#,confirmed,features(CH32V20x_30xDS0.PDF)
EXTI,,CH32V305,CH32V307,datasheet,External Interrupt/Event Controller (EXTI),外部中断/事件控制器（EXTI）,2.5.9,#,confirmed,features(CH32V20x_30xDS0.PDF)
EXTI,,CH32V307,CH32V307,datasheet,External Interrupt/Event Controller (EXTI),外部中断/事件控制器（EXTI）,2.5.9,#,confirmed,features(CH32V20x_30xDS0.PDF)
EXTI,,CH32V317,CH32V307,datasheet,External Interrupt/Event Controller (EXTI),外部中断/事件控制器（EXTI）,2.5.9,#,confirmed,features(CH32V20x_30xDS0.PDF)
EXTI,,CH32V407,CH32V407,datasheet,External Interrupt/Event Controller (EXTI),外部中断/事件控制器（EXTI）,1.4.9,#,confirmed,features(CH32V407DS0.PDF)
EXTI,,CH32V467,CH32V407,datasheet,External Interrupt/Event Controller (EXTI),外部中断/事件控制器（EXTI）,1.4.9,#,confirmed,features(CH32V407DS0.PDF)
EXTI,,CH32X033,CH32X035,datasheet,External Interrupt/Event Controller (EXTI),外部中断/事件控制器（EXTI）,1.4.9,#,confirmed,features(CH32X035DS0.PDF)
EXTI,,CH32X035,CH32X035,datasheet,External Interrupt/Event Controller (EXTI),外部中断/事件控制器（EXTI）,1.4.9,#,confirmed,features(CH32X035DS0.PDF)
EXTI,,CH32X305,CH32X315,datasheet,External Interrupt/Event Controller (EXTI),外部中断/事件控制器（EXTI）,1.4.8,#,confirmed,features(CH32X315DS0.PDF)
EXTI,,CH32X315,CH32X315,datasheet,External Interrupt/Event Controller (EXTI),外部中断/事件控制器（EXTI）,1.4.8,#,confirmed,features(CH32X315DS0.PDF)
FMC,,CH32H417,CH32H417,part,Flexible Memory Controller (FMC),可变存储控制器（FMC）,1.4.42,#,confirmed,features(CH32H417DS0.PDF)
FSMC,,CH32V205,CH32V205,part,Flexible Static Memory Controller (FSMC),可配置的静态存储器控制器（FSMC）,1.4.24,#,confirmed,features(CH32V205DS0.PDF)
FSMC,,CH32V303,CH32V307,part,Flexible Static Memory Controller,可配置的静态存储器控制器（FSMC）,2.5.25,#,confirmed,features(CH32V20x_30xDS0.PDF)
FSMC,,CH32V307,CH32V307,part,Flexible Static Memory Controller,可配置的静态存储器控制器（FSMC）,2.5.25,#,confirmed,features(CH32V20x_30xDS0.PDF)
FSMC,,CH32V407,CH32V407,part,Flexible Static Memory Controller (FSMC),可配置的静态存储器控制器（FSMC）,1.4.25,#,confirmed,features(CH32V407DS0.PDF)
FSMC,,CH32V467,CH32V407,part,Flexible Static Memory Controller (FSMC),可配置的静态存储器控制器（FSMC）,1.4.25,#,confirmed,features(CH32V407DS0.PDF)
GATE-DRIVER,,CH32L103,CH32L103,datasheet,Gate Driver,栅极驱动器,1.4.25,#,confirmed,features(CH32L103DS0.PDF)
GATE-DRIVER,,CH32M007,CH32V006,datasheet,Gate Driver,栅极驱动器,1.4.19,#,confirmed,features(CH32V007DS0.PDF)
GATE-DRIVER,,CH32M030,CH32M030,datasheet,Gate Driver,栅极驱动器,1.4.20,#,confirmed,features(CH32M030DS0.PDF)
GATE-DRIVER,,CH32M103,CH32L103,datasheet,Gate Driver,栅极驱动器,1.4.25,#,confirmed,features(CH32L103DS0.PDF)
GATE-DRIVER,,CH32V007,CH32V006,datasheet,Gate Driver,栅极驱动器,1.4.19,#,confirmed,features(CH32V007DS0.PDF)
GPHA,,CH32H415,CH32H417,part,Graphics Processing Hardware Accelerator (GPHA),"图形处理硬件加速器（Graphics Processing Hardware Accelerator,GPHA）",1.4.41,#,confirmed,features(CH32H417DS0.PDF)
GPHA,,CH32H416,CH32H417,part,Graphics Processing Hardware Accelerator (GPHA),"图形处理硬件加速器（Graphics Processing Hardware Accelerator,GPHA）",1.4.41,#,confirmed,features(CH32H417DS0.PDF)
GPHA,,CH32H417,CH32H417,part,Graphics Processing Hardware Accelerator (GPHA),"图形处理硬件加速器（Graphics Processing Hardware Accelerator,GPHA）",1.4.41,#,confirmed,features(CH32H417DS0.PDF)
GPIO,,CH32H415,CH32H417,datasheet,General-purpose Input/Output Interface (GPIO),通用输入输出接口（GPIO）,1.4.45,#,confirmed,features(CH32H417DS0.PDF)
GPIO,,CH32H416,CH32H417,datasheet,General-purpose Input/Output Interface (GPIO),通用输入输出接口（GPIO）,1.4.45,#,confirmed,features(CH32H417DS0.PDF)
GPIO,,CH32H417,CH32H417,datasheet,General-purpose Input/Output Interface (GPIO),通用输入输出接口（GPIO）,1.4.45,#,confirmed,features(CH32H417DS0.PDF)
GPIO,,CH32L103,CH32L103,datasheet,General-purpose Input / Output (GPIO),通用输入输出接口（GPIO）,1.4.22,#,confirmed,features(CH32L103DS0.PDF)
GPIO,,CH32M007,CH32V006,datasheet,General-purpose Input and Output (GPIO),通用输入输出接口（GPIO）,1.4.16,#,confirmed,features(CH32V007DS0.PDF)
GPIO,,CH32M030,CH32M030,datasheet,General-purpose Input/Output Interface (GPIO),通用输入输出接口（GPIO）,1.4.21,#,confirmed,features(CH32M030DS0.PDF)
GPIO,,CH32M103,CH32L103,datasheet,General-purpose Input / Output (GPIO),通用输入输出接口（GPIO）,1.4.22,#,confirmed,features(CH32L103DS0.PDF)
GPIO,,CH32V002,CH32V006,datasheet,General-purpose Input and Output (GPIO),通用输入输出接口（GPIO）,1.4.16,#,confirmed,features(CH32V002DS0.PDF)
GPIO,,CH32V003,CH32V003,datasheet,General-purpose Input and Output (GPIO),通用输入输出接口（GPIO）,1.4.16,#,confirmed,features(CH32V003DS0.PDF)
GPIO,,CH32V004,CH32V006,datasheet,General-purpose Input and Output (GPIO),通用输入输出接口（GPIO）,1.4.16,#,confirmed,features(CH32V004DS0.PDF)
GPIO,,CH32V005,CH32V006,datasheet,General-purpose Input and Output (GPIO),通用输入输出接口（GPIO）,1.4.16,#,confirmed,features(CH32V006DS0.PDF)
GPIO,,CH32V006,CH32V006,datasheet,General-purpose Input and Output (GPIO),通用输入输出接口（GPIO）,1.4.16,#,confirmed,features(CH32V006DS0.PDF)
GPIO,,CH32V007,CH32V006,datasheet,General-purpose Input and Output (GPIO),通用输入输出接口（GPIO）,1.4.16,#,confirmed,features(CH32V007DS0.PDF)
GPIO,,CH32V103,CH32V103,datasheet,General-purpose Input/Output (GPIO),通用输入输出接口（GPIO）,1.5.19,#,confirmed,features(CH32V103DS0.PDF)
GPIO,,CH32V203,CH32V20x,datasheet,General-purpose Input and Output (GPIO),通用输入输出接口（GPIO）,1.4.25;2.5.21,#,confirmed,features(CH32V203DS0.PDF)+features(CH32V205DS0.PDF)
GPIO,,CH32V205,CH32V205,datasheet,General-purpose Input and Output (GPIO),通用输入输出接口（GPIO）,1.4.25,#,confirmed,features(CH32V205DS0.PDF)
GPIO,,CH32V208,CH32V20x,datasheet,General-purpose input and output (GPIO),串行外设接口（SPI）;通用输入输出接口（GPIO）,2.5.16;2.5.21,#,reference,features(CH32V208DS0.PDF)
GPIO,,CH32V303,CH32V307,datasheet,General-purpose Input and Output (GPIO),通用输入输出接口（GPIO）,2.5.27,#,confirmed,features(CH32V20x_30xDS0.PDF)
GPIO,,CH32V305,CH32V307,datasheet,General-purpose Input and Output (GPIO),通用输入输出接口（GPIO）,2.5.27,#,confirmed,features(CH32V20x_30xDS0.PDF)
GPIO,,CH32V307,CH32V307,datasheet,General-purpose Input and Output (GPIO),通用输入输出接口（GPIO）,2.5.27,#,confirmed,features(CH32V20x_30xDS0.PDF)
GPIO,,CH32V317,CH32V307,datasheet,General-purpose Input and Output (GPIO),通用输入输出接口（GPIO）,2.5.27,#,confirmed,features(CH32V20x_30xDS0.PDF)
GPIO,,CH32V407,CH32V407,datasheet,General-purpose Input and Output (GPIO),通用输入输出接口（GPIO）,1.4.31,#,confirmed,features(CH32V407DS0.PDF)
GPIO,,CH32V467,CH32V407,datasheet,General-purpose Input and Output (GPIO),通用输入输出接口（GPIO）,1.4.31,#,confirmed,features(CH32V407DS0.PDF)
GPIO,,CH32X033,CH32X035,datasheet,General-purpose Input and Output (GPIO),通用输入输出接口（GPIO）,1.4.19,#,confirmed,features(CH32X035DS0.PDF)
GPIO,,CH32X035,CH32X035,datasheet,General-purpose Input and Output (GPIO),通用输入输出接口（GPIO）,1.4.19,#,confirmed,features(CH32X035DS0.PDF)
GPIO,,CH32X305,CH32X315,datasheet,General-purpose Input and Output (GPIO),通用输入输出接口（GPIO）,1.4.21,#,confirmed,features(CH32X315DS0.PDF)
GPIO,,CH32X315,CH32X315,datasheet,General-purpose Input and Output (GPIO),通用输入输出接口（GPIO）,1.4.21,#,confirmed,features(CH32X315DS0.PDF)
HSADC,,CH32H415,CH32H417,part,HSADC (High-speed Analog/Digital Converter),HSADC（高速模拟/数字转换器）,1.4.14,#,confirmed,features(CH32H417DS0.PDF)
HSADC,,CH32H416,CH32H417,part,HSADC (High-speed Analog/Digital Converter),HSADC（高速模拟/数字转换器）,1.4.14,#,confirmed,features(CH32H417DS0.PDF)
HSADC,,CH32H417,CH32H417,part,HSADC (High-speed Analog/Digital Converter),HSADC（高速模拟/数字转换器）,1.4.14,#,confirmed,features(CH32H417DS0.PDF)
I2C,,CH32H415,CH32H417,part,I2C Bus,I2C总线,1.4.21,#,confirmed,features(CH32H417DS0.PDF)
I2C,,CH32H416,CH32H417,part,I2C Bus,I2C总线,1.4.21,#,confirmed,features(CH32H417DS0.PDF)
I2C,,CH32H417,CH32H417,part,I2C Bus,I2C总线,1.4.21,#,confirmed,features(CH32H417DS0.PDF)
I2C,,CH32L103,CH32L103,part,I2C Bus,I2C总线,1.4.18,#,confirmed,features(CH32L103DS0.PDF)
I2C,,CH32M007,CH32V006,part,I2C Bus,I2C总线,1.4.15,#,confirmed,features(CH32V007DS0.PDF)
I2C,,CH32M030,CH32M030,part,I2C Bus,I2C总线,1.4.14,#,confirmed,features(CH32M030DS0.PDF)
I2C,,CH32M103,CH32L103,part,I2C Bus,I2C总线,1.4.18,#,confirmed,features(CH32L103DS0.PDF)
I2C,,CH32V002,CH32V006,part,I2C Bus,I2C总线,1.4.15,#,confirmed,features(CH32V002DS0.PDF)
I2C,,CH32V003,CH32V003,part,I2C Bus,I2C总线,1.4.15,#,confirmed,features(CH32V003DS0.PDF)
I2C,,CH32V004,CH32V006,part,I2C Bus,I2C总线,1.4.15,#,confirmed,features(CH32V004DS0.PDF)
I2C,,CH32V005,CH32V006,part,I2C Bus,I2C总线,1.4.15,#,confirmed,features(CH32V006DS0.PDF)
I2C,,CH32V006,CH32V006,part,I2C Bus,I2C总线,1.4.15,#,confirmed,features(CH32V006DS0.PDF)
I2C,,CH32V007,CH32V006,part,I2C Bus,I2C总线,1.4.15,#,confirmed,features(CH32V007DS0.PDF)
I2C,,CH32V103,CH32V103,part,I2C Bus,I2C总线,1.5.17,#,confirmed,features(CH32V103DS0.PDF)
I2C,,CH32V203,CH32V20x,part,I2C Bus,I2C总线,1.4.19;2.5.17,#,confirmed,features(CH32V203DS0.PDF)+features(CH32V205DS0.PDF)
I2C,,CH32V205,CH32V205,part,I2C Bus,I2C总线,1.4.19,#,confirmed,features(CH32V205DS0.PDF)
I2C,,CH32V208,CH32V20x,part,I2C bus,,2.5.15.3,#,reference,features(CH32V208DS0.PDF)
I2C,,CH32V303,CH32V307,part,I2C Bus,I2C总线,2.5.19,#,confirmed,features(CH32V20x_30xDS0.PDF)
I2C,,CH32V305,CH32V307,part,I2C Bus,I2C总线,2.5.19,#,confirmed,features(CH32V20x_30xDS0.PDF)
I2C,,CH32V307,CH32V307,part,I2C Bus,I2C总线,2.5.19,#,confirmed,features(CH32V20x_30xDS0.PDF)
I2C,,CH32V317,CH32V307,part,I2C Bus,I2C总线,2.5.19,#,confirmed,features(CH32V20x_30xDS0.PDF)
I2C,,CH32V407,CH32V407,part,I2C Bus,I2C总线,1.4.19,#,confirmed,features(CH32V407DS0.PDF)
I2C,,CH32V467,CH32V407,part,I2C Bus,I2C总线,1.4.19,#,confirmed,features(CH32V407DS0.PDF)
I2C,,CH32X033,CH32X035,datasheet,I2C Bus,I2C总线,1.4.16,#,confirmed,features(CH32X035DS0.PDF)
I2C,,CH32X035,CH32X035,datasheet,I2C Bus,I2C总线,1.4.16,#,confirmed,features(CH32X035DS0.PDF)
I2C,,CH32X305,CH32X315,part,I2C Bus,I2C总线,1.4.16,#,confirmed,features(CH32X315DS0.PDF)
I2C,,CH32X315,CH32X315,part,I2C Bus,I2C总线,1.4.16,#,confirmed,features(CH32X315DS0.PDF)
I2S,,CH32H415,CH32H417,part,I2S (Audio) Interface,I2S（音频）接口,1.4.19,#,confirmed,features(CH32H417DS0.PDF)
I2S,,CH32H416,CH32H417,part,I2S (Audio) Interface,I2S（音频）接口,1.4.19,#,confirmed,features(CH32H417DS0.PDF)
I2S,,CH32H417,CH32H417,part,I2S (Audio) Interface,I2S（音频）接口,1.4.19,#,confirmed,features(CH32H417DS0.PDF)
I2S,,CH32V303,CH32V307,part,I2S (audio) Interface,I2S（音频）接口,2.5.18,#,confirmed,features(CH32V20x_30xDS0.PDF)
I2S,,CH32V305,CH32V307,part,I2S (audio) Interface,I2S（音频）接口,2.5.18,#,confirmed,features(CH32V20x_30xDS0.PDF)
I2S,,CH32V307,CH32V307,part,I2S (audio) Interface,I2S（音频）接口,2.5.18,#,confirmed,features(CH32V20x_30xDS0.PDF)
I2S,,CH32V317,CH32V307,part,I2S (audio) Interface,I2S（音频）接口,2.5.18,#,confirmed,features(CH32V20x_30xDS0.PDF)
I2S,,CH32V407,CH32V407,part,I2S (Audio) Interface,I2S（音频）接口,1.4.18,#,confirmed,features(CH32V407DS0.PDF)
I2S,,CH32V467,CH32V407,part,I2S (Audio) Interface,I2S（音频）接口,1.4.18,#,confirmed,features(CH32V407DS0.PDF)
I3C,,CH32H415,CH32H417,part,I3C Bus,I3C总线,1.4.22,#,confirmed,features(CH32H417DS0.PDF)
I3C,,CH32H416,CH32H417,part,I3C Bus,I3C总线,1.4.22,#,confirmed,features(CH32H417DS0.PDF)
I3C,,CH32H417,CH32H417,part,I3C Bus,I3C总线,1.4.22,#,confirmed,features(CH32H417DS0.PDF)
I3C,,CH32V407,CH32V407,part,I3C Bus,I3C总线,1.4.20,#,confirmed,features(CH32V407DS0.PDF)
I3C,,CH32V467,CH32V407,part,I3C Bus,I3C总线,1.4.20,#,confirmed,features(CH32V407DS0.PDF)
ISINK,,CH32M030,CH32M030,part,Programmable Current Sink Module ISINK/Source Current Module ISOURCE,可编程灌电流模块ISINK/源电流模块ISOURCE,1.4.19,#,confirmed,features(CH32M030DS0.PDF)
ISOURCE,,CH32M030,CH32M030,part,Programmable Current Sink Module ISINK/Source Current Module ISOURCE,可编程灌电流模块ISINK/源电流模块ISOURCE,1.4.19,#,confirmed,features(CH32M030DS0.PDF)
ISP,,CH32M030,CH32M030,part,Differential Input Current Sample (ISP),差分输入电流采样（ISP）,1.4.18.2,#,confirmed,features(CH32M030DS0.PDF)
IWDG,WDG,CH32V103,CH32V103,datasheet,Independent Watchdog (IWDG),独立看门狗（IWDG）,1.5.14.3,#,confirmed,features(CH32V103DS0.PDF)
LDO,,CH32H415,CH32H417,datasheet,System Voltage Regulator LDO,系统电压调节器LDO,1.4.5,#,confirmed,features(CH32H417DS0.PDF)
LDO,,CH32H416,CH32H417,datasheet,System Voltage Regulator LDO,系统电压调节器LDO,1.4.5,#,confirmed,features(CH32H417DS0.PDF)
LDO,,CH32H417,CH32H417,datasheet,System Voltage Regulator LDO,系统电压调节器LDO,1.4.5,#,confirmed,features(CH32H417DS0.PDF)
LDO,,CH32L103,CH32L103,datasheet,System Voltage Regulator LDO,系统电压调节器LDO,1.4.5,#,confirmed,features(CH32L103DS0.PDF)
LDO,,CH32M007,CH32V006,datasheet,System Voltage Regulator LDO,系统电压调节器LDO,1.4.5,#,confirmed,features(CH32V007DS0.PDF)
LDO,,CH32M030,CH32M030,datasheet,System Voltage Regulator LDO,系统电压调节器LDO,1.4.5,#,confirmed,features(CH32M030DS0.PDF)
LDO,,CH32M103,CH32L103,datasheet,System Voltage Regulator LDO,系统电压调节器LDO,1.4.5,#,confirmed,features(CH32L103DS0.PDF)
LDO,,CH32V002,CH32V006,datasheet,System Voltage Regulator LDO,系统电压调节器LDO,1.4.5,#,confirmed,features(CH32V002DS0.PDF)
LDO,,CH32V003,CH32V003,datasheet,Voltage Regulator,电压调节器,1.4.5,#,confirmed,features(CH32V003DS0.PDF)
LDO,,CH32V004,CH32V006,datasheet,System Voltage Regulator LDO,系统电压调节器LDO,1.4.5,#,confirmed,features(CH32V004DS0.PDF)
LDO,,CH32V005,CH32V006,datasheet,System Voltage Regulator LDO,系统电压调节器LDO,1.4.5,#,confirmed,features(CH32V006DS0.PDF)
LDO,,CH32V006,CH32V006,datasheet,System Voltage Regulator LDO,系统电压调节器LDO,1.4.5,#,confirmed,features(CH32V006DS0.PDF)
LDO,,CH32V007,CH32V006,datasheet,System Voltage Regulator LDO,系统电压调节器LDO,1.4.5,#,confirmed,features(CH32V007DS0.PDF)
LDO,,CH32V103,CH32V103,datasheet,Voltage Regulator,电压调节器,1.5.5,#,confirmed,features(CH32V103DS0.PDF)
LDO,,CH32V203,CH32V20x,datasheet,System Voltage Regulator LDO;Voltage Regulator,电压调节器;系统电压调节器LDO,1.4.6;2.5.5,#,confirmed,features(CH32V203DS0.PDF)+features(CH32V205DS0.PDF)
LDO,,CH32V205,CH32V205,datasheet,System Voltage Regulator LDO,系统电压调节器LDO,1.4.6,#,confirmed,features(CH32V205DS0.PDF)
LDO,,CH32V208,CH32V20x,datasheet,Voltage regulator,电压调节器,2.5.5,#,confirmed,features(CH32V208DS0.PDF)
LDO,,CH32V303,CH32V307,datasheet,Voltage Regulator,电压调节器,2.5.5,#,confirmed,features(CH32V20x_30xDS0.PDF)
LDO,,CH32V305,CH32V307,datasheet,Voltage Regulator,电压调节器,2.5.5,#,confirmed,features(CH32V20x_30xDS0.PDF)
LDO,,CH32V307,CH32V307,datasheet,Voltage Regulator,电压调节器,2.5.5,#,confirmed,features(CH32V20x_30xDS0.PDF)
LDO,,CH32V317,CH32V307,datasheet,Voltage Regulator,电压调节器,2.5.5,#,confirmed,features(CH32V20x_30xDS0.PDF)
LDO,,CH32V407,CH32V407,datasheet,System Voltage Regulator LDO,系统电压调节器LDO,1.4.6,#,confirmed,features(CH32V407DS0.PDF)
LDO,,CH32V467,CH32V407,datasheet,System Voltage Regulator LDO,系统电压调节器LDO,1.4.6,#,confirmed,features(CH32V407DS0.PDF)
LDO,,CH32X033,CH32X035,datasheet,System Voltage Regulator LDO,系统电压调节器LDO,1.4.6,#,confirmed,features(CH32X035DS0.PDF)
LDO,,CH32X035,CH32X035,datasheet,System Voltage Regulator LDO,系统电压调节器LDO,1.4.6,#,confirmed,features(CH32X035DS0.PDF)
LDO,,CH32X305,CH32X315,datasheet,System Voltage Regulator LDO,系统电压调节器LDO,1.4.5,#,confirmed,features(CH32X315DS0.PDF)
LDO,,CH32X315,CH32X315,datasheet,System Voltage Regulator LDO,系统电压调节器LDO,1.4.5,#,confirmed,features(CH32X315DS0.PDF)
LOW-POWER,,CH32H415,CH32H417,datasheet,Low-power Mode,低功耗模式,1.4.6,#,confirmed,features(CH32H417DS0.PDF)
LOW-POWER,,CH32H416,CH32H417,datasheet,Low-power Mode,低功耗模式,1.4.6,#,confirmed,features(CH32H417DS0.PDF)
LOW-POWER,,CH32H417,CH32H417,datasheet,Low-power Mode,低功耗模式,1.4.6,#,confirmed,features(CH32H417DS0.PDF)
LOW-POWER,,CH32L103,CH32L103,datasheet,Low-power Mode,低功耗模式,1.4.6,#,confirmed,features(CH32L103DS0.PDF)
LOW-POWER,,CH32M007,CH32V006,datasheet,Low-power Mode,低功耗模式,1.4.6,#,confirmed,features(CH32V007DS0.PDF)
LOW-POWER,,CH32M030,CH32M030,datasheet,Low-power Mode,低功耗模式,1.4.7,#,confirmed,features(CH32M030DS0.PDF)
LOW-POWER,,CH32M103,CH32L103,datasheet,Low-power Mode,低功耗模式,1.4.6,#,confirmed,features(CH32L103DS0.PDF)
LOW-POWER,,CH32V002,CH32V006,datasheet,Low-power Mode,低功耗模式,1.4.6,#,confirmed,features(CH32V002DS0.PDF)
LOW-POWER,,CH32V003,CH32V003,datasheet,Low-power Mode,低功耗模式,1.4.6,#,confirmed,features(CH32V003DS0.PDF)
LOW-POWER,,CH32V004,CH32V006,datasheet,Low-power Mode,低功耗模式,1.4.6,#,confirmed,features(CH32V004DS0.PDF)
LOW-POWER,,CH32V005,CH32V006,datasheet,Low-power Mode,低功耗模式,1.4.6,#,confirmed,features(CH32V006DS0.PDF)
LOW-POWER,,CH32V006,CH32V006,datasheet,Low-power Mode,低功耗模式,1.4.6,#,confirmed,features(CH32V006DS0.PDF)
LOW-POWER,,CH32V007,CH32V006,datasheet,Low-power Mode,低功耗模式,1.4.6,#,confirmed,features(CH32V007DS0.PDF)
LOW-POWER,,CH32V103,CH32V103,datasheet,Low-power Mode,低功耗模式,1.5.6,#,confirmed,features(CH32V103DS0.PDF)
LOW-POWER,,CH32V203,CH32V20x,datasheet,Low-power Mode,低功耗模式,1.4.7;2.5.6,#,confirmed,features(CH32V203DS0.PDF)+features(CH32V205DS0.PDF)
LOW-POWER,,CH32V205,CH32V205,datasheet,Low-power Mode,低功耗模式,1.4.7,#,confirmed,features(CH32V205DS0.PDF)
LOW-POWER,,CH32V208,CH32V20x,datasheet,Low-power mode,低功耗模式,2.5.6,#,confirmed,features(CH32V208DS0.PDF)
LOW-POWER,,CH32V303,CH32V307,datasheet,Low-power Mode,低功耗模式,2.5.6,#,confirmed,features(CH32V20x_30xDS0.PDF)
LOW-POWER,,CH32V305,CH32V307,datasheet,Low-power Mode,低功耗模式,2.5.6,#,confirmed,features(CH32V20x_30xDS0.PDF)
LOW-POWER,,CH32V307,CH32V307,datasheet,Low-power Mode,低功耗模式,2.5.6,#,confirmed,features(CH32V20x_30xDS0.PDF)
LOW-POWER,,CH32V317,CH32V307,datasheet,Low-power Mode,低功耗模式,2.5.6,#,confirmed,features(CH32V20x_30xDS0.PDF)
LOW-POWER,,CH32V407,CH32V407,datasheet,Low-power Mode,低功耗模式,1.4.7,#,confirmed,features(CH32V407DS0.PDF)
LOW-POWER,,CH32V467,CH32V407,datasheet,Low-power Mode,低功耗模式,1.4.7,#,confirmed,features(CH32V407DS0.PDF)
LOW-POWER,,CH32X033,CH32X035,datasheet,Low-power Mode,低功耗模式,1.4.7,#,confirmed,features(CH32X035DS0.PDF)
LOW-POWER,,CH32X035,CH32X035,datasheet,Low-power Mode,低功耗模式,1.4.7,#,confirmed,features(CH32X035DS0.PDF)
LOW-POWER,,CH32X305,CH32X315,datasheet,Low-power Mode,低功耗模式,1.4.6,#,confirmed,features(CH32X315DS0.PDF)
LOW-POWER,,CH32X315,CH32X315,datasheet,Low-power Mode,低功耗模式,1.4.6,#,confirmed,features(CH32X315DS0.PDF)
LPTIM,,CH32L103,CH32L103,part,Low-power Timer (LPTIM),低功耗定时器（LPTIM）,1.4.15,#,confirmed,features(CH32L103DS0.PDF)
LPTIM,,CH32M103,CH32L103,part,Low-power Timer (LPTIM),低功耗定时器（LPTIM）,1.4.15,#,confirmed,features(CH32L103DS0.PDF)
LTDC,,CH32H415,CH32H417,part,LCD-TFT Display Controller (LTDC),LCD-TFT显示控制器（LTDC）,1.4.40,#,confirmed,features(CH32H417DS0.PDF)
LTDC,,CH32H416,CH32H417,part,LCD-TFT Display Controller (LTDC),LCD-TFT显示控制器（LTDC）,1.4.40,#,confirmed,features(CH32H417DS0.PDF)
LTDC,,CH32H417,CH32H417,part,LCD-TFT Display Controller (LTDC),LCD-TFT显示控制器（LTDC）,1.4.40,#,confirmed,features(CH32H417DS0.PDF)
LTDC,,CH32V407,CH32V407,part,LCD-TFT Display Controller (LTDC),LCD-TFT显示控制器（LTDC）,1.4.26,#,confirmed,features(CH32V407DS0.PDF)
LTDC,,CH32V467,CH32V407,part,LCD-TFT Display Controller (LTDC),LCD-TFT显示控制器（LTDC）,1.4.26,#,confirmed,features(CH32V407DS0.PDF)
MEMORY,,CH32H415,CH32H417,datasheet,On-chip Memory,片上存储器,1.4.2,#,confirmed,features(CH32H417DS0.PDF)
MEMORY,,CH32H416,CH32H417,datasheet,On-chip Memory,片上存储器,1.4.2,#,confirmed,features(CH32H417DS0.PDF)
MEMORY,,CH32H417,CH32H417,datasheet,On-chip Memory,片上存储器,1.4.2,#,confirmed,features(CH32H417DS0.PDF)
MEMORY,,CH32L103,CH32L103,datasheet,On-chip Memory,片上存储器,1.4.2,#,confirmed,features(CH32L103DS0.PDF)
MEMORY,,CH32M007,CH32V006,datasheet,On-chip Memory,片上存储器,1.4.2,#,confirmed,features(CH32V007DS0.PDF)
MEMORY,,CH32M030,CH32M030,datasheet,On-chip Memory,片上存储器,1.4.2,#,confirmed,features(CH32M030DS0.PDF)
MEMORY,,CH32M103,CH32L103,datasheet,On-chip Memory,片上存储器,1.4.2,#,confirmed,features(CH32L103DS0.PDF)
MEMORY,,CH32V002,CH32V006,datasheet,On-chip Memory,片上存储器,1.4.2,#,confirmed,features(CH32V002DS0.PDF)
MEMORY,,CH32V003,CH32V003,datasheet,On-chip Memory and Boot Mode,片上存储器,1.4.2,#,confirmed,features(CH32V003DS0.PDF)
MEMORY,,CH32V004,CH32V006,datasheet,On-chip Memory,片上存储器,1.4.2,#,confirmed,features(CH32V004DS0.PDF)
MEMORY,,CH32V005,CH32V006,datasheet,On-chip Memory,片上存储器,1.4.2,#,confirmed,features(CH32V006DS0.PDF)
MEMORY,,CH32V006,CH32V006,datasheet,On-chip Memory,片上存储器,1.4.2,#,confirmed,features(CH32V006DS0.PDF)
MEMORY,,CH32V007,CH32V006,datasheet,On-chip Memory,片上存储器,1.4.2,#,confirmed,features(CH32V007DS0.PDF)
MEMORY,,CH32V103,CH32V103,datasheet,On-chip Memory and Boot Mode,片上存储器及自举模式,1.5.2,#,confirmed,features(CH32V103DS0.PDF)
MEMORY,,CH32V203,CH32V20x,datasheet,On-chip Memory and Boot Mode,片上存储器及自举模式,1.4.3;2.5.2,#,confirmed,features(CH32V203DS0.PDF)+features(CH32V205DS0.PDF)
MEMORY,,CH32V205,CH32V205,datasheet,On-chip Memory and Boot Mode,片上存储器及自举模式,1.4.3,#,confirmed,features(CH32V205DS0.PDF)
MEMORY,,CH32V208,CH32V20x,datasheet,On-chip memory and boot mode,片上存储器及自举模式,2.5.2,#,confirmed,features(CH32V208DS0.PDF)
MEMORY,,CH32V303,CH32V307,datasheet,On-chip Memory and Boot Mode,片上存储器及自举模式,2.5.2,#,confirmed,features(CH32V20x_30xDS0.PDF)
MEMORY,,CH32V305,CH32V307,datasheet,On-chip Memory and Boot Mode,片上存储器及自举模式,2.5.2,#,confirmed,features(CH32V20x_30xDS0.PDF)
MEMORY,,CH32V307,CH32V307,datasheet,On-chip Memory and Boot Mode,片上存储器及自举模式,2.5.2,#,confirmed,features(CH32V20x_30xDS0.PDF)
MEMORY,,CH32V317,CH32V307,datasheet,On-chip Memory and Boot Mode,片上存储器及自举模式,2.5.2,#,confirmed,features(CH32V20x_30xDS0.PDF)
MEMORY,,CH32V407,CH32V407,datasheet,On-chip Memory and Boot Mode,片上存储器,1.4.2,#,confirmed,features(CH32V407DS0.PDF)
MEMORY,,CH32V467,CH32V407,datasheet,On-chip Memory and Boot Mode,片上存储器,1.4.2,#,confirmed,features(CH32V407DS0.PDF)
MEMORY,,CH32X033,CH32X035,datasheet,On-chip Memory,片上存储器,1.4.3,#,confirmed,features(CH32X035DS0.PDF)
MEMORY,,CH32X035,CH32X035,datasheet,On-chip Memory,片上存储器,1.4.3,#,confirmed,features(CH32X035DS0.PDF)
MEMORY,,CH32X305,CH32X315,datasheet,On-chip Memory,片上存储器,1.4.2,#,confirmed,features(CH32X315DS0.PDF)
MEMORY,,CH32X315,CH32X315,datasheet,On-chip Memory,片上存储器,1.4.2,#,confirmed,features(CH32X315DS0.PDF)
OPA,,CH32H415,CH32H417,part,OPA,运放/比较器（OPA）,1.4.38,#,confirmed,features(CH32H417DS0.PDF)
OPA,,CH32H416,CH32H417,part,OPA,运放/比较器（OPA）,1.4.38,#,confirmed,features(CH32H417DS0.PDF)
OPA,,CH32H417,CH32H417,part,OPA,运放/比较器（OPA）,1.4.38,#,confirmed,features(CH32H417DS0.PDF)
OPA,,CH32L103,CH32L103,part,Operational Amplifier/Comparator (OPA),运放/比较器（OPA）,1.4.23,#,confirmed,features(CH32L103DS0.PDF)
OPA,,CH32M007,CH32V006,part,Op Amp/Comparator (OPA),运放/比较器（OPA）,1.4.17,#,confirmed,features(CH32V007DS0.PDF)
OPA,,CH32M030,CH32M030,datasheet,OPA and CMP Characteristics,OPA与CMP特性,1.4.18,#,confirmed,features(CH32M030DS0.PDF)
OPA,,CH32M103,CH32L103,part,Operational Amplifier/Comparator (OPA),运放/比较器（OPA）,1.4.23,#,confirmed,features(CH32L103DS0.PDF)
OPA,,CH32V003,CH32V003,datasheet,Operational Amplifier/Comparator (OPA),运放/比较器（OPA）,1.4.17,#,confirmed,features(CH32V003DS0.PDF)
OPA,,CH32V005,CH32V006,part,Operational Amplifier/Comparator (OPA),运放/比较器（OPA）,1.4.17,#,confirmed,features(CH32V006DS0.PDF)
OPA,,CH32V006,CH32V006,part,Operational Amplifier/Comparator (OPA),运放/比较器（OPA）,1.4.17,#,confirmed,features(CH32V006DS0.PDF)
OPA,,CH32V007,CH32V006,part,Op Amp/Comparator (OPA),运放/比较器（OPA）,1.4.17,#,confirmed,features(CH32V007DS0.PDF)
OPA,,CH32V203,CH32V20x,part,Operational Amplifier (OPA);Operational Amplifier/Comparator (OPA),运放/比较器（OPA）;运放比较器（OPA）,1.4.26;2.5.22,#,confirmed,features(CH32V203DS0.PDF)+features(CH32V205DS0.PDF)
OPA,,CH32V205,CH32V205,part,Operational Amplifier (OPA),运放/比较器（OPA）,1.4.26,#,confirmed,features(CH32V205DS0.PDF)
OPA,,CH32V208,CH32V20x,part,Operational amplifier/comparator (OPA),I2C总线;运放比较器（OPA）,2.5.17;2.5.22,#,reference,features(CH32V208DS0.PDF)
OPA,,CH32V303,CH32V307,part,Operational Amplifier/Comparator (OPA),运放比较器（OPA）,2.5.29,#,confirmed,features(CH32V20x_30xDS0.PDF)
OPA,,CH32V305,CH32V307,part,Operational Amplifier/Comparator (OPA),运放比较器（OPA）,2.5.29,#,confirmed,features(CH32V20x_30xDS0.PDF)
OPA,,CH32V307,CH32V307,part,Operational Amplifier/Comparator (OPA),运放比较器（OPA）,2.5.29,#,confirmed,features(CH32V20x_30xDS0.PDF)
OPA,,CH32V317,CH32V307,part,Operational Amplifier/Comparator (OPA),运放比较器（OPA）,2.5.29,#,confirmed,features(CH32V20x_30xDS0.PDF)
OPA,,CH32V407,CH32V407,part,Operational Amplifier (OPA/PGA),运放比较器（OPA/PGA）,1.4.30,#,confirmed,features(CH32V407DS0.PDF)
OPA,,CH32V467,CH32V407,part,Operational Amplifier (OPA/PGA),运放比较器（OPA/PGA）,1.4.30,#,confirmed,features(CH32V407DS0.PDF)
OPA,,CH32X033,CH32X035,part,Operational Amplifier/Comparator (OPA),运放/比较器（OPA）,1.4.20,#,confirmed,features(CH32X035DS0.PDF)
OPA,,CH32X035,CH32X035,part,Operational Amplifier/Comparator (OPA),运放/比较器（OPA）,1.4.20,#,confirmed,features(CH32X035DS0.PDF)
PFIC,,CH32H415,CH32H417,datasheet,Programmable Fast Interrupt Controller (PFIC),快速可编程中断控制器（PFIC）,1.4.8,#,confirmed,features(CH32H417DS0.PDF)
PFIC,,CH32H416,CH32H417,datasheet,Programmable Fast Interrupt Controller (PFIC),快速可编程中断控制器（PFIC）,1.4.8,#,confirmed,features(CH32H417DS0.PDF)
PFIC,,CH32H417,CH32H417,datasheet,Programmable Fast Interrupt Controller (PFIC),快速可编程中断控制器（PFIC）,1.4.8,#,confirmed,features(CH32H417DS0.PDF)
PFIC,,CH32L103,CH32L103,datasheet,Programmable Fast Interrupt Controller (PFIC),快速可编程中断控制器（PFIC）,1.4.8,#,confirmed,features(CH32L103DS0.PDF)
PFIC,,CH32M007,CH32V006,datasheet,Programmable Fast Interrupt Controller (PFIC),快速可编程中断控制器（PFIC）,1.4.7,#,confirmed,features(CH32V007DS0.PDF)
PFIC,,CH32M030,CH32M030,datasheet,Programmable Fast Interrupt Controller (PFIC),快速可编程中断控制器（PFIC）,1.4.6,#,confirmed,features(CH32M030DS0.PDF)
PFIC,,CH32M103,CH32L103,datasheet,Programmable Fast Interrupt Controller (PFIC),快速可编程中断控制器（PFIC）,1.4.8,#,confirmed,features(CH32L103DS0.PDF)
PFIC,,CH32V002,CH32V006,datasheet,Programmable Fast Interrupt Controller (PFIC),快速可编程中断控制器（PFIC）,1.4.7,#,confirmed,features(CH32V002DS0.PDF)
PFIC,,CH32V003,CH32V003,datasheet,Fast Programmable Interrupt Controller (PFIC),快速可编程中断控制器（PFIC）,1.4.7,#,confirmed,features(CH32V003DS0.PDF)
PFIC,,CH32V004,CH32V006,datasheet,Programmable Fast Interrupt Controller (PFIC),快速可编程中断控制器（PFIC）,1.4.7,#,confirmed,features(CH32V004DS0.PDF)
PFIC,,CH32V005,CH32V006,datasheet,Programmable Fast Interrupt Controller (PFIC),快速可编程中断控制器（PFIC）,1.4.7,#,confirmed,features(CH32V006DS0.PDF)
PFIC,,CH32V006,CH32V006,datasheet,Programmable Fast Interrupt Controller (PFIC),快速可编程中断控制器（PFIC）,1.4.7,#,confirmed,features(CH32V006DS0.PDF)
PFIC,,CH32V007,CH32V006,datasheet,Programmable Fast Interrupt Controller (PFIC),快速可编程中断控制器（PFIC）,1.4.7,#,confirmed,features(CH32V007DS0.PDF)
PFIC,,CH32V103,CH32V103,datasheet,Programmable Fast Interrupt Controller (PFIC),快速可编程中断控制器（PFIC）,1.5.8,#,confirmed,features(CH32V103DS0.PDF)
PFIC,,CH32V203,CH32V20x,datasheet,Programmable Fast Interrupt controller (PFIC),快速可编程中断控制器（PFIC）,1.4.9;2.5.8,#,confirmed,features(CH32V203DS0.PDF)+features(CH32V205DS0.PDF)
PFIC,,CH32V205,CH32V205,datasheet,Programmable Fast Interrupt controller (PFIC),快速可编程中断控制器（PFIC）,1.4.9,#,confirmed,features(CH32V205DS0.PDF)
PFIC,,CH32V208,CH32V20x,datasheet,Fast programmable interrupt controller (FPIC),快速可编程中断控制器（PFIC）,2.5.8,#,confirmed,features(CH32V208DS0.PDF)
PFIC,,CH32V303,CH32V307,datasheet,Fast Programmable Interrupt Controller (FPIC),快速可编程中断控制器（PFIC）,2.5.8,#,confirmed,features(CH32V20x_30xDS0.PDF)
PFIC,,CH32V305,CH32V307,datasheet,Fast Programmable Interrupt Controller (FPIC),快速可编程中断控制器（PFIC）,2.5.8,#,confirmed,features(CH32V20x_30xDS0.PDF)
PFIC,,CH32V307,CH32V307,datasheet,Fast Programmable Interrupt Controller (FPIC),快速可编程中断控制器（PFIC）,2.5.8,#,confirmed,features(CH32V20x_30xDS0.PDF)
PFIC,,CH32V317,CH32V307,datasheet,Fast Programmable Interrupt Controller (FPIC),快速可编程中断控制器（PFIC）,2.5.8,#,confirmed,features(CH32V20x_30xDS0.PDF)
PFIC,,CH32V407,CH32V407,datasheet,Programmable Fast Interrupt controller (PFIC),快速可编程中断控制器（PFIC）,1.4.8,#,confirmed,features(CH32V407DS0.PDF)
PFIC,,CH32V467,CH32V407,datasheet,Programmable Fast Interrupt controller (PFIC),快速可编程中断控制器（PFIC）,1.4.8,#,confirmed,features(CH32V407DS0.PDF)
PFIC,,CH32X033,CH32X035,datasheet,Programmable Fast Interrupt Controller (PFIC),快速可编程中断控制器（PFIC）,1.4.8,#,confirmed,features(CH32X035DS0.PDF)
PFIC,,CH32X035,CH32X035,datasheet,Programmable Fast Interrupt Controller (PFIC),快速可编程中断控制器（PFIC）,1.4.8,#,confirmed,features(CH32X035DS0.PDF)
PFIC,,CH32X305,CH32X315,datasheet,Programmable Fast Interrupt controller (PFIC),快速可编程中断控制器（PFIC）,1.4.7,#,confirmed,features(CH32X315DS0.PDF)
PFIC,,CH32X315,CH32X315,datasheet,Programmable Fast Interrupt controller (PFIC),快速可编程中断控制器（PFIC）,1.4.7,#,confirmed,features(CH32X315DS0.PDF)
PIOC,,CH32H415,CH32H417,part,Programmable Protocol I/O Controller (PIOC),可编程协议I/O控制器（PIOC）,1.4.34,#,confirmed,features(CH32H417DS0.PDF)
PIOC,,CH32H416,CH32H417,part,Programmable Protocol I/O Controller (PIOC),可编程协议I/O控制器（PIOC）,1.4.34,#,confirmed,features(CH32H417DS0.PDF)
PIOC,,CH32H417,CH32H417,part,Programmable Protocol I/O Controller (PIOC),可编程协议I/O控制器（PIOC）,1.4.34,#,confirmed,features(CH32H417DS0.PDF)
PIOC,,CH32V205,CH32V205,part,Programmable Protocol I/O Controller (PIOC),可编程协议I/O控制器（PIOC）,1.4.2,#,confirmed,features(CH32V205DS0.PDF)
PIOC,,CH32X033,CH32X035,part,Programmable Protocol I/O Controller (PIOC),可编程协议I/O控制器（PIOC）,1.4.2,#,confirmed,features(CH32X035DS0.PDF)
PIOC,,CH32X035,CH32X035,part,Programmable Protocol I/O Controller (PIOC),可编程协议I/O控制器（PIOC）,1.4.2,#,confirmed,features(CH32X035DS0.PDF)
POWER,,CH32H415,CH32H417,datasheet,Power Supply Scheme,供电方案,1.4.3,#,confirmed,features(CH32H417DS0.PDF)
POWER,,CH32H416,CH32H417,datasheet,Power Supply Scheme,供电方案,1.4.3,#,confirmed,features(CH32H417DS0.PDF)
POWER,,CH32H417,CH32H417,datasheet,Power Supply Scheme,供电方案,1.4.3,#,confirmed,features(CH32H417DS0.PDF)
POWER,,CH32L103,CH32L103,part,Power Supply Scheme,供电方案,1.4.3,#,confirmed,features(CH32L103DS0.PDF)
POWER,,CH32M007,CH32V006,datasheet,Power Supply Scheme,供电方案,1.4.3,#,confirmed,features(CH32V007DS0.PDF)
POWER,,CH32M030,CH32M030,datasheet,Power Supply Scheme,供电方案,1.4.3,#,confirmed,features(CH32M030DS0.PDF)
POWER,,CH32M103,CH32L103,part,Power Supply Scheme,供电方案,1.4.3,#,confirmed,features(CH32L103DS0.PDF)
POWER,,CH32V002,CH32V006,datasheet,Power Supply Scheme,供电方案,1.4.3,#,confirmed,features(CH32V002DS0.PDF)
POWER,,CH32V003,CH32V003,datasheet,Power Supply Scheme,供电方案,1.4.3,#,confirmed,features(CH32V003DS0.PDF)
POWER,,CH32V004,CH32V006,datasheet,Power Supply Scheme,供电方案,1.4.3,#,confirmed,features(CH32V004DS0.PDF)
POWER,,CH32V005,CH32V006,datasheet,Power Supply Scheme,供电方案,1.4.3,#,confirmed,features(CH32V006DS0.PDF)
POWER,,CH32V006,CH32V006,datasheet,Power Supply Scheme,供电方案,1.4.3,#,confirmed,features(CH32V006DS0.PDF)
POWER,,CH32V007,CH32V006,datasheet,Power Supply Scheme,供电方案,1.4.3,#,confirmed,features(CH32V007DS0.PDF)
POWER,,CH32V103,CH32V103,datasheet,Power Supply Scheme,供电方案,1.5.3,#,confirmed,features(CH32V103DS0.PDF)
POWER,,CH32V203,CH32V20x,datasheet,Power Supply Scheme,供电方案,1.4.4;2.5.3,#,confirmed,features(CH32V203DS0.PDF)+features(CH32V205DS0.PDF)
POWER,,CH32V205,CH32V205,datasheet,Power Supply Scheme,供电方案,1.4.4,#,confirmed,features(CH32V205DS0.PDF)
POWER,,CH32V208,CH32V20x,datasheet,Power supply scheme,供电方案,2.5.3,#,confirmed,features(CH32V208DS0.PDF)
POWER,,CH32V303,CH32V307,datasheet,Power Supply Scheme,供电方案,2.5.3,#,confirmed,features(CH32V20x_30xDS0.PDF)
POWER,,CH32V305,CH32V307,datasheet,Power Supply Scheme,供电方案,2.5.3,#,confirmed,features(CH32V20x_30xDS0.PDF)
POWER,,CH32V307,CH32V307,datasheet,Power Supply Scheme,供电方案,2.5.3,#,confirmed,features(CH32V20x_30xDS0.PDF)
POWER,,CH32V317,CH32V307,datasheet,Power Supply Scheme,供电方案,2.5.3,#,confirmed,features(CH32V20x_30xDS0.PDF)
POWER,,CH32V407,CH32V407,datasheet,Power Supply Scheme,供电方案,1.4.4,#,confirmed,features(CH32V407DS0.PDF)
POWER,,CH32V467,CH32V407,datasheet,Power Supply Scheme,供电方案,1.4.4,#,confirmed,features(CH32V407DS0.PDF)
POWER,,CH32X033,CH32X035,datasheet,Power Supply Scheme,供电方案,1.4.4,#,confirmed,features(CH32X035DS0.PDF)
POWER,,CH32X035,CH32X035,datasheet,Power Supply Scheme,供电方案,1.4.4,#,confirmed,features(CH32X035DS0.PDF)
POWER,,CH32X305,CH32X315,datasheet,Power Supply Scheme,供电方案,1.4.3,#,confirmed,features(CH32X315DS0.PDF)
POWER,,CH32X315,CH32X315,datasheet,Power Supply Scheme,供电方案,1.4.3,#,confirmed,features(CH32X315DS0.PDF)
PSRAM,,CH32V467,CH32V407,part,On-chip Extended PSRAM Memory,片内的扩展PSRAM存储器,1.4.3,#,confirmed,features(CH32V407DS0.PDF)
PVD,,CH32H415,CH32H417,datasheet,Power Supply Detector,供电监控器,1.4.4,#,confirmed,features(CH32H417DS0.PDF)
PVD,,CH32H416,CH32H417,datasheet,Power Supply Detector,供电监控器,1.4.4,#,confirmed,features(CH32H417DS0.PDF)
PVD,,CH32H417,CH32H417,datasheet,Power Supply Detector,供电监控器,1.4.4,#,confirmed,features(CH32H417DS0.PDF)
PVD,,CH32L103,CH32L103,datasheet,Power Supply Detector,供电监控器,1.4.4,#,confirmed,features(CH32L103DS0.PDF)
PVD,,CH32M007,CH32V006,datasheet,Power Supply Monitor,供电监控器,1.4.4,#,confirmed,features(CH32V007DS0.PDF)
PVD,,CH32M103,CH32L103,datasheet,Power Supply Detector,供电监控器,1.4.4,#,confirmed,features(CH32L103DS0.PDF)
PVD,,CH32V002,CH32V006,datasheet,Power Supply Monitor,供电监控器,1.4.4,#,confirmed,features(CH32V002DS0.PDF)
PVD,,CH32V003,CH32V003,datasheet,Power Supply Monitor,供电监控器,1.4.4,#,confirmed,features(CH32V003DS0.PDF)
PVD,,CH32V004,CH32V006,datasheet,Power Supply Monitor,复位电路,1.4.4,#,confirmed,features(CH32V004DS0.PDF)
PVD,,CH32V007,CH32V006,datasheet,Power Supply Monitor,供电监控器,1.4.4,#,confirmed,features(CH32V007DS0.PDF)
PVD,,CH32V103,CH32V103,datasheet,Power Supply Supervisor,供电监控器,1.5.4,#,confirmed,features(CH32V103DS0.PDF)
PVD,,CH32V203,CH32V20x,datasheet,Power Supply Detector;Power Supply Monitor,供电监控器,1.4.5;2.5.4,#,confirmed,features(CH32V203DS0.PDF)+features(CH32V205DS0.PDF)
PVD,,CH32V205,CH32V205,datasheet,Power Supply Detector,供电监控器,1.4.5,#,confirmed,features(CH32V205DS0.PDF)
PVD,,CH32V208,CH32V20x,datasheet,Power supply monitor,供电监控器,2.5.4,#,confirmed,features(CH32V208DS0.PDF)
PVD,,CH32V303,CH32V307,datasheet,Power Supply Monitor,供电监控器,2.5.4,#,confirmed,features(CH32V20x_30xDS0.PDF)
PVD,,CH32V305,CH32V307,datasheet,Power Supply Monitor,供电监控器,2.5.4,#,confirmed,features(CH32V20x_30xDS0.PDF)
PVD,,CH32V307,CH32V307,datasheet,Power Supply Monitor,供电监控器,2.5.4,#,confirmed,features(CH32V20x_30xDS0.PDF)
PVD,,CH32V317,CH32V307,datasheet,Power Supply Monitor,供电监控器,2.5.4,#,confirmed,features(CH32V20x_30xDS0.PDF)
PVD,,CH32V407,CH32V407,datasheet,Power Supply Detector,供电监控器,1.4.5,#,confirmed,features(CH32V407DS0.PDF)
PVD,,CH32V467,CH32V407,datasheet,Power Supply Detector,供电监控器,1.4.5,#,confirmed,features(CH32V407DS0.PDF)
PVD,,CH32X033,CH32X035,datasheet,Power Supply Monitor,供电监控器,1.4.5,#,confirmed,features(CH32X035DS0.PDF)
PVD,,CH32X035,CH32X035,datasheet,Power Supply Monitor,供电监控器,1.4.5,#,confirmed,features(CH32X035DS0.PDF)
PVD,,CH32X305,CH32X315,datasheet,Power Supply Detector,供电监控器,1.4.4,#,confirmed,features(CH32X315DS0.PDF)
PVD,,CH32X315,CH32X315,datasheet,Power Supply Detector,供电监控器,1.4.4,#,confirmed,features(CH32X315DS0.PDF)
QII,,CH32M030,CH32M030,part,AC Small Signal Amplification Decoder (QII),交流小信号放大解码器（QII）,1.4.18.1,#,confirmed,features(CH32M030DS0.PDF)
QSPI,,CH32H416,CH32H417,part,QSPI Interface,QSPI接口,1.4.20,#,confirmed,features(CH32H417DS0.PDF)
QSPI,,CH32H417,CH32H417,part,QSPI Interface,QSPI接口,1.4.20,#,confirmed,features(CH32H417DS0.PDF)
QSPI,,CH32V203,CH32V20x,part,QSPI Interface,QSPI接口,1.4.18,#,confirmed,features(CH32V205DS0.PDF)
QSPI,,CH32V205,CH32V205,part,QSPI Interface,QSPI接口,1.4.18,#,confirmed,features(CH32V205DS0.PDF)
RESET,,CH32M030,CH32M030,datasheet,Protection and Reset Circuit,保护和复位电路,1.4.4,#,confirmed,features(CH32M030DS0.PDF)
RESET,,CH32V005,CH32V006,datasheet,Reset Circuit,供电监控器,1.4.4,#,confirmed,features(CH32V006DS0.PDF)
RESET,,CH32V006,CH32V006,datasheet,Reset Circuit,供电监控器,1.4.4,#,confirmed,features(CH32V006DS0.PDF)
RNG,,CH32H415,CH32H417,part,Random Number Generator (RNG),随机数发生器（RNG）,1.4.30,#,confirmed,features(CH32H417DS0.PDF)
RNG,,CH32H416,CH32H417,part,Random Number Generator (RNG),随机数发生器（RNG）,1.4.30,#,confirmed,features(CH32H417DS0.PDF)
RNG,,CH32H417,CH32H417,part,Random Number Generator (RNG),随机数发生器（RNG）,1.4.30,#,confirmed,features(CH32H417DS0.PDF)
RNG,,CH32V303,CH32V307,part,Random Number Generator (RNG),随机数发生器（RNG）,2.5.28,#,confirmed,features(CH32V20x_30xDS0.PDF)
RNG,,CH32V305,CH32V307,part,Random Number Generator (RNG),随机数发生器（RNG）,2.5.28,#,confirmed,features(CH32V20x_30xDS0.PDF)
RNG,,CH32V307,CH32V307,part,Random Number Generator (RNG),随机数发生器（RNG）,2.5.28,#,confirmed,features(CH32V20x_30xDS0.PDF)
RNG,,CH32V317,CH32V307,part,Random Number Generator (RNG),随机数发生器（RNG）,2.5.28,#,confirmed,features(CH32V20x_30xDS0.PDF)
RNG,,CH32V407,CH32V407,part,Random Number Generator (RNG),随机数发生器（RNG）,1.4.29,#,confirmed,features(CH32V407DS0.PDF)
RNG,,CH32V467,CH32V407,part,Random Number Generator (RNG),随机数发生器（RNG）,1.4.29,#,confirmed,features(CH32V407DS0.PDF)
RTC,,CH32H415,CH32H417,part,RTC,RTC（实时时钟）,1.4.12,#,confirmed,features(CH32H417DS0.PDF)
RTC,,CH32H416,CH32H417,part,RTC,RTC（实时时钟）,1.4.12,#,confirmed,features(CH32H417DS0.PDF)
RTC,,CH32H417,CH32H417,part,RTC,RTC（实时时钟）,1.4.12,#,confirmed,features(CH32H417DS0.PDF)
RTC,,CH32L103,CH32L103,part,RTC and Backup Register,RTC（实时时钟）和后备寄存器,1.4.12,#,confirmed,features(CH32L103DS0.PDF)
RTC,,CH32M103,CH32L103,part,RTC and Backup Register,RTC（实时时钟）和后备寄存器,1.4.12,#,confirmed,features(CH32L103DS0.PDF)
RTC,,CH32V103,CH32V103,datasheet,Real-time Clock (RTC) and Backup Register,RTC（实时时钟）和后备寄存器,1.5.12,#,confirmed,features(CH32V103DS0.PDF)
RTC,,CH32V203,CH32V20x,part,Real Time Clock (RTC) and Backup Registers,RTC（实时时钟）和后备寄存器,1.4.13;2.5.12,#,confirmed,features(CH32V203DS0.PDF)+features(CH32V205DS0.PDF)
RTC,,CH32V205,CH32V205,part,Real Time Clock (RTC) and Backup Registers,RTC（实时时钟）和后备寄存器,1.4.13,#,confirmed,features(CH32V205DS0.PDF)
RTC,,CH32V208,CH32V20x,part,Real time clock (RTC) and backup registers,RTC（实时时钟）和后备寄存器,2.5.12,#,confirmed,features(CH32V208DS0.PDF)
RTC,,CH32V303,CH32V307,part,Real Time Clock (RTC) and Backup Registers,RTC（实时时钟）和后备寄存器,2.5.12,#,confirmed,features(CH32V20x_30xDS0.PDF)
RTC,,CH32V305,CH32V307,part,Real Time Clock (RTC) and Backup Registers,RTC（实时时钟）和后备寄存器,2.5.12,#,confirmed,features(CH32V20x_30xDS0.PDF)
RTC,,CH32V307,CH32V307,part,Real Time Clock (RTC) and Backup Registers,RTC（实时时钟）和后备寄存器,2.5.12,#,confirmed,features(CH32V20x_30xDS0.PDF)
RTC,,CH32V317,CH32V307,part,Real Time Clock (RTC) and Backup Registers,RTC（实时时钟）和后备寄存器,2.5.12,#,confirmed,features(CH32V20x_30xDS0.PDF)
RTC,,CH32V407,CH32V407,part,Real Time Clock (RTC) and Backup Registers,RTC（实时时钟）和后备寄存器,1.4.12,#,confirmed,features(CH32V407DS0.PDF)
RTC,,CH32V467,CH32V407,part,Real Time Clock (RTC) and Backup Registers,RTC（实时时钟）和后备寄存器,1.4.12,#,confirmed,features(CH32V407DS0.PDF)
RTC,,CH32X305,CH32X315,part,Real Time Clock (RTC),RTC（实时时钟）,1.4.11,#,confirmed,features(CH32X315DS0.PDF)
RTC,,CH32X315,CH32X315,part,Real Time Clock (RTC),RTC（实时时钟）,1.4.11,#,confirmed,features(CH32X315DS0.PDF)
SAI,,CH32H415,CH32H417,part,Serial Audio Interface (SAI),串行音频接口（SAI）,1.4.35,#,confirmed,features(CH32H417DS0.PDF)
SAI,,CH32H416,CH32H417,part,Serial Audio Interface (SAI),串行音频接口（SAI）,1.4.35,#,confirmed,features(CH32H417DS0.PDF)
SAI,,CH32H417,CH32H417,part,Serial Audio Interface (SAI),串行音频接口（SAI）,1.4.35,#,confirmed,features(CH32H417DS0.PDF)
SDI,,CH32H415,CH32H417,datasheet,Serial Debug Interface (SDI),"调试接口（Serial Debug Interface,SDI）",1.4.46,#,confirmed,features(CH32H417DS0.PDF)
SDI,,CH32H416,CH32H417,datasheet,Serial Debug Interface (SDI),"调试接口（Serial Debug Interface,SDI）",1.4.46,#,confirmed,features(CH32H417DS0.PDF)
SDI,,CH32H417,CH32H417,datasheet,Serial Debug Interface (SDI),"调试接口（Serial Debug Interface,SDI）",1.4.46,#,confirmed,features(CH32H417DS0.PDF)
SDI,,CH32L103,CH32L103,datasheet,2-wire SDI Serial Debug Interface,串行2线调试接口（2-wire SDI Serial Debug Interface）,1.4.26,#,confirmed,features(CH32L103DS0.PDF)
SDI,,CH32M007,CH32V006,datasheet,1-wire Serial Debug Interface (SDI),调试接口（SDI Serial Debug Interface）,1.4.20,#,confirmed,features(CH32V007DS0.PDF)
SDI,,CH32M030,CH32M030,datasheet,Serial Debug Interface (SDI),调试接口（SDI Serial Debug Interface）,1.4.22,#,confirmed,features(CH32M030DS0.PDF)
SDI,,CH32M103,CH32L103,datasheet,2-wire SDI Serial Debug Interface,串行2线调试接口（2-wire SDI Serial Debug Interface）,1.4.26,#,confirmed,features(CH32L103DS0.PDF)
SDI,,CH32V002,CH32V006,datasheet,1-wire Serial Debug Interface (SDI),串行单线调试接口（1-wire SDI Serial Debug Interface）,1.4.17,#,confirmed,features(CH32V002DS0.PDF)
SDI,,CH32V003,CH32V003,datasheet,1-wire Serial Debug Interface (SDI),串行单线调试接口（1-wire SDI Serial Debug Interface）,1.4.18,#,confirmed,features(CH32V003DS0.PDF)
SDI,,CH32V004,CH32V006,datasheet,1-wire Serial Debug Interface (SDI),串行单线调试接口（1-wire SDI Serial Debug Interface）,1.4.17,#,confirmed,features(CH32V004DS0.PDF)
SDI,,CH32V005,CH32V006,datasheet,Serial Debug Interface (SDI),调试接口（SDI Serial Debug Interface）,1.4.18,#,confirmed,features(CH32V006DS0.PDF)
SDI,,CH32V006,CH32V006,datasheet,Serial Debug Interface (SDI),调试接口（SDI Serial Debug Interface）,1.4.18,#,confirmed,features(CH32V006DS0.PDF)
SDI,,CH32V007,CH32V006,datasheet,1-wire Serial Debug Interface (SDI),调试接口（SDI Serial Debug Interface）,1.4.20,#,confirmed,features(CH32V007DS0.PDF)
SDI,,CH32V103,CH32V103,datasheet,2-wire Serial Debug Interface (SDI),2线串行调试接口（2-wire SDI Serial Debug Interface）,1.5.20,#,confirmed,features(CH32V103DS0.PDF)
SDI,,CH32V203,CH32V20x,datasheet,2-wire SDI Serial Debug Interface;Serial Debug Interface (SDI),"串行2线调试接口（2-wire SDI Serial Debug Interface）;调试接口（Serial Debug Interface,SDI）",1.4.28;2.5.23,#,confirmed,features(CH32V203DS0.PDF)+features(CH32V205DS0.PDF)
SDI,,CH32V205,CH32V205,datasheet,Serial Debug Interface (SDI),"调试接口（Serial Debug Interface,SDI）",1.4.28,#,confirmed,features(CH32V205DS0.PDF)
SDI,,CH32V208,CH32V20x,datasheet,Serial debug interface (SDI),串行2线调试接口（SDI Serial Debug Interface）;控制器区域网络（CAN）,2.5.18;2.5.23,#,reference,features(CH32V208DS0.PDF)
SDI,,CH32V303,CH32V307,datasheet,2-wire SDI Serial Debug Interface,串行2线调试接口（2-wire SDI Serial Debug Interface）,2.5.30,#,confirmed,features(CH32V20x_30xDS0.PDF)
SDI,,CH32V305,CH32V307,datasheet,2-wire SDI Serial Debug Interface,串行2线调试接口（2-wire SDI Serial Debug Interface）,2.5.30,#,confirmed,features(CH32V20x_30xDS0.PDF)
SDI,,CH32V307,CH32V307,datasheet,2-wire SDI Serial Debug Interface,串行2线调试接口（2-wire SDI Serial Debug Interface）,2.5.30,#,confirmed,features(CH32V20x_30xDS0.PDF)
SDI,,CH32V317,CH32V307,datasheet,2-wire SDI Serial Debug Interface,串行2线调试接口（2-wire SDI Serial Debug Interface）,2.5.30,#,confirmed,features(CH32V20x_30xDS0.PDF)
SDI,,CH32V407,CH32V407,datasheet,Serial Debug Interface (SDI),"调试接口（Serial Debug Interface,SDI）",1.4.32,#,confirmed,features(CH32V407DS0.PDF)
SDI,,CH32V467,CH32V407,datasheet,Serial Debug Interface (SDI),"调试接口（Serial Debug Interface,SDI）",1.4.32,#,confirmed,features(CH32V407DS0.PDF)
SDI,,CH32X033,CH32X035,datasheet,2-wire SDI Serial Debug Interface,串行2线调试接口（2-wire SDI Serial Debug Interface）,1.4.22,#,confirmed,features(CH32X035DS0.PDF)
SDI,,CH32X035,CH32X035,datasheet,2-wire SDI Serial Debug Interface,串行2线调试接口（2-wire SDI Serial Debug Interface）,1.4.22,#,confirmed,features(CH32X035DS0.PDF)
SDI,,CH32X305,CH32X315,datasheet,Serial Debug Interface (SDI),"调试接口（Serial Debug Interface,SDI）",1.4.22,#,confirmed,features(CH32X315DS0.PDF)
SDI,,CH32X315,CH32X315,datasheet,Serial Debug Interface (SDI),"调试接口（Serial Debug Interface,SDI）",1.4.22,#,confirmed,features(CH32X315DS0.PDF)
SDIO,,CH32V303,CH32V307,part,SDIO Host Controller,SDIO主机控制器,2.5.24,#,confirmed,features(CH32V20x_30xDS0.PDF)
SDIO,,CH32V305,CH32V307,part,SDIO Host Controller,SDIO主机控制器,2.5.24,#,confirmed,features(CH32V20x_30xDS0.PDF)
SDIO,,CH32V307,CH32V307,part,SDIO Host Controller,SDIO主机控制器,2.5.24,#,confirmed,features(CH32V20x_30xDS0.PDF)
SDIO,,CH32V317,CH32V307,part,SDIO Host Controller,SDIO主机控制器,2.5.24,#,confirmed,features(CH32V20x_30xDS0.PDF)
SDMMC,,CH32H416,CH32H417,part,SD/EMMC Host/Device Controller (SDMMC),SD/EMMC主机/从机控制器（SDMMC）,1.4.33,#,confirmed,features(CH32H417DS0.PDF)
SDMMC,,CH32H417,CH32H417,part,SD/EMMC Host/Device Controller (SDMMC),SD/EMMC主机/从机控制器（SDMMC）,1.4.33,#,confirmed,features(CH32H417DS0.PDF)
SERDES,,CH32H417,CH32H417,part,Serial-parallel Interchange Controller and Transceiver (SerDes),串并互转控制器及收发器（SerDes）,1.4.27,#,confirmed,features(CH32H417DS0.PDF)
SIDO,,CH32H415,CH32H417,datasheet,SIDO Host/Device Controller,SDIO主机/从机控制器,1.4.32,#,confirmed,features(CH32H417DS0.PDF)
SIDO,,CH32H416,CH32H417,datasheet,SIDO Host/Device Controller,SDIO主机/从机控制器,1.4.32,#,confirmed,features(CH32H417DS0.PDF)
SIDO,,CH32H417,CH32H417,datasheet,SIDO Host/Device Controller,SDIO主机/从机控制器,1.4.32,#,confirmed,features(CH32H417DS0.PDF)
SIDO,,CH32V407,CH32V407,datasheet,SIDO Controller,SDIO控制器,1.4.24,#,confirmed,features(CH32V407DS0.PDF)
SIDO,,CH32V467,CH32V407,datasheet,SIDO Controller,SDIO控制器,1.4.24,#,confirmed,features(CH32V407DS0.PDF)
SPI,,CH32H415,CH32H417,part,Serial Peripheral Interface (SPI),串行外设接口（SPI）,1.4.18,#,confirmed,features(CH32H417DS0.PDF)
SPI,,CH32H416,CH32H417,part,Serial Peripheral Interface (SPI),串行外设接口（SPI）,1.4.18,#,confirmed,features(CH32H417DS0.PDF)
SPI,,CH32H417,CH32H417,part,Serial Peripheral Interface (SPI),串行外设接口（SPI）,1.4.18,#,confirmed,features(CH32H417DS0.PDF)
SPI,,CH32L103,CH32L103,part,Serial Peripheral Interface (SPI),串行外设接口（SPI）,1.4.17,#,confirmed,features(CH32L103DS0.PDF)
SPI,,CH32M007,CH32V006,part,Serial Peripheral Interface (SPI),串行外设接口（SPI）,1.4.14,#,confirmed,features(CH32V007DS0.PDF)
SPI,,CH32M030,CH32M030,part,Serial Peripheral Interface (SPI),串行外设接口（SPI）,1.4.15,#,confirmed,features(CH32M030DS0.PDF)
SPI,,CH32M103,CH32L103,part,Serial Peripheral Interface (SPI),串行外设接口（SPI）,1.4.17,#,confirmed,features(CH32L103DS0.PDF)
SPI,,CH32V002,CH32V006,part,Serial Peripheral Interface (SPI),串行外设接口（SPI）,1.4.14,#,confirmed,features(CH32V002DS0.PDF)
SPI,,CH32V003,CH32V003,part,Serial Peripheral Interface (SPI),串行外设接口（SPI）,1.4.14,#,confirmed,features(CH32V003DS0.PDF)
SPI,,CH32V004,CH32V006,part,Serial Peripheral Interface (SPI),串行外设接口（SPI）,1.4.14,#,confirmed,features(CH32V004DS0.PDF)
SPI,,CH32V005,CH32V006,part,Serial Peripheral Interface (SPI),串行外设接口（SPI）,1.4.14,#,confirmed,features(CH32V006DS0.PDF)
SPI,,CH32V006,CH32V006,part,Serial Peripheral Interface (SPI),串行外设接口（SPI）,1.4.14,#,confirmed,features(CH32V006DS0.PDF)
SPI,,CH32V007,CH32V006,part,Serial Peripheral Interface (SPI),串行外设接口（SPI）,1.4.14,#,confirmed,features(CH32V007DS0.PDF)
SPI,,CH32V103,CH32V103,part,Serial Peripheral Interface (SPI),串行外设接口（SPI）,1.5.16,#,confirmed,features(CH32V103DS0.PDF)
SPI,,CH32V203,CH32V20x,part,Serial Peripheral Interface (SPI),串行外设接口（SPI）,1.4.17;2.5.16,#,confirmed,features(CH32V203DS0.PDF)+features(CH32V205DS0.PDF)
SPI,,CH32V205,CH32V205,part,Serial Peripheral Interface (SPI),串行外设接口（SPI）,1.4.17,#,confirmed,features(CH32V205DS0.PDF)
SPI,,CH32V208,CH32V20x,part,Serial Peripheral Interface (SPI),,2.5.15.2,#,reference,features(CH32V208DS0.PDF)
SPI,,CH32V303,CH32V307,part,Serial Peripheral Interface (SPI),串行外设接口（SPI）,2.5.17,#,confirmed,features(CH32V20x_30xDS0.PDF)
SPI,,CH32V305,CH32V307,part,Serial Peripheral Interface (SPI),串行外设接口（SPI）,2.5.17,#,confirmed,features(CH32V20x_30xDS0.PDF)
SPI,,CH32V307,CH32V307,part,Serial Peripheral Interface (SPI),串行外设接口（SPI）,2.5.17,#,confirmed,features(CH32V20x_30xDS0.PDF)
SPI,,CH32V317,CH32V307,part,Serial Peripheral Interface (SPI),串行外设接口（SPI）,2.5.17,#,confirmed,features(CH32V20x_30xDS0.PDF)
SPI,,CH32V407,CH32V407,part,Serial Peripheral Interface (SPI),串行外设接口（SPI）,1.4.17,#,confirmed,features(CH32V407DS0.PDF)
SPI,,CH32V467,CH32V407,part,Serial Peripheral Interface (SPI),串行外设接口（SPI）,1.4.17,#,confirmed,features(CH32V407DS0.PDF)
SPI,,CH32X033,CH32X035,part,Serial Peripheral Interface (SPI),串行外设接口（SPI）,1.4.15,#,confirmed,features(CH32X035DS0.PDF)
SPI,,CH32X035,CH32X035,part,Serial Peripheral Interface (SPI),串行外设接口（SPI）,1.4.15,#,confirmed,features(CH32X035DS0.PDF)
SPI,,CH32X305,CH32X315,part,Serial Peripheral Interface (SPI),串行外设接口（SPI）,1.4.15,#,confirmed,features(CH32X315DS0.PDF)
SPI,,CH32X315,CH32X315,part,Serial Peripheral Interface (SPI),串行外设接口（SPI）,1.4.15,#,confirmed,features(CH32X315DS0.PDF)
SWPMI,,CH32H415,CH32H417,part,Single-wire Protocol Master Interface (SWPMI),单线协议主接口（SWPMI）,1.4.36,#,confirmed,features(CH32H417DS0.PDF)
SWPMI,,CH32H416,CH32H417,part,Single-wire Protocol Master Interface (SWPMI),单线协议主接口（SWPMI）,1.4.36,#,confirmed,features(CH32H417DS0.PDF)
SWPMI,,CH32H417,CH32H417,part,Single-wire Protocol Master Interface (SWPMI),单线协议主接口（SWPMI）,1.4.36,#,confirmed,features(CH32H417DS0.PDF)
SYSTICK,,CH32V103,CH32V103,part,System Time Base Timer (SysTick),系统时基定时器（SysTick）,1.5.14.5,#,confirmed,features(CH32V103DS0.PDF)
TIM,,CH32H415,CH32H417,datasheet,Timer and Watchdog,定时器及看门狗,1.4.16,#,confirmed,features(CH32H417DS0.PDF)
TIM,,CH32H416,CH32H417,datasheet,Timer and Watchdog,定时器及看门狗,1.4.16,#,confirmed,features(CH32H417DS0.PDF)
TIM,,CH32H417,CH32H417,datasheet,Timer and Watchdog,定时器及看门狗,1.4.16,#,confirmed,features(CH32H417DS0.PDF)
TIM,,CH32L103,CH32L103,datasheet,Timer and Watchdog,定时器及看门狗,1.4.14,#,confirmed,features(CH32L103DS0.PDF)
TIM,,CH32M007,CH32V006,datasheet,Timer and Watchdog,定时器及看门狗,1.4.12,#,confirmed,features(CH32V007DS0.PDF)
TIM,,CH32M030,CH32M030,datasheet,Timer and Watchdog,定时器及看门狗,1.4.12,#,confirmed,features(CH32M030DS0.PDF)
TIM,,CH32M103,CH32L103,datasheet,Timer and Watchdog,定时器及看门狗,1.4.14,#,confirmed,features(CH32L103DS0.PDF)
TIM,,CH32V002,CH32V006,datasheet,Timer and Watchdog,定时器及看门狗,1.4.12,#,confirmed,features(CH32V002DS0.PDF)
TIM,,CH32V003,CH32V003,datasheet,Timer and Watchdog,定时器及看门狗,1.4.12,#,confirmed,features(CH32V003DS0.PDF)
TIM,,CH32V004,CH32V006,datasheet,Timer and Watchdog,定时器及看门狗,1.4.12,#,confirmed,features(CH32V004DS0.PDF)
TIM,,CH32V005,CH32V006,datasheet,Timer and Watchdog,定时器及看门狗,1.4.12,#,confirmed,features(CH32V006DS0.PDF)
TIM,,CH32V006,CH32V006,datasheet,Timer and Watchdog,定时器及看门狗,1.4.12,#,confirmed,features(CH32V006DS0.PDF)
TIM,,CH32V007,CH32V006,datasheet,Timer and Watchdog,定时器及看门狗,1.4.12,#,confirmed,features(CH32V007DS0.PDF)
TIM,,CH32V103,CH32V103,datasheet,Advanced-control Timer (TIM1);General-purpose timer (TIM2/3/4);Timer,定时器;通用定时器（TIM2/3/4）;高级控制定时器（TIM1）,1.5.14;1.5.14.1;1.5.14.2,#,confirmed,features(CH32V103DS0.PDF)
TIM,,CH32V203,CH32V20x,datasheet,Timer and Watchdog,定时器及看门狗,1.4.15;2.5.14,#,confirmed,features(CH32V203DS0.PDF)+features(CH32V205DS0.PDF)
TIM,,CH32V205,CH32V205,datasheet,Timer and Watchdog,定时器及看门狗,1.4.15,#,confirmed,features(CH32V205DS0.PDF)
TIM,,CH32V208,CH32V20x,datasheet,Timer and watchdog,定时器及看门狗,2.5.14,#,confirmed,features(CH32V208DS0.PDF)
TIM,,CH32V303,CH32V307,datasheet,Timer and Watchdog,定时器及看门狗,2.5.15,#,confirmed,features(CH32V20x_30xDS0.PDF)
TIM,,CH32V305,CH32V307,datasheet,Timer and Watchdog,定时器及看门狗,2.5.15,#,confirmed,features(CH32V20x_30xDS0.PDF)
TIM,,CH32V307,CH32V307,datasheet,Timer and Watchdog,定时器及看门狗,2.5.15,#,confirmed,features(CH32V20x_30xDS0.PDF)
TIM,,CH32V317,CH32V307,datasheet,Timer and Watchdog,定时器及看门狗,2.5.15,#,confirmed,features(CH32V20x_30xDS0.PDF)
TIM,,CH32V407,CH32V407,datasheet,Timer and Watchdog,定时器及看门狗,1.4.15,#,confirmed,features(CH32V407DS0.PDF)
TIM,,CH32V467,CH32V407,datasheet,Timer and Watchdog,定时器及看门狗,1.4.15,#,confirmed,features(CH32V407DS0.PDF)
TIM,,CH32X033,CH32X035,datasheet,Timer and Watchdog,定时器及看门狗,1.4.13,#,confirmed,features(CH32X035DS0.PDF)
TIM,,CH32X035,CH32X035,datasheet,Timer and Watchdog,定时器及看门狗,1.4.13,#,confirmed,features(CH32X035DS0.PDF)
TIM,,CH32X305,CH32X315,datasheet,Timer and Watchdog,定时器及看门狗,1.4.13,#,confirmed,features(CH32X315DS0.PDF)
TIM,,CH32X315,CH32X315,datasheet,Timer and Watchdog,定时器及看门狗,1.4.13,#,confirmed,features(CH32X315DS0.PDF)
TKey,ADC,CH32L103,CH32L103,part,Analog-to-digital Converter (ADC) and Touch-key Capacitance Detection (TKey),ADC（模拟/数字转换器）和触摸按键电容检测（TKey）,1.4.13,#,confirmed,features(CH32L103DS0.PDF)
TKey,ADC,CH32M103,CH32L103,part,Analog-to-digital Converter (ADC) and Touch-key Capacitance Detection (TKey),ADC（模拟/数字转换器）和触摸按键电容检测（TKey）,1.4.13,#,confirmed,features(CH32L103DS0.PDF)
TKey,ADC,CH32V005,CH32V006,datasheet,Analog-to-digital Converter (ADC) and Touchkey Capacitance Detection (Touchkey),ADC（模拟/数字转换器）和触摸按键电容检测（TouchKey）,1.4.11,#,confirmed,features(CH32V006DS0.PDF)
TKey,ADC,CH32V006,CH32V006,datasheet,Analog-to-digital Converter (ADC) and Touchkey Capacitance Detection (Touchkey),ADC（模拟/数字转换器）和触摸按键电容检测（TouchKey）,1.4.11,#,confirmed,features(CH32V006DS0.PDF)
TKey,ADC,CH32V103,CH32V103,part,Analog-to-digital Converter (ADC) and Capacitive Touch-key Detection (Tkey),ADC（模拟/数字转换器）和触摸按键电容检测（TKey）,1.5.13,#,confirmed,features(CH32V103DS0.PDF)
TKey,ADC,CH32V203,CH32V20x,part,Analog-to-digital Converter (ADC) and Touch-key Capacitance Detection (TKey),ADC（模拟/数字转换器）和触摸按键电容检测（TKey）,2.5.13,#,confirmed,features(CH32V203DS0.PDF)
TKey,ADC,CH32V208,CH32V20x,part,Analog-to-digital converter (ADC) and touch key capacitance detection (TKey),ADC（模拟/数字转换器）和触摸按键电容检测（TKey）,2.5.13,#,confirmed,features(CH32V208DS0.PDF)
TKey,ADC,CH32V303,CH32V307,part,Analog-to-digital Converter (ADC) and Touch Key Capacitance Detection (TKey),ADC（模拟/数字转换器）和触摸按键电容检测（TKey）,2.5.13,#,confirmed,features(CH32V20x_30xDS0.PDF)
TKey,ADC,CH32V305,CH32V307,part,Analog-to-digital Converter (ADC) and Touch Key Capacitance Detection (TKey),ADC（模拟/数字转换器）和触摸按键电容检测（TKey）,2.5.13,#,confirmed,features(CH32V20x_30xDS0.PDF)
TKey,ADC,CH32V307,CH32V307,part,Analog-to-digital Converter (ADC) and Touch Key Capacitance Detection (TKey),ADC（模拟/数字转换器）和触摸按键电容检测（TKey）,2.5.13,#,confirmed,features(CH32V20x_30xDS0.PDF)
TKey,ADC,CH32V317,CH32V307,part,Analog-to-digital Converter (ADC) and Touch Key Capacitance Detection (TKey),ADC（模拟/数字转换器）和触摸按键电容检测（TKey）,2.5.13,#,confirmed,features(CH32V20x_30xDS0.PDF)
TKey,ADC,CH32X033,CH32X035,datasheet,Analog-to-digital Converter (ADC) and Touchkey Capacitance Detection (TKey),ADC（模拟/数字转换器）和触摸按键电容检测（TKey）,1.4.12,#,confirmed,features(CH32X035DS0.PDF)
TKey,ADC,CH32X035,CH32X035,datasheet,Analog-to-digital Converter (ADC) and Touchkey Capacitance Detection (TKey),ADC（模拟/数字转换器）和触摸按键电容检测（TKey）,1.4.12,#,confirmed,features(CH32X035DS0.PDF)
UART,,CH32M030,CH32M030,part,Universal Asynchronous Receiver Transmitter (UART),通用异步收发器（UART）,1.4.13,#,confirmed,features(CH32M030DS0.PDF)
UHSIF,,CH32H417,CH32H417,part,Universal High-Speed Interface (UHSIF),"通用高速接口（Universal High-Speed Interface,UHSIF）",1.4.37,#,confirmed,features(CH32H417DS0.PDF)
USART,,CH32H415,CH32H417,part,Universal Synchronous/Asynchronous Receiver Transmitter (USART),通用同步/异步收发器（USART）,1.4.17,#,confirmed,features(CH32H417DS0.PDF)
USART,,CH32H416,CH32H417,part,Universal Synchronous/Asynchronous Receiver Transmitter (USART),通用同步/异步收发器（USART）,1.4.17,#,confirmed,features(CH32H417DS0.PDF)
USART,,CH32H417,CH32H417,part,Universal Synchronous/Asynchronous Receiver Transmitter (USART),通用同步/异步收发器（USART）,1.4.17,#,confirmed,features(CH32H417DS0.PDF)
USART,,CH32L103,CH32L103,part,Universal Synchronous/Asynchronous Receiver Transmitter (USART),通用同步/异步收发器（USART）,1.4.16,#,confirmed,features(CH32L103DS0.PDF)
USART,,CH32M007,CH32V006,datasheet,Universal Synchronous/Asynchronous Receiver Transmitter (USART),通用异步收发器（USART）,1.4.13,#,confirmed,features(CH32V007DS0.PDF)
USART,,CH32M103,CH32L103,part,Universal Synchronous/Asynchronous Receiver Transmitter (USART),通用同步/异步收发器（USART）,1.4.16,#,confirmed,features(CH32L103DS0.PDF)
USART,,CH32V002,CH32V006,datasheet,Universal Synchronous/Asynchronous Receiver Transmitter (USART),通用异步收发器（USART）,1.4.13,#,confirmed,features(CH32V002DS0.PDF)
USART,,CH32V003,CH32V003,part,Universal Synchronous/Asynchronous Receiver Transmitter (USART),通用同步/异步收发器（USART）,1.4.13,#,confirmed,features(CH32V003DS0.PDF)
USART,,CH32V004,CH32V006,datasheet,Universal Synchronous/Asynchronous Receiver Transmitter (USART),通用异步收发器（USART）,1.4.13,#,confirmed,features(CH32V004DS0.PDF)
USART,,CH32V005,CH32V006,datasheet,Universal Synchronous/Asynchronous Receiver Transmitter (USART),通用异步收发器（USART）,1.4.13,#,confirmed,features(CH32V006DS0.PDF)
USART,,CH32V006,CH32V006,datasheet,Universal Synchronous/Asynchronous Receiver Transmitter (USART),通用异步收发器（USART）,1.4.13,#,confirmed,features(CH32V006DS0.PDF)
USART,,CH32V007,CH32V006,datasheet,Universal Synchronous/Asynchronous Receiver Transmitter (USART),通用异步收发器（USART）,1.4.13,#,confirmed,features(CH32V007DS0.PDF)
USART,,CH32V103,CH32V103,part,Universal Synchronous Asynchronous Receiver Transmitter (USART),通用同步/异步收发器（USART）,1.5.15,#,confirmed,features(CH32V103DS0.PDF)
USART,,CH32V203,CH32V20x,part,Universal Synchronous/Asynchronous Receiver Transmitter (USART),通用同步/异步收发器（USART）,1.4.16;2.5.15,#,confirmed,features(CH32V203DS0.PDF)+features(CH32V205DS0.PDF)
USART,,CH32V205,CH32V205,part,Universal Synchronous/Asynchronous Receiver Transmitter (USART),通用同步/异步收发器（USART）,1.4.16,#,confirmed,features(CH32V205DS0.PDF)
USART,,CH32V208,CH32V20x,part,Universal Synchronous/Asynchronous Receiver Transmitter (USART),,2.5.15.1,#,reference,features(CH32V208DS0.PDF)
USART,,CH32V303,CH32V307,part,Universal Synchronous/Asynchronous Receiver Transmitter (USART),通用同步/异步串口收发器（USART）,2.5.16,#,confirmed,features(CH32V20x_30xDS0.PDF)
USART,,CH32V305,CH32V307,part,Universal Synchronous/Asynchronous Receiver Transmitter (USART),通用同步/异步串口收发器（USART）,2.5.16,#,confirmed,features(CH32V20x_30xDS0.PDF)
USART,,CH32V307,CH32V307,part,Universal Synchronous/Asynchronous Receiver Transmitter (USART),通用同步/异步串口收发器（USART）,2.5.16,#,confirmed,features(CH32V20x_30xDS0.PDF)
USART,,CH32V317,CH32V307,part,Universal Synchronous/Asynchronous Receiver Transmitter (USART),通用同步/异步串口收发器（USART）,2.5.16,#,confirmed,features(CH32V20x_30xDS0.PDF)
USART,,CH32V407,CH32V407,part,Universal Synchronous/Asynchronous Receiver Transmitter (USART),通用同步/异步串口收发器（USART）,1.4.16,#,confirmed,features(CH32V407DS0.PDF)
USART,,CH32V467,CH32V407,part,Universal Synchronous/Asynchronous Receiver Transmitter (USART),通用同步/异步串口收发器（USART）,1.4.16,#,confirmed,features(CH32V407DS0.PDF)
USART,,CH32X033,CH32X035,datasheet,Universal Synchronous/Asynchronous Receiver Transmitter (USART),通用异步收发器（USART）,1.4.14,#,confirmed,features(CH32X035DS0.PDF)
USART,,CH32X035,CH32X035,datasheet,Universal Synchronous/Asynchronous Receiver Transmitter (USART),通用异步收发器（USART）,1.4.14,#,confirmed,features(CH32X035DS0.PDF)
USART,,CH32X305,CH32X315,part,Universal Synchronous/Asynchronous Receiver Transmitter (USART),通用同步/异步串口收发器（USART）,1.4.14,#,confirmed,features(CH32X315DS0.PDF)
USART,,CH32X315,CH32X315,part,Universal Synchronous/Asynchronous Receiver Transmitter (USART),通用同步/异步串口收发器（USART）,1.4.14,#,confirmed,features(CH32X315DS0.PDF)
USB,USB,CH32V103,CH32V103,datasheet,Universal Serial Bus (USB),通用串行总线（USB）,1.5.18,#,confirmed,features(CH32V103DS0.PDF)
USB-PD,USB,CH32H415,CH32H417,part,USB PD and Type-C Controller (USB PD),USB PD及Type-C 控制器（USB PD）,1.4.23,#,confirmed,features(CH32H417DS0.PDF)
USB-PD,USB,CH32H416,CH32H417,part,USB PD and Type-C Controller (USB PD),USB PD及Type-C 控制器（USB PD）,1.4.23,#,confirmed,features(CH32H417DS0.PDF)
USB-PD,USB,CH32H417,CH32H417,part,USB PD and Type-C Controller (USB PD),USB PD及Type-C 控制器（USB PD）,1.4.23,#,confirmed,features(CH32H417DS0.PDF)
USB-PD,USB,CH32L103,CH32L103,datasheet,USB PD and Type-C Controller (USB PD),USB PD及Type-C控制器（USB PD）,1.4.21,#,confirmed,features(CH32L103DS0.PDF)
USB-PD,USB,CH32M030,CH32M030,datasheet,Type-C and USB PD Controller,Type-C及USB PD控制器,1.4.16,#,confirmed,features(CH32M030DS0.PDF)
USB-PD,USB,CH32M103,CH32L103,datasheet,USB PD and Type-C Controller (USB PD),USB PD及Type-C控制器（USB PD）,1.4.21,#,confirmed,features(CH32L103DS0.PDF)
USB-PD,USB,CH32V203,CH32V20x,datasheet,USB PD and Type-C Controller (USB PD),USB PD及Type-C控制器（USB PD）,1.4.23,#,confirmed,features(CH32V205DS0.PDF)
USB-PD,USB,CH32V205,CH32V205,datasheet,USB PD and Type-C Controller (USB PD),USB PD及Type-C控制器（USB PD）,1.4.23,#,confirmed,features(CH32V205DS0.PDF)
USB-PD,USB,CH32X033,CH32X035,datasheet,USB PD and Type-C Controller (USB PD),USB PD及Type-C控制器（USB PD）,1.4.18,#,confirmed,features(CH32X035DS0.PDF)
USB-PD,USB,CH32X035,CH32X035,datasheet,USB PD and Type-C Controller (USB PD),USB PD及Type-C控制器（USB PD）,1.4.18,#,confirmed,features(CH32X035DS0.PDF)
USB-PD,USB,CH32X305,CH32X315,part,USB PD and Type-C Controller,USB PD及Type-C控制器,1.4.17,#,confirmed,features(CH32X315DS0.PDF)
USB-PD,USB,CH32X315,CH32X315,part,USB PD and Type-C Controller,USB PD及Type-C控制器,1.4.17,#,confirmed,features(CH32X315DS0.PDF)
USBD,USB,CH32V203,CH32V20x,part,Universal Serial Bus Device (USBD),通用串行总线（USBD）,2.5.19,#,confirmed,features(CH32V203DS0.PDF)
USBD,USB,CH32V208,CH32V20x,part,Universal Serial Bus device (USBD),通用串行总线（USBD）,2.5.15.5;2.5.19,#,reference,features(CH32V208DS0.PDF)
USBFS,USB,CH32H415,CH32H417,part,Universal Serial Bus USB2.0 Full-speed Host/Device Controller (USBFS/OTG_FS),通用串行总线USB 2.0全速主机/设备控制器（USBFS/OTG_FS）,1.4.24,#,confirmed,features(CH32H417DS0.PDF)
USBFS,USB,CH32H416,CH32H417,part,Universal Serial Bus USB2.0 Full-speed Host/Device Controller (USBFS/OTG_FS),通用串行总线USB 2.0全速主机/设备控制器（USBFS/OTG_FS）,1.4.24,#,confirmed,features(CH32H417DS0.PDF)
USBFS,USB,CH32H417,CH32H417,part,Universal Serial Bus USB2.0 Full-speed Host/Device Controller (USBFS/OTG_FS),通用串行总线USB 2.0全速主机/设备控制器（USBFS/OTG_FS）,1.4.24,#,confirmed,features(CH32H417DS0.PDF)
USBFS,USB,CH32L103,CH32L103,datasheet,Universal Serial Bus USB2.0 Full-speed Host/Device Controller (USBFS),通用串行总线USB2.0全速主机/设备控制器（USBFS）,1.4.20,#,confirmed,features(CH32L103DS0.PDF)
USBFS,USB,CH32M030,CH32M030,part,Universal Serial Bus USB2.0 Full-speed Host/Device Controller (USBFS),通用串行总线USB 2.0全速主机/设备控制器（USBFS）,1.4.17,#,confirmed,features(CH32M030DS0.PDF)
USBFS,USB,CH32M103,CH32L103,datasheet,Universal Serial Bus USB2.0 Full-speed Host/Device Controller (USBFS),通用串行总线USB2.0全速主机/设备控制器（USBFS）,1.4.20,#,confirmed,features(CH32L103DS0.PDF)
USBFS,USB,CH32V203,CH32V20x,part,Universal Serial Bus USB2.0 Full-speed Host/Device Controller (USBFS),通用串行总线USB 2.0全速主机/设备控制器（USBFS）;通用串行总线USB2.0全速主机/设备控制器（USBFS）,1.4.21;2.5.20,#,confirmed,features(CH32V203DS0.PDF)+features(CH32V205DS0.PDF)
USBFS,USB,CH32V205,CH32V205,part,Universal Serial Bus USB2.0 Full-speed Host/Device Controller (USBFS),通用串行总线USB 2.0全速主机/设备控制器（USBFS）,1.4.21,#,confirmed,features(CH32V205DS0.PDF)
USBFS,USB,CH32V208,CH32V20x,datasheet,Universal Serial Bus USB2.0 full-speed Host/Device controller (USBFS),通用串行总线USB2.0全速主机/设备控制器（USBFS）,2.5.15.6;2.5.20,#,reference,features(CH32V208DS0.PDF)
USBFS,USB,CH32V303,CH32V307,datasheet,Universal Serial Bus USB2.0 Full-speed Host/Device Controller (USBFS/OTG_FS),通用串行总线USB2.0全速主机/设备控制器（USBFS/OTG_FS）,2.5.21,#,confirmed,features(CH32V20x_30xDS0.PDF)
USBFS,USB,CH32V305,CH32V307,datasheet,Universal Serial Bus USB2.0 Full-speed Host/Device Controller (USBFS/OTG_FS),通用串行总线USB2.0全速主机/设备控制器（USBFS/OTG_FS）,2.5.21,#,confirmed,features(CH32V20x_30xDS0.PDF)
USBFS,USB,CH32V307,CH32V307,datasheet,Universal Serial Bus USB2.0 Full-speed Host/Device Controller (USBFS/OTG_FS),通用串行总线USB2.0全速主机/设备控制器（USBFS/OTG_FS）,2.5.21,#,confirmed,features(CH32V20x_30xDS0.PDF)
USBFS,USB,CH32V317,CH32V307,datasheet,Universal Serial Bus USB2.0 Full-speed Host/Device Controller (USBFS/OTG_FS),通用串行总线USB2.0全速主机/设备控制器（USBFS/OTG_FS）,2.5.21,#,confirmed,features(CH32V20x_30xDS0.PDF)
USBFS,USB,CH32X033,CH32X035,datasheet,Universal Serial Bus USB2.0 Full-speed Host/Device Controller (USBFS),通用串行总线USB2.0全速主机/设备控制器（USBFS）,1.4.17,#,confirmed,features(CH32X035DS0.PDF)
USBFS,USB,CH32X035,CH32X035,datasheet,Universal Serial Bus USB2.0 Full-speed Host/Device Controller (USBFS),通用串行总线USB2.0全速主机/设备控制器（USBFS）,1.4.17,#,confirmed,features(CH32X035DS0.PDF)
USBHS,USB,CH32H415,CH32H417,part,Universal Serial Bus USB2.0 High-speed Host/Device Controller (USBHS),通用串行总线USB 2.0高速主机/设备控制器（USBHS）,1.4.25,#,confirmed,features(CH32H417DS0.PDF)
USBHS,USB,CH32H416,CH32H417,part,Universal Serial Bus USB2.0 High-speed Host/Device Controller (USBHS),通用串行总线USB 2.0高速主机/设备控制器（USBHS）,1.4.25,#,confirmed,features(CH32H417DS0.PDF)
USBHS,USB,CH32H417,CH32H417,part,Universal Serial Bus USB2.0 High-speed Host/Device Controller (USBHS),通用串行总线USB 2.0高速主机/设备控制器（USBHS）,1.4.25,#,confirmed,features(CH32H417DS0.PDF)
USBHS,USB,CH32V205,CH32V205,part,Universal Serial Bus USB2.0 High-speed Host/Device Controller (USBHS),通用串行总线USB 2.0高速主机/设备控制器（USBHS）,1.4.22,#,confirmed,features(CH32V205DS0.PDF)
USBHS,USB,CH32V305,CH32V307,part,Universal Serial Bus USB2.0 High-speed Host/Device Controller (USBHS),通用串行总线USB2.0高速主机/设备控制器（USBHS）,2.5.22,#,confirmed,features(CH32V20x_30xDS0.PDF)
USBHS,USB,CH32V307,CH32V307,part,Universal Serial Bus USB2.0 High-speed Host/Device Controller (USBHS),通用串行总线USB2.0高速主机/设备控制器（USBHS）,2.5.22,#,confirmed,features(CH32V20x_30xDS0.PDF)
USBHS,USB,CH32V317,CH32V307,part,Universal Serial Bus USB2.0 High-speed Host/Device Controller (USBHS),通用串行总线USB2.0高速主机/设备控制器（USBHS）,2.5.22,#,confirmed,features(CH32V20x_30xDS0.PDF)
USBHS,USB,CH32V407,CH32V407,part,Universal Serial Bus USB2.0 High-speed Host/Device Controller (USBHS),通用串行总线USB 2.0高速主机/设备控制器（USBHS）,1.4.22,#,confirmed,features(CH32V407DS0.PDF)
USBHS,USB,CH32V467,CH32V407,part,Universal Serial Bus USB2.0 High-speed Host/Device Controller (USBHS),通用串行总线USB 2.0高速主机/设备控制器（USBHS）,1.4.22,#,confirmed,features(CH32V407DS0.PDF)
USBHS,USB,CH32X305,CH32X315,part,Universal Serial Bus USB2.0 High-speed Host/Device Controller (USBHS),通用串行总线USB 2.0高速主机/设备控制器（USBHS）,1.4.18,#,confirmed,features(CH32X315DS0.PDF)
USBHS,USB,CH32X315,CH32X315,part,Universal Serial Bus USB2.0 High-speed Host/Device Controller (USBHS),通用串行总线USB 2.0高速主机/设备控制器（USBHS）,1.4.18,#,confirmed,features(CH32X315DS0.PDF)
USBSS,USB,CH32H416,CH32H417,part,Universal Serial Bus USB2.0 SuperSpeed Host/Device Controller (USBSS),通用串行总线USB 3.0超高速主机/设备控制器（USBSS）,1.4.26,#,confirmed,features(CH32H417DS0.PDF)
USBSS,USB,CH32H417,CH32H417,part,Universal Serial Bus USB2.0 SuperSpeed Host/Device Controller (USBSS),通用串行总线USB 3.0超高速主机/设备控制器（USBSS）,1.4.26,#,confirmed,features(CH32H417DS0.PDF)
USBSS,USB,CH32X315,CH32X315,part,Universal Serial Bus USB3.0 SuperSpeed Device Controller (USBSS) (Not,通用串行总线USB 3.0超高速设备控制器（USBSS）（不适用于CH32X305）,1.4.19,#,confirmed,features(CH32X315DS0.PDF)
WDG,,CH32H415,CH32H417,datasheet,Timer and Watchdog,定时器及看门狗,1.4.16,#,confirmed,features(CH32H417DS0.PDF)
WDG,,CH32H416,CH32H417,datasheet,Timer and Watchdog,定时器及看门狗,1.4.16,#,confirmed,features(CH32H417DS0.PDF)
WDG,,CH32H417,CH32H417,datasheet,Timer and Watchdog,定时器及看门狗,1.4.16,#,confirmed,features(CH32H417DS0.PDF)
WDG,,CH32L103,CH32L103,datasheet,Timer and Watchdog,定时器及看门狗,1.4.14,#,confirmed,features(CH32L103DS0.PDF)
WDG,,CH32M007,CH32V006,datasheet,Timer and Watchdog,定时器及看门狗,1.4.12,#,confirmed,features(CH32V007DS0.PDF)
WDG,,CH32M030,CH32M030,datasheet,Timer and Watchdog,定时器及看门狗,1.4.12,#,confirmed,features(CH32M030DS0.PDF)
WDG,,CH32M103,CH32L103,datasheet,Timer and Watchdog,定时器及看门狗,1.4.14,#,confirmed,features(CH32L103DS0.PDF)
WDG,,CH32V002,CH32V006,datasheet,Timer and Watchdog,定时器及看门狗,1.4.12,#,confirmed,features(CH32V002DS0.PDF)
WDG,,CH32V003,CH32V003,datasheet,Timer and Watchdog,定时器及看门狗,1.4.12,#,confirmed,features(CH32V003DS0.PDF)
WDG,,CH32V004,CH32V006,datasheet,Timer and Watchdog,定时器及看门狗,1.4.12,#,confirmed,features(CH32V004DS0.PDF)
WDG,,CH32V005,CH32V006,datasheet,Timer and Watchdog,定时器及看门狗,1.4.12,#,confirmed,features(CH32V006DS0.PDF)
WDG,,CH32V006,CH32V006,datasheet,Timer and Watchdog,定时器及看门狗,1.4.12,#,confirmed,features(CH32V006DS0.PDF)
WDG,,CH32V007,CH32V006,datasheet,Timer and Watchdog,定时器及看门狗,1.4.12,#,confirmed,features(CH32V007DS0.PDF)
WDG,,CH32V203,CH32V20x,datasheet,Timer and Watchdog,定时器及看门狗,1.4.15;2.5.14,#,confirmed,features(CH32V203DS0.PDF)+features(CH32V205DS0.PDF)
WDG,,CH32V205,CH32V205,datasheet,Timer and Watchdog,定时器及看门狗,1.4.15,#,confirmed,features(CH32V205DS0.PDF)
WDG,,CH32V208,CH32V20x,datasheet,Timer and watchdog,定时器及看门狗,2.5.14,#,confirmed,features(CH32V208DS0.PDF)
WDG,,CH32V303,CH32V307,datasheet,Timer and Watchdog,定时器及看门狗,2.5.15,#,confirmed,features(CH32V20x_30xDS0.PDF)
WDG,,CH32V305,CH32V307,datasheet,Timer and Watchdog,定时器及看门狗,2.5.15,#,confirmed,features(CH32V20x_30xDS0.PDF)
WDG,,CH32V307,CH32V307,datasheet,Timer and Watchdog,定时器及看门狗,2.5.15,#,confirmed,features(CH32V20x_30xDS0.PDF)
WDG,,CH32V317,CH32V307,datasheet,Timer and Watchdog,定时器及看门狗,2.5.15,#,confirmed,features(CH32V20x_30xDS0.PDF)
WDG,,CH32V407,CH32V407,datasheet,Timer and Watchdog,定时器及看门狗,1.4.15,#,confirmed,features(CH32V407DS0.PDF)
WDG,,CH32V467,CH32V407,datasheet,Timer and Watchdog,定时器及看门狗,1.4.15,#,confirmed,features(CH32V407DS0.PDF)
WDG,,CH32X033,CH32X035,datasheet,Timer and Watchdog,定时器及看门狗,1.4.13,#,confirmed,features(CH32X035DS0.PDF)
WDG,,CH32X035,CH32X035,datasheet,Timer and Watchdog,定时器及看门狗,1.4.13,#,confirmed,features(CH32X035DS0.PDF)
WDG,,CH32X305,CH32X315,datasheet,Timer and Watchdog,定时器及看门狗,1.4.13,#,confirmed,features(CH32X315DS0.PDF)
WDG,,CH32X315,CH32X315,datasheet,Timer and Watchdog,定时器及看门狗,1.4.13,#,confirmed,features(CH32X315DS0.PDF)
WWDG,WDG,CH32V103,CH32V103,datasheet,Window Watchdog (WWDG),窗口看门狗(WWDG),1.5.14.4,#,confirmed,features(CH32V103DS0.PDF)
