family,type,layout,registers,fields,size_bytes,#,confidence,basis
CH32H417,ADC,ae7593bd,22,291,92,#,reference,evt(ch32h417.h)
CH32H417,AFIO,3563d495,15,231,68,#,reference,evt(ch32h417.h)
CH32H417,CAN,6bc97e44,23,3028,912,#,reference,evt(ch32h417.h)
CH32H417,CAN_FIFOMailBox,1d81c4c2,4,0,16,#,reference,evt(ch32h417.h)
CH32H417,CAN_FilterRegister,6de71eee,2,0,8,#,reference,evt(ch32h417.h)
CH32H417,CAN_TxMailBox,b5d4a539,4,0,16,#,reference,evt(ch32h417.h)
CH32H417,CRC,9197c827,3,3,12,#,reference,evt(ch32h417.h)
CH32H417,DAC,60d5cc90,13,48,52,#,reference,evt(ch32h417.h)
CH32H417,DFSDM_Channel,819724eb,7,0,40,#,reference,evt(ch32h417.h)
CH32H417,DFSDM_FLT,69db11fe,15,0,120,#,reference,evt(ch32h417.h)
CH32H417,DMA,7e7bb69a,2,272,8,#,reference,evt(ch32h417.h)
CH32H417,DMAMUX,46b3c95a,4,0,16,#,reference,evt(ch32h417.h)
CH32H417,DMA_Channel,fed9e4b0,5,0,20,#,reference,evt(ch32h417.h)
CH32H417,DVP,f2bbd1cd,15,11,36,#,reference,evt(ch32h417.h)
CH32H417,ECDC,6f0d00e7,25,39,108,#,reference,evt(ch32h417.h)
CH32H417,ETH,858d60f2,56,0,4184,#,reference,evt(ch32h417.h)
CH32H417,EXTI,4b329825,6,156,24,#,reference,evt(ch32h417.h)
CH32H417,FLASH,289ed831,10,65,44,#,reference,evt(ch32h417.h)
CH32H417,FMC_Bank1,1e621401,1,0,32,#,reference,evt(ch32h417.h)
CH32H417,FMC_Bank1E,75ce6129,1,0,28,#,reference,evt(ch32h417.h)
CH32H417,FMC_Bank3,21cbb8a3,5,0,24,#,reference,evt(ch32h417.h)
CH32H417,FMC_Bank5_6,c5e491ea,6,0,68,#,reference,evt(ch32h417.h)
CH32H417,GPHA,d4af3a08,24,116,96,#,reference,evt(ch32h417.h)
CH32H417,GPIO,6be53563,8,197,32,#,reference,evt(ch32h417.h)
CH32H417,HSADC,7272b5d9,7,39,28,#,reference,evt(ch32h417.h)
CH32H417,I2C,0aa4d341,9,68,36,#,reference,evt(ch32h417.h)
CH32H417,I3C,bba7b246,31,201,216,#,reference,evt(ch32h417.h)
CH32H417,IWDG,f3da205e,4,8,16,#,reference,evt(ch32h417.h)
CH32H417,LPTIM,319e2950,8,44,32,#,reference,evt(ch32h417.h)
CH32H417,LTDC,a72bfc50,13,89,52,#,reference,evt(ch32h417.h)
CH32H417,LTDC_Layer,b702c635,12,0,48,#,reference,evt(ch32h417.h)
CH32H417,OB,4e4eca95,8,0,16,#,reference,evt(ch32h417.h)
CH32H417,OPA,8c02bdba,5,36,20,#,reference,evt(ch32h417.h)
CH32H417,PWR,bf3e6f7c,2,32,8,#,reference,evt(ch32h417.h)
CH32H417,QSPI,4c7f7185,13,103,52,#,reference,evt(ch32h417.h)
CH32H417,RCC,adb1f42a,14,728,56,#,reference,evt(ch32h417.h)
CH32H417,RNG,432df57b,3,7,12,#,reference,evt(ch32h417.h)
CH32H417,RTC,3c4fe669,10,17,40,#,reference,evt(ch32h417.h)
CH32H417,SAI_Block,9aaf51ff,7,0,32,#,reference,evt(ch32h417.h)
CH32H417,SDIO,ed03b2b3,19,0,132,#,reference,evt(ch32h417.h)
CH32H417,SDMMC,faa9a91d,20,81,76,#,reference,evt(ch32h417.h)
CH32H417,SDS,99212584,10,0,40,#,reference,evt(ch32h417.h)
CH32H417,SPI,25a7e497,10,54,40,#,reference,evt(ch32h417.h)
CH32H417,SWPMI,f6e81e46,9,45,40,#,reference,evt(ch32h417.h)
CH32H417,TIM,38b76ada,27,222,84,#,reference,evt(ch32h417.h)
CH32H417,USART,c15fecac,8,75,32,#,reference,evt(ch32h417.h)
CH32H417,USBFSD,bad33d32,46,0,92,#,reference,evt(ch32h417.h)
CH32H417,USBFSH,f54fb6a9,18,0,92,#,reference,evt(ch32h417.h)
CH32H417,USBHSD,62bd91e7,99,0,248,#,reference,evt(ch32h417.h)
CH32H417,USBHSH,cf8325ec,22,0,64,#,reference,evt(ch32h417.h)
CH32H417,USBPD,5bcded72,17,0,20,#,reference,evt(ch32h417.h)
CH32H417,USBSSD,6640fa63,47,0,416,#,reference,evt(ch32h417.h)
CH32H417,USBSSH,d4f90e70,39,0,180,#,reference,evt(ch32h417.h)
CH32H417,USBSS_EP_RX,5d5aca76,11,0,16,#,reference,evt(ch32h417.h)
CH32H417,USBSS_EP_TX,7f9a8ccc,11,0,16,#,reference,evt(ch32h417.h)
CH32H417,WWDG,86a61c3e,3,22,12,#,reference,evt(ch32h417.h)
CH32L103,ADC,488f7e38,21,276,84,#,reference,evt(ch32l103.h)
CH32L103,AFIO,1f050197,5,150,32,#,reference,evt(ch32l103.h)
CH32L103,BKP,d16522a5,13,21,56,#,reference,evt(ch32l103.h)
CH32L103,CAN,1e0a80fb,18,148,448,#,reference,evt(ch32l103.h)
CH32L103,CAN_FIFOMailBox,1d81c4c2,4,0,16,#,reference,evt(ch32l103.h)
CH32L103,CAN_TxMailBox,b5d4a539,4,0,16,#,reference,evt(ch32l103.h)
CH32L103,CRC,9197c827,3,3,12,#,reference,evt(ch32l103.h)
CH32L103,DMA,b287840c,2,214,8,#,reference,evt(ch32l103.h)
CH32L103,DMA_Channel,e9e3c3dd,4,0,16,#,reference,evt(ch32l103.h)
CH32L103,EXTEN,e897340c,1,0,4,#,reference,evt(ch32l103.h)
CH32L103,EXTI,5c35eda1,6,138,24,#,reference,evt(ch32l103.h)
CH32L103,FLASH,66f827ae,9,50,40,#,reference,evt(ch32l103.h)
CH32L103,GPIO,4b3fb060,7,197,28,#,reference,evt(ch32l103.h)
CH32L103,I2C,0aa4d341,9,68,36,#,reference,evt(ch32l103.h)
CH32L103,IWDG,f3da205e,4,8,16,#,reference,evt(ch32l103.h)
CH32L103,LPTIM,93245b6d,8,44,32,#,reference,evt(ch32l103.h)
CH32L103,OB,4e4eca95,8,0,16,#,reference,evt(ch32l103.h)
CH32L103,OPA,39ca595c,5,43,24,#,reference,evt(ch32l103.h)
CH32L103,PWR,26d7c53b,2,33,8,#,reference,evt(ch32l103.h)
CH32L103,RCC,57be0beb,11,192,44,#,reference,evt(ch32l103.h)
CH32L103,RTC,26876c35,10,17,40,#,reference,evt(ch32l103.h)
CH32L103,SPI,1671f236,8,34,40,#,reference,evt(ch32l103.h)
CH32L103,TIM,6ea69efb,26,214,80,#,reference,evt(ch32l103.h)
CH32L103,USART,1b3db3f2,7,59,28,#,reference,evt(ch32l103.h)
CH32L103,USBFSD,e9592c2e,56,0,108,#,reference,evt(ch32l103.h)
CH32L103,USBFSH,d86c1afb,38,0,92,#,reference,evt(ch32l103.h)
CH32L103,USBPD,ebc31998,18,0,20,#,reference,evt(ch32l103.h)
CH32L103,WWDG,46e06223,3,32,12,#,reference,evt(ch32l103.h)
CH32M030,ADC,9c3fdb47,29,288,116,#,reference,evt(ch32m030.h)
CH32M030,AFIO,b6f0fdbf,2,97,12,#,reference,evt(ch32m030.h)
CH32M030,DBGMCU,28057375,2,0,8,#,reference,evt(ch32m030.h)
CH32M030,DMA,c541fd6a,2,203,8,#,reference,evt(ch32m030.h)
CH32M030,DMA_Channel,e9e3c3dd,4,0,16,#,reference,evt(ch32m030.h)
CH32M030,EXTEN,fc19ed0c,6,90,16,#,reference,evt(ch32m030.h)
CH32M030,EXTI,aa6f826f,6,120,24,#,reference,evt(ch32m030.h)
CH32M030,FLASH,42373519,10,59,48,#,reference,evt(ch32m030.h)
CH32M030,GPIO,4b3fb060,7,197,28,#,reference,evt(ch32m030.h)
CH32M030,I2C,49cb8e61,8,60,32,#,reference,evt(ch32m030.h)
CH32M030,OB,4e4eca95,8,0,16,#,reference,evt(ch32m030.h)
CH32M030,OPA,902eda09,6,0,24,#,reference,evt(ch32m030.h)
CH32M030,PWR,18d7d39a,3,8,16,#,reference,evt(ch32m030.h)
CH32M030,RCC,0c2759a2,10,127,44,#,reference,evt(ch32m030.h)
CH32M030,SPI,6846d9a8,8,34,40,#,reference,evt(ch32m030.h)
CH32M030,TIM,d30b7f77,27,278,104,#,reference,evt(ch32m030.h)
CH32M030,USART,099ce4d2,7,0,28,#,reference,evt(ch32m030.h)
CH32M030,USBFSD,e9592c2e,56,0,108,#,reference,evt(ch32m030.h)
CH32M030,USBFSH,d86c1afb,38,0,92,#,reference,evt(ch32m030.h)
CH32M030,USBPD,7f0ac9a5,18,0,20,#,reference,evt(ch32m030.h)
CH32M030,WWDG,86a61c3e,3,22,12,#,reference,evt(ch32m030.h)
CH32V003,ADC,b47cb44b,21,251,84,#,reference,evt(ch32v00x.h)
CH32V003,AFIO,e860611f,2,32,12,#,reference,evt(ch32v00x.h)
CH32V003,DBGMCU,abeebbbc,2,0,8,#,reference,evt(ch32v00x.h)
CH32V003,DMA,c541fd6a,2,203,8,#,reference,evt(ch32v00x.h)
CH32V003,DMA_Channel,e9e3c3dd,4,0,16,#,reference,evt(ch32v00x.h)
CH32V003,EXTEN,e897340c,1,0,4,#,reference,evt(ch32v00x.h)
CH32V003,EXTI,da6247ab,6,60,24,#,reference,evt(ch32v00x.h)
CH32V003,FLASH,176bfe10,10,54,44,#,reference,evt(ch32v00x.h)
CH32V003,GPIO,f41ea3bb,6,130,28,#,reference,evt(ch32v00x.h)
CH32V003,I2C,ba82e042,8,59,32,#,reference,evt(ch32v00x.h)
CH32V003,IWDG,f3da205e,4,8,16,#,reference,evt(ch32v00x.h)
CH32V003,OB,b0982668,6,0,12,#,reference,evt(ch32v00x.h)
CH32V003,PWR,21fdb9e6,5,33,20,#,reference,evt(ch32v00x.h)
CH32V003,RCC,c9864fb5,9,111,40,#,reference,evt(ch32v00x.h)
CH32V003,SPI,75434a27,8,36,40,#,reference,evt(ch32v00x.h)
CH32V003,TIM,1bdb3874,20,206,80,#,reference,evt(ch32v00x.h)
CH32V003,USART,1b3db3f2,7,59,28,#,reference,evt(ch32v00x.h)
CH32V003,WWDG,aa4e1de1,3,28,12,#,reference,evt(ch32v00x.h)
CH32V006,ADC,799d5ffe,22,240,92,#,reference,evt(ch32v00X.h)
CH32V006,AFIO,42a2190f,2,40,16,#,reference,evt(ch32v00X.h)
CH32V006,DMA,c541fd6a,2,203,8,#,reference,evt(ch32v00X.h)
CH32V006,DMA_Channel,e9e3c3dd,4,0,16,#,reference,evt(ch32v00X.h)
CH32V006,EXTEN,e897340c,1,0,4,#,reference,evt(ch32v00X.h)
CH32V006,EXTI,da6247ab,6,60,24,#,reference,evt(ch32v00X.h)
CH32V006,FLASH,2e1c9433,10,55,44,#,reference,evt(ch32v00X.h)
CH32V006,GPIO,00e355ac,6,133,28,#,reference,evt(ch32v00X.h)
CH32V006,I2C,ba82e042,8,59,32,#,reference,evt(ch32v00X.h)
CH32V006,IWDG,f3da205e,4,8,16,#,reference,evt(ch32v00X.h)
CH32V006,OB,4e4eca95,8,0,16,#,reference,evt(ch32v00X.h)
CH32V006,OPA,77a3eeda,7,91,28,#,reference,evt(ch32v00X.h)
CH32V006,PWR,b5f1ddb3,5,33,20,#,reference,evt(ch32v00X.h)
CH32V006,RCC,bc1c50f0,9,136,40,#,reference,evt(ch32v00X.h)
CH32V006,SPI,6846d9a8,8,34,40,#,reference,evt(ch32v00X.h)
CH32V006,TIM,6456f62d,29,228,80,#,reference,evt(ch32v00X.h)
CH32V006,USART,cb103e5f,7,52,28,#,reference,evt(ch32v00X.h)
CH32V006,WWDG,86a61c3e,3,22,12,#,reference,evt(ch32v00X.h)
CH32V103,ADC,bbbfbf6f,20,261,80,#,reference,evt(ch32v10x.h)
CH32V103,AFIO,7d97878c,4,207,32,#,reference,evt(ch32v10x.h)
CH32V103,BKP,e5fedf4e,45,53,192,#,reference,evt(ch32v10x.h)
CH32V103,CRC,9197c827,3,3,12,#,reference,evt(ch32v10x.h)
CH32V103,DAC,60d5cc90,13,48,52,#,reference,evt(ch32v10x.h)
CH32V103,DBGMCU,abeebbbc,2,0,8,#,reference,evt(ch32v10x.h)
CH32V103,DMA,c541fd6a,2,203,8,#,reference,evt(ch32v10x.h)
CH32V103,DMA_Channel,e9e3c3dd,4,0,16,#,reference,evt(ch32v10x.h)
CH32V103,EXTEN,e897340c,1,0,4,#,reference,evt(ch32v10x.h)
CH32V103,EXTI,aa6f826f,6,120,24,#,reference,evt(ch32v10x.h)
CH32V103,FLASH,0d00c8ce,9,52,40,#,reference,evt(ch32v10x.h)
CH32V103,GPIO,4b3fb060,7,197,28,#,reference,evt(ch32v10x.h)
CH32V103,I2C,0aa4d341,9,68,36,#,reference,evt(ch32v10x.h)
CH32V103,IWDG,f3da205e,4,8,16,#,reference,evt(ch32v10x.h)
CH32V103,OB,4e4eca95,8,0,16,#,reference,evt(ch32v10x.h)
CH32V103,PWR,5884d21a,2,22,8,#,reference,evt(ch32v10x.h)
CH32V103,RCC,0ea5dee4,10,181,40,#,reference,evt(ch32v10x.h)
CH32V103,RTC,3c4fe669,10,17,40,#,reference,evt(ch32v10x.h)
CH32V103,SPI,75434a27,8,36,40,#,reference,evt(ch32v10x.h)
CH32V103,TIM,cf791e3f,20,207,80,#,reference,evt(ch32v10x.h)
CH32V103,USART,430bc430,7,61,28,#,reference,evt(ch32v10x.h)
CH32V103,WWDG,2755624d,3,39,12,#,reference,evt(ch32v10x.h)
CH32V205,ADC,1433cb5a,20,269,80,#,reference,evt(ch32v205.h)
CH32V205,AFIO,6cbfe8ae,14,220,72,#,reference,evt(ch32v205.h)
CH32V205,BKP,d16522a5,13,21,56,#,reference,evt(ch32v205.h)
CH32V205,CAN,d5965e0c,19,1109,688,#,reference,evt(ch32v205.h)
CH32V205,CAN_FIFOMailBox,1d81c4c2,4,0,16,#,reference,evt(ch32v205.h)
CH32V205,CAN_FilterRegister,6de71eee,2,0,8,#,reference,evt(ch32v205.h)
CH32V205,CAN_TxMailBox,b5d4a539,4,0,16,#,reference,evt(ch32v205.h)
CH32V205,CRC,9197c827,3,3,12,#,reference,evt(ch32v205.h)
CH32V205,DMA,04c29165,2,248,8,#,reference,evt(ch32v205.h)
CH32V205,DMA_Channel,fed9e4b0,5,0,20,#,reference,evt(ch32v205.h)
CH32V205,EXTEN,1c214808,2,0,6,#,reference,evt(ch32v205.h)
CH32V205,EXTI,15eb8289,6,144,24,#,reference,evt(ch32v205.h)
CH32V205,FLASH,9d9d62e8,9,55,40,#,reference,evt(ch32v205.h)
CH32V205,FSMC_Bank1,1e621401,1,0,32,#,reference,evt(ch32v205.h)
CH32V205,FSMC_Bank1E,75ce6129,1,0,28,#,reference,evt(ch32v205.h)
CH32V205,FSMC_Bank2,cf4ec663,5,0,24,#,reference,evt(ch32v205.h)
CH32V205,GPIO,4b3fb060,7,197,28,#,reference,evt(ch32v205.h)
CH32V205,I2C,0aa4d341,9,68,36,#,reference,evt(ch32v205.h)
CH32V205,IWDG,f3da205e,4,8,16,#,reference,evt(ch32v205.h)
CH32V205,LVDS,59d552e1,20,0,48,#,reference,evt(ch32v205.h)
CH32V205,OB,4e4eca95,8,0,16,#,reference,evt(ch32v205.h)
CH32V205,OPA,92bf97e4,8,51,32,#,reference,evt(ch32v205.h)
CH32V205,PWR,e275db13,2,33,8,#,reference,evt(ch32v205.h)
CH32V205,QSPI,2cf0097b,13,104,52,#,reference,evt(ch32v205.h)
CH32V205,RCC,fdd21d0a,12,261,48,#,reference,evt(ch32v205.h)
CH32V205,RTC,26876c35,10,17,40,#,reference,evt(ch32v205.h)
CH32V205,SPI,1671f236,8,34,40,#,reference,evt(ch32v205.h)
CH32V205,TIM,d10ac7f7,26,215,80,#,reference,evt(ch32v205.h)
CH32V205,TKEY,52156e02,6,82,24,#,reference,evt(ch32v205.h)
CH32V205,USART,f06ba25a,7,60,28,#,reference,evt(ch32v205.h)
CH32V205,USBFSD,e9592c2e,56,0,108,#,reference,evt(ch32v205.h)
CH32V205,USBFSH,d86c1afb,38,0,92,#,reference,evt(ch32v205.h)
CH32V205,USBHSD,62bd91e7,99,0,248,#,reference,evt(ch32v205.h)
CH32V205,USBHSH,cf8325ec,22,0,64,#,reference,evt(ch32v205.h)
CH32V205,USBPD,ebc31998,18,0,20,#,reference,evt(ch32v205.h)
CH32V205,WWDG,86a61c3e,3,22,12,#,reference,evt(ch32v205.h)
CH32V20x,ADC,bbbfbf6f,20,261,80,#,reference,evt(ch32v20x.h)
CH32V20x,AFIO,1f1136ae,4,209,32,#,reference,evt(ch32v20x.h)
CH32V20x,BKP,e5fedf4e,45,53,192,#,reference,evt(ch32v20x.h)
CH32V20x,CAN,e437fe53,16,1114,800,#,reference,evt(ch32v20x.h)
CH32V20x,CAN_FIFOMailBox,1d81c4c2,4,0,16,#,reference,evt(ch32v20x.h)
CH32V20x,CAN_FilterRegister,6de71eee,2,0,8,#,reference,evt(ch32v20x.h)
CH32V20x,CAN_TxMailBox,b5d4a539,4,0,16,#,reference,evt(ch32v20x.h)
CH32V20x,CRC,9197c827,3,3,12,#,reference,evt(ch32v20x.h)
CH32V20x,DMA,4f46dcf7,2,219,8,#,reference,evt(ch32v20x.h)
CH32V20x,DMA_Channel,e9e3c3dd,4,0,16,#,reference,evt(ch32v20x.h)
CH32V20x,ETH10M,4bf11893,23,0,48,#,reference,evt(ch32v20x.h)
CH32V20x,EXTEN,e897340c,1,0,4,#,reference,evt(ch32v20x.h)
CH32V20x,EXTI,aa6f826f,6,120,24,#,reference,evt(ch32v20x.h)
CH32V20x,FLASH,27b1b0d2,9,46,40,#,reference,evt(ch32v20x.h)
CH32V20x,GPIO,4b3fb060,7,197,28,#,reference,evt(ch32v20x.h)
CH32V20x,I2C,0aa4d341,9,68,36,#,reference,evt(ch32v20x.h)
CH32V20x,IWDG,f3da205e,4,8,16,#,reference,evt(ch32v20x.h)
CH32V20x,OB,4e4eca95,8,0,16,#,reference,evt(ch32v20x.h)
CH32V20x,OPA,ff59a3e5,1,0,4,#,reference,evt(ch32v20x.h)
CH32V20x,OSC,3f61d2bc,14,0,36,#,reference,evt(ch32v20x.h)
CH32V20x,PWR,5884d21a,2,22,8,#,reference,evt(ch32v20x.h)
CH32V20x,RCC,da3c725d,12,183,48,#,reference,evt(ch32v20x.h)
CH32V20x,RTC,3c4fe669,10,17,40,#,reference,evt(ch32v20x.h)
CH32V20x,SPI,69fc1c3f,10,52,40,#,reference,evt(ch32v20x.h)
CH32V20x,TIM,317e475f,26,207,80,#,reference,evt(ch32v20x.h)
CH32V20x,USART,430bc430,7,61,28,#,reference,evt(ch32v20x.h)
CH32V20x,USBFSD,7fb2d5da,48,0,92,#,reference,evt(ch32v20x.h)
CH32V20x,USBFSH,d86c1afb,38,0,92,#,reference,evt(ch32v20x.h)
CH32V20x,WWDG,249bd347,3,34,12,#,reference,evt(ch32v20x.h)
CH32V307,ADC,f4c3336e,21,285,88,#,reference,evt(ch32v30x.h)
CH32V307,AFIO,bb025abc,4,228,32,#,reference,evt(ch32v30x.h)
CH32V307,BKP,e5fedf4e,45,53,192,#,reference,evt(ch32v30x.h)
CH32V307,CAN,628721b5,16,2066,800,#,reference,evt(ch32v30x.h)
CH32V307,CAN_FIFOMailBox,1d81c4c2,4,0,16,#,reference,evt(ch32v30x.h)
CH32V307,CAN_FilterRegister,6de71eee,2,0,8,#,reference,evt(ch32v30x.h)
CH32V307,CAN_TxMailBox,b5d4a539,4,0,16,#,reference,evt(ch32v30x.h)
CH32V307,CRC,9197c827,3,3,12,#,reference,evt(ch32v30x.h)
CH32V307,DAC,60d5cc90,13,48,52,#,reference,evt(ch32v30x.h)
CH32V307,DMA,f97340f6,2,226,8,#,reference,evt(ch32v30x.h)
CH32V307,DMA_Channel,e9e3c3dd,4,0,16,#,reference,evt(ch32v30x.h)
CH32V307,DVP,e39a76c4,15,7,36,#,reference,evt(ch32v30x.h)
CH32V307,ETH,49322b86,54,0,4184,#,reference,evt(ch32v30x.h)
CH32V307,EXTEN,38e957e0,2,0,12,#,reference,evt(ch32v30x.h)
CH32V307,EXTI,23f0f3f7,6,126,24,#,reference,evt(ch32v30x.h)
CH32V307,FLASH,2f5b7507,9,57,40,#,reference,evt(ch32v30x.h)
CH32V307,FSMC_Bank1,1e621401,1,0,32,#,reference,evt(ch32v30x.h)
CH32V307,FSMC_Bank1E,75ce6129,1,0,28,#,reference,evt(ch32v30x.h)
CH32V307,FSMC_Bank2,cf4ec663,5,0,24,#,reference,evt(ch32v30x.h)
CH32V307,GPIO,4b3fb060,7,197,28,#,reference,evt(ch32v30x.h)
CH32V307,I2C,0aa4d341,9,68,36,#,reference,evt(ch32v30x.h)
CH32V307,IWDG,f3da205e,4,8,16,#,reference,evt(ch32v30x.h)
CH32V307,OB,4e4eca95,8,0,16,#,reference,evt(ch32v30x.h)
CH32V307,OPA,ff59a3e5,1,0,4,#,reference,evt(ch32v30x.h)
CH32V307,PWR,fd5fd5de,2,27,8,#,reference,evt(ch32v30x.h)
CH32V307,RCC,4733b9b3,12,323,48,#,reference,evt(ch32v30x.h)
CH32V307,RNG,432df57b,3,7,12,#,reference,evt(ch32v30x.h)
CH32V307,RTC,3c4fe669,10,17,40,#,reference,evt(ch32v30x.h)
CH32V307,SDIO,ed03b2b3,19,0,132,#,reference,evt(ch32v30x.h)
CH32V307,SPI,25a7e497,10,54,40,#,reference,evt(ch32v30x.h)
CH32V307,TIM,ee143b48,21,209,84,#,reference,evt(ch32v30x.h)
CH32V307,USART,95382828,8,71,32,#,reference,evt(ch32v30x.h)
CH32V307,USBFSD,42a568e7,49,0,92,#,reference,evt(ch32v30x.h)
CH32V307,USBFSH,d86c1afb,38,0,92,#,reference,evt(ch32v30x.h)
CH32V307,USBHSD,6870a801,109,0,280,#,reference,evt(ch32v30x.h)
CH32V307,USBHSH,e73e3735,21,0,234,#,reference,evt(ch32v30x.h)
CH32V307,WWDG,aba2e9cd,3,57,12,#,reference,evt(ch32v30x.h)
CH32V407,ADC,f55902f9,21,282,88,#,reference,evt(ch32v4x7.h)
CH32V407,AFIO,03bb5453,4,231,32,#,reference,evt(ch32v4x7.h)
CH32V407,ARGB,3321db73,9,28,36,#,reference,evt(ch32v4x7.h)
CH32V407,BKP,e5fedf4e,45,53,192,#,reference,evt(ch32v4x7.h)
CH32V407,CAN,66567170,19,1110,688,#,reference,evt(ch32v4x7.h)
CH32V407,CAN_FIFOMailBox,1d81c4c2,4,0,16,#,reference,evt(ch32v4x7.h)
CH32V407,CAN_FilterRegister,6de71eee,2,0,8,#,reference,evt(ch32v4x7.h)
CH32V407,CAN_TxMailBox,b5d4a539,4,0,16,#,reference,evt(ch32v4x7.h)
CH32V407,CRC,9197c827,3,3,12,#,reference,evt(ch32v4x7.h)
CH32V407,DAC,60d5cc90,13,48,52,#,reference,evt(ch32v4x7.h)
CH32V407,DMA,60e28c48,2,378,8,#,reference,evt(ch32v4x7.h)
CH32V407,DMA_Channel,e9e3c3dd,4,0,16,#,reference,evt(ch32v4x7.h)
CH32V407,DVP,f2bbd1cd,15,11,36,#,reference,evt(ch32v4x7.h)
CH32V407,ETH,b1df1b22,60,0,4184,#,reference,evt(ch32v4x7.h)
CH32V407,EXTEN,e897340c,1,0,4,#,reference,evt(ch32v4x7.h)
CH32V407,EXTI,00559757,6,132,24,#,reference,evt(ch32v4x7.h)
CH32V407,FLASH,c0f27499,9,58,40,#,reference,evt(ch32v4x7.h)
CH32V407,FSMC_Bank1,1e621401,1,0,32,#,reference,evt(ch32v4x7.h)
CH32V407,FSMC_Bank1E,75ce6129,1,0,28,#,reference,evt(ch32v4x7.h)
CH32V407,FSMC_Bank2,cf4ec663,5,0,24,#,reference,evt(ch32v4x7.h)
CH32V407,GPIO,4b3fb060,7,197,28,#,reference,evt(ch32v4x7.h)
CH32V407,I2C,0aa4d341,9,68,36,#,reference,evt(ch32v4x7.h)
CH32V407,I3C,1c853346,21,111,212,#,reference,evt(ch32v4x7.h)
CH32V407,IWDG,f3da205e,4,8,16,#,reference,evt(ch32v4x7.h)
CH32V407,LTDC,9ffefdb7,13,68,52,#,reference,evt(ch32v4x7.h)
CH32V407,LTDC_Layer,bd765a0f,10,0,48,#,reference,evt(ch32v4x7.h)
CH32V407,OB,4e4eca95,8,0,16,#,reference,evt(ch32v4x7.h)
CH32V407,OPA,8c94f93e,1,10,4,#,reference,evt(ch32v4x7.h)
CH32V407,PSRAM,c04d9c7e,15,78,60,#,reference,evt(ch32v4x7.h)
CH32V407,PWR,345963a7,2,23,8,#,reference,evt(ch32v4x7.h)
CH32V407,RCC,a69ecf46,13,400,52,#,reference,evt(ch32v4x7.h)
CH32V407,RNG,432df57b,3,7,12,#,reference,evt(ch32v4x7.h)
CH32V407,RTC,3c4fe669,10,17,40,#,reference,evt(ch32v4x7.h)
CH32V407,SDIO,ed03b2b3,19,0,132,#,reference,evt(ch32v4x7.h)
CH32V407,SPI,c684a25e,10,55,40,#,reference,evt(ch32v4x7.h)
CH32V407,TIM,ee143b48,21,209,84,#,reference,evt(ch32v4x7.h)
CH32V407,USART,95382828,8,71,32,#,reference,evt(ch32v4x7.h)
CH32V407,USBHSD,62bd91e7,99,0,248,#,reference,evt(ch32v4x7.h)
CH32V407,USBHSH,cf8325ec,22,0,64,#,reference,evt(ch32v4x7.h)
CH32V407,WWDG,bcefbd04,3,28,12,#,reference,evt(ch32v4x7.h)
CH32X035,ADC,e96da5ff,24,268,96,#,reference,evt(ch32x035.h)
CH32X035,AFIO,8351848f,3,114,28,#,reference,evt(ch32x035.h)
CH32X035,AWU,33b55be6,3,0,12,#,reference,evt(ch32x035.h)
CH32X035,DMA,3eab1d89,2,232,8,#,reference,evt(ch32x035.h)
CH32X035,DMA_Channel,e9e3c3dd,4,0,16,#,reference,evt(ch32x035.h)
CH32X035,EXTI,095d89be,6,180,24,#,reference,evt(ch32x035.h)
CH32X035,FLASH,fc92a970,10,61,44,#,reference,evt(ch32x035.h)
CH32X035,GPIO,3110a4b3,9,332,36,#,reference,evt(ch32x035.h)
CH32X035,I2C,525be69f,8,60,32,#,reference,evt(ch32x035.h)
CH32X035,IWDG,f3da205e,4,8,16,#,reference,evt(ch32x035.h)
CH32X035,OB,4e4eca95,8,0,16,#,reference,evt(ch32x035.h)
CH32X035,OPA,7d32818b,7,43,24,#,reference,evt(ch32x035.h)
CH32X035,PWR,3f8adc30,2,14,8,#,reference,evt(ch32x035.h)
CH32X035,RCC,43f1afdc,9,76,44,#,reference,evt(ch32x035.h)
CH32X035,SPI,10104598,8,37,40,#,reference,evt(ch32x035.h)
CH32X035,TIM,34195108,25,220,84,#,reference,evt(ch32x035.h)
CH32X035,USART,1b3db3f2,7,59,28,#,reference,evt(ch32x035.h)
CH32X035,USBFSD,710802d7,43,0,148,#,reference,evt(ch32x035.h)
CH32X035,USBFSH,3d262a6e,16,0,48,#,reference,evt(ch32x035.h)
CH32X035,USBPD,ebc31998,18,0,20,#,reference,evt(ch32x035.h)
CH32X035,WWDG,86a61c3e,3,22,12,#,reference,evt(ch32x035.h)
CH32X315,ADC,42776273,24,303,96,#,reference,evt(ch32x3x5.h)
CH32X315,AFIO,53b5d3ed,11,105,64,#,reference,evt(ch32x3x5.h)
CH32X315,ARGB,3321db73,9,28,36,#,reference,evt(ch32x3x5.h)
CH32X315,CRC,9197c827,3,3,12,#,reference,evt(ch32x3x5.h)
CH32X315,DMA,e6b7a5fd,2,332,8,#,reference,evt(ch32x3x5.h)
CH32X315,DMA_Channel,fed9e4b0,5,0,20,#,reference,evt(ch32x3x5.h)
CH32X315,EXTEN,e897340c,1,0,4,#,reference,evt(ch32x3x5.h)
CH32X315,EXTI,00559757,6,132,24,#,reference,evt(ch32x3x5.h)
CH32X315,FLASH,81f89a54,10,69,44,#,reference,evt(ch32x3x5.h)
CH32X315,GPIO,4bf8b7ac,8,213,32,#,reference,evt(ch32x3x5.h)
CH32X315,I2C,ba82e042,8,59,32,#,reference,evt(ch32x3x5.h)
CH32X315,IWDG,f3da205e,4,8,16,#,reference,evt(ch32x3x5.h)
CH32X315,OB,4e4eca95,8,0,16,#,reference,evt(ch32x3x5.h)
CH32X315,PWR,b0b8106e,2,13,8,#,reference,evt(ch32x3x5.h)
CH32X315,RCC,5aa8885b,11,275,48,#,reference,evt(ch32x3x5.h)
CH32X315,RTC,2df7eac9,10,23,40,#,reference,evt(ch32x3x5.h)
CH32X315,SPI,bcbe91b3,8,37,40,#,reference,evt(ch32x3x5.h)
CH32X315,TIM,a8134962,27,208,80,#,reference,evt(ch32x3x5.h)
CH32X315,USART,9f79729b,8,75,32,#,reference,evt(ch32x3x5.h)
CH32X315,USBHSD,62bd91e7,99,0,248,#,reference,evt(ch32x3x5.h)
CH32X315,USBHSH,cf8325ec,22,0,64,#,reference,evt(ch32x3x5.h)
CH32X315,USBHSI,f82b0051,1,0,4,#,reference,evt(ch32x3x5.h)
CH32X315,USBPD,5bcded72,17,0,20,#,reference,evt(ch32x3x5.h)
CH32X315,USBSSD,c8d0e063,44,0,320,#,reference,evt(ch32x3x5.h)
CH32X315,USBSS_EP_RX,5d5aca76,11,0,16,#,reference,evt(ch32x3x5.h)
CH32X315,USBSS_EP_TX,7f9a8ccc,11,0,16,#,reference,evt(ch32x3x5.h)
CH32X315,WWDG,86a61c3e,3,22,12,#,reference,evt(ch32x3x5.h)
