part_number,series,family,package,flash_bytes,sram_bytes,gpio_count,temperature,packing,listed_as,datasheet,#,part_number_confidence,series_confidence,package_confidence,flash_bytes_confidence,sram_bytes_confidence,gpio_count_confidence,temperature_confidence,packing_confidence,part_number_basis,series_basis,package_basis,flash_bytes_basis,sram_bytes_basis,gpio_count_basis,temperature_basis,packing_basis
CH32H415REU6,CH32H415,CH32H417,QFN60X6,983040,917504,54,-40..85C,,,CH32H417DS0.PDF,#,confirmed,confirmed,confirmed,confirmed,confirmed,confirmed,reference,missing,products:zh+products:en+ordering:zh+ordering:en,products:zh+products:en+ordering:zh+ordering:en+rule:part-number-structure,products:zh+products:en+ordering:zh+ordering:en+rule:pn-letter,products:zh+products:en,products:zh+products:en,products:zh+products:en+?pin-table,rule:pn-temp-grade,
CH32H416RDU6,CH32H416,CH32H417,QFN60X6,491520,917504,48,-40..85C,,,CH32H417DS0.PDF,#,confirmed,confirmed,confirmed,confirmed,confirmed,confirmed,reference,missing,products:zh+products:en+ordering:zh+ordering:en,products:zh+products:en+ordering:zh+ordering:en+rule:part-number-structure,products:zh+products:en+ordering:zh+ordering:en+rule:pn-letter,products:zh+products:en,products:zh+products:en,products:zh+products:en+pin-table,rule:pn-temp-grade,
CH32H417MEU6,CH32H417,CH32H417,QFN88,983040,917504,65,-40..85C,,,CH32H417DS0.PDF,#,confirmed,confirmed,confirmed,confirmed,confirmed,confirmed,reference,missing,products:zh+products:en+ordering:zh+ordering:en,products:zh+products:en+ordering:zh+ordering:en+rule:part-number-structure,products:zh+products:en+ordering:zh+ordering:en+rule:pn-letter,products:zh+products:en,products:zh+products:en,products:zh+products:en+pin-table,rule:pn-temp-grade,
CH32H417QEU6,CH32H417,CH32H417,QFN128,983040,917504,95,-40..85C,,,CH32H417DS0.PDF,#,confirmed,confirmed,confirmed,confirmed,confirmed,confirmed,reference,missing,products:zh+products:en+ordering:zh+ordering:en,products:zh+products:en+ordering:zh+ordering:en+rule:part-number-structure,products:zh+products:en+ordering:zh+ordering:en+rule:pn-letter,products:zh+products:en,products:zh+products:en,products:zh+products:en+?pin-table,rule:pn-temp-grade,
CH32H417WEU6,CH32H417,CH32H417,QFN68,983040,917504,50,-40..85C,,,CH32H417DS0.PDF,#,confirmed,confirmed,confirmed,confirmed,confirmed,confirmed,reference,missing,products:zh+products:en+ordering:zh+ordering:en,products:zh+products:en+ordering:zh+ordering:en+rule:part-number-structure,products:zh+products:en+ordering:zh+ordering:en+rule:pn-letter,products:zh+products:en,products:zh+products:en,products:zh+products:en+pin-table,rule:pn-temp-grade,
CH32L103C8T6,CH32L103,CH32L103,LQFP48,65536,20480,37,-40..85C,,,CH32L103DS0.PDF,#,confirmed,confirmed,confirmed,confirmed,confirmed,confirmed,confirmed,missing,products:zh+products:en+ordering:zh+ordering:en,products:zh+products:en+ordering:zh+ordering:en+rule:part-number-structure,products:zh+products:en+ordering:zh+ordering:en+rule:pn-letter,products:zh+products:en,products:zh+products:en,products:zh+products:en+?pin-table,products:zh+products:en+rule:pn-temp-grade,
CH32L103F8P6,CH32L103,CH32L103,TSSOP20,65536,20480,16,-40..85C,,,CH32L103DS0.PDF,#,confirmed,confirmed,confirmed,confirmed,confirmed,confirmed,confirmed,missing,products:zh+products:en+ordering:zh+ordering:en,products:zh+products:en+ordering:zh+ordering:en+rule:part-number-structure,products:zh+products:en+ordering:zh+ordering:en+rule:pn-letter,products:zh+products:en,products:zh+products:en,products:zh+products:en+?pin-table,products:zh+products:en+rule:pn-temp-grade,
CH32L103F8U6,CH32L103,CH32L103,QFN20,65536,20480,19,-40..85C,,,CH32L103DS0.PDF,#,confirmed,confirmed,confirmed,confirmed,confirmed,confirmed,confirmed,missing,products:zh+products:en+ordering:zh+ordering:en,products:zh+products:en+ordering:zh+ordering:en+rule:part-number-structure,products:zh+products:en+ordering:zh+ordering:en+rule:pn-letter,products:zh+products:en,products:zh+products:en,products:zh+products:en+?pin-table,products:zh+products:en+rule:pn-temp-grade,
CH32L103G8R6,CH32L103,CH32L103,QSOP28,65536,20480,26,-40..85C,,,CH32L103DS0.PDF,#,confirmed,confirmed,confirmed,confirmed,confirmed,confirmed,confirmed,missing,products:zh+products:en+ordering:zh+ordering:en,products:zh+products:en+ordering:zh+ordering:en+rule:part-number-structure,products:zh+products:en+ordering:zh+ordering:en+rule:pn-letter,products:zh+products:en,products:zh+products:en,products:zh+products:en+?pin-table,products:zh+products:en+rule:pn-temp-grade,
CH32L103K8U6,CH32L103,CH32L103,QFN32,65536,20480,31,-40..85C,,,CH32L103DS0.PDF,#,confirmed,confirmed,confirmed,confirmed,confirmed,confirmed,confirmed,missing,products:zh+products:en+ordering:zh+ordering:en,products:zh+products:en+ordering:zh+ordering:en+rule:part-number-structure,products:zh+products:en+ordering:zh+ordering:en+rule:pn-letter,products:zh+products:en,products:zh+products:en,products:zh+products:en+?pin-table,products:zh+products:en+rule:pn-temp-grade,
CH32L103K8U7,CH32L103,CH32L103,QFN32,65536,20480,31,-40..105C,,,CH32L103DS0.PDF,#,confirmed,confirmed,confirmed,confirmed,confirmed,confirmed,confirmed,missing,products:zh+products:en+ordering:zh+ordering:en,products:zh+products:en+ordering:zh+ordering:en+rule:part-number-structure,products:zh+products:en+ordering:zh+ordering:en+rule:pn-letter,products:zh+products:en,products:zh+products:en,products:zh+products:en+?pin-table,products:zh+products:en+rule:pn-temp-grade,
CH32M007E8R6,CH32M007,CH32V006,QSOP24,63488,8192,15,-40..85C,,,CH32V007DS0.PDF,#,confirmed,confirmed,confirmed,confirmed,confirmed,confirmed,confirmed,missing,products:zh+products:en+ordering:zh+ordering:en,products:zh+products:en+ordering:zh+ordering:en+rule:part-number-structure,products:zh+products:en+ordering:zh+ordering:en+rule:pn-letter,products:zh+products:en,products:zh+products:en,products:zh+products:en+pin-table,rule:pn-temp-grade+products:zh(max)+products:en(max),
CH32M007E8U7,CH32M007,CH32V006,QFN26C3,63488,8192,16,-40..105C,,,CH32V007DS0.PDF,#,confirmed,confirmed,confirmed,confirmed,confirmed,confirmed,confirmed,missing,products:zh+products:en+ordering:zh+ordering:en,products:zh+products:en+ordering:zh+ordering:en+rule:part-number-structure,products:zh+products:en+ordering:zh+ordering:en+rule:pn-letter,products:zh+products:en,products:zh+products:en,products:zh+products:en+pin-table,rule:pn-temp-grade+products:zh(max)+products:en(max),
CH32M007G8R6,CH32M007,CH32V006,QSOP28,63488,8192,12,-40..85C,,,CH32V007DS0.PDF,#,confirmed,confirmed,confirmed,confirmed,confirmed,confirmed,confirmed,missing,products:zh+products:en+ordering:zh+ordering:en,products:zh+products:en+ordering:zh+ordering:en+rule:part-number-structure,products:zh+products:en+ordering:zh+ordering:en+rule:pn-letter,products:zh+products:en,products:zh+products:en,products:zh+products:en+?pin-table,rule:pn-temp-grade+products:zh(max)+products:en(max),
CH32M007K8U7,CH32M007,CH32V006,QFN32,63488,8192,17,-40..105C,,,CH32V007DS0.PDF,#,confirmed,confirmed,confirmed,confirmed,confirmed,confirmed,confirmed,missing,products:zh+products:en+ordering:zh+ordering:en,products:zh+products:en+ordering:zh+ordering:en+rule:part-number-structure,products:zh+products:en+ordering:zh+ordering:en+rule:pn-letter,products:zh+products:en,products:zh+products:en,products:zh+products:en+pin-table,rule:pn-temp-grade+products:zh(max)+products:en(max),
CH32M030C8T7,CH32M030,CH32M030,LQFP48,65536,12288,35,-40..105C,,,CH32M030DS0.PDF,#,confirmed,confirmed,confirmed,confirmed,confirmed,confirmed,reference,missing,products:zh+products:en+ordering:zh+ordering:en,products:zh+products:en+ordering:zh+ordering:en+rule:part-number-structure,products:zh+products:en+ordering:zh+ordering:en+rule:pn-letter,products:zh+products:en,products:zh+products:en,products:zh+products:en+pin-table,rule:pn-temp-grade,
CH32M030C8U3,CH32M030,CH32M030,QFN48X7_A,65536,12288,36,,,,CH32M030DS0.PDF,#,confirmed,confirmed,confirmed,confirmed,confirmed,confirmed,missing,missing,products:zh+products:en+ordering:zh+ordering:en,products:zh+products:en+ordering:zh+ordering:en+rule:part-number-structure,products:zh+products:en+ordering:zh+ordering:en+rule:pn-letter,products:zh+products:en,products:zh+products:en,products:zh+products:en+pin-table,,
CH32M030C8U7,CH32M030,CH32M030,QFN48,65536,12288,36,-40..105C,,,CH32M030DS0.PDF,#,confirmed,confirmed,confirmed,confirmed,confirmed,confirmed,reference,missing,products:zh+products:en+ordering:zh+ordering:en,products:zh+products:en+ordering:zh+ordering:en+rule:part-number-structure,products:zh+products:en+ordering:zh+ordering:en+rule:pn-letter,products:zh+products:en,products:zh+products:en,products:zh+products:en+pin-table,rule:pn-temp-grade,
CH32M030G8R7,CH32M030,CH32M030,QSOP28,65536,12288,17,-40..105C,,,CH32M030DS0.PDF,#,confirmed,confirmed,confirmed,confirmed,confirmed,confirmed,reference,missing,products:zh+products:en+ordering:zh+ordering:en,products:zh+products:en+ordering:zh+ordering:en+rule:part-number-structure,products:zh+products:en+ordering:zh+ordering:en+rule:pn-letter,products:zh+products:en,products:zh+products:en,products:zh+products:en+?pin-table,rule:pn-temp-grade,
CH32M030K8U7,CH32M030,CH32M030,QFN32,65536,12288,24,-40..105C,,,CH32M030DS0.PDF,#,confirmed,confirmed,confirmed,confirmed,confirmed,confirmed,reference,missing,products:zh+products:en+ordering:zh+ordering:en,products:zh+products:en+ordering:zh+ordering:en+rule:part-number-structure,products:zh+products:en+ordering:zh+ordering:en+rule:pn-letter,products:zh+products:en,products:zh+products:en,products:zh+products:en+?pin-table,rule:pn-temp-grade,
CH32M103G8R6,CH32M103,CH32L103,QSOP28,65536,20480,18,-40..85C,,,CH32L103DS0.PDF,#,confirmed,confirmed,confirmed,confirmed,confirmed,confirmed,confirmed,missing,products:zh+products:en+ordering:zh+ordering:en,products:zh+products:en+ordering:zh+ordering:en+rule:part-number-structure,products:zh+products:en+ordering:zh+ordering:en+rule:pn-letter,products:zh+products:en,products:zh+products:en,products:zh+products:en+?pin-table,products:zh+products:en+rule:pn-temp-grade,
CH32V002A4M6,CH32V002,CH32V006,SOP16,16384,4096,14,-40..85C,,,CH32V002DS0.PDF,#,confirmed,confirmed,confirmed,confirmed,confirmed,confirmed,reference,missing,products:zh+products:en+ordering:zh+ordering:en,products:zh+products:en+ordering:zh+ordering:en+rule:part-number-structure,products:zh+products:en+ordering:zh+ordering:en+rule:pn-letter,products:zh+products:en,products:zh+products:en,products:zh+products:en+pin-table,rule:pn-temp-grade,
CH32V002D4U6,CH32V002,CH32V006,QFN12,16384,4096,11,-40..85C,,,CH32V002DS0.PDF,#,confirmed,confirmed,confirmed,confirmed,confirmed,confirmed,reference,missing,products:zh+products:en+ordering:zh+ordering:en,products:zh+products:en+ordering:zh+ordering:en+rule:part-number-structure,products:zh+products:en+ordering:zh+ordering:en+rule:pn-letter,products:zh+products:en,products:zh+products:en,products:zh+products:en+pin-table,rule:pn-temp-grade,
CH32V002F4P6,CH32V002,CH32V006,TSSOP20,16384,4096,18,-40..85C,,,CH32V002DS0.PDF,#,confirmed,confirmed,confirmed,confirmed,confirmed,confirmed,reference,missing,products:zh+products:en+ordering:zh+ordering:en,products:zh+products:en+ordering:zh+ordering:en+rule:part-number-structure,products:zh+products:en+ordering:zh+ordering:en+rule:pn-letter,products:zh+products:en,products:zh+products:en,products:zh+products:en+pin-table,rule:pn-temp-grade,
CH32V002F4U6,CH32V002,CH32V006,QFN20,16384,4096,18,-40..85C,,,CH32V002DS0.PDF,#,confirmed,confirmed,confirmed,confirmed,confirmed,confirmed,reference,missing,products:zh+products:en+ordering:zh+ordering:en,products:zh+products:en+ordering:zh+ordering:en+rule:part-number-structure,products:zh+products:en+ordering:zh+ordering:en+rule:pn-letter,products:zh+products:en,products:zh+products:en,products:zh+products:en+pin-table,rule:pn-temp-grade,
CH32V002J4M6,CH32V002,CH32V006,SOP8,16384,4096,6,-40..85C,,,CH32V002DS0.PDF,#,confirmed,confirmed,confirmed,confirmed,confirmed,confirmed,reference,missing,products:zh+products:en+ordering:zh+ordering:en,products:zh+products:en+ordering:zh+ordering:en+rule:part-number-structure,products:zh+products:en+ordering:zh+ordering:en+rule:pn-letter,products:zh+products:en,products:zh+products:en,products:zh+products:en+?pin-table,rule:pn-temp-grade,
CH32V003A4M6,CH32V003,CH32V003,SOP16,16384,2048,14,-40..85C,,,CH32V003DS0.PDF,#,confirmed,confirmed,confirmed,confirmed,confirmed,confirmed,reference,missing,products:zh+products:en+ordering:zh+ordering:en,products:zh+products:en+ordering:zh+ordering:en+rule:part-number-structure,products:zh+products:en+ordering:zh+ordering:en+rule:pn-letter,products:zh+products:en,products:zh+products:en,products:zh+products:en+pin-table,rule:pn-temp-grade,
CH32V003F4P6,CH32V003,CH32V003,TSSOP20,16384,2048,18,-40..85C,,,CH32V003DS0.PDF,#,confirmed,confirmed,confirmed,confirmed,confirmed,confirmed,reference,missing,products:zh+products:en+ordering:zh+ordering:en,products:zh+products:en+ordering:zh+ordering:en+rule:part-number-structure,products:zh+products:en+ordering:zh+ordering:en+rule:pn-letter,products:zh+products:en,products:zh+products:en,products:zh+products:en+pin-table,rule:pn-temp-grade,
CH32V003F4U6,CH32V003,CH32V003,QFN20,16384,2048,18,-40..85C,,,CH32V003DS0.PDF,#,confirmed,confirmed,confirmed,confirmed,confirmed,confirmed,reference,missing,products:zh+products:en+ordering:zh+ordering:en,products:zh+products:en+ordering:zh+ordering:en+rule:part-number-structure,products:zh+products:en+ordering:zh+ordering:en+rule:pn-letter,products:zh+products:en,products:zh+products:en,products:zh+products:en+pin-table,rule:pn-temp-grade,
CH32V003J4M6,CH32V003,CH32V003,SOP8,16384,2048,6,-40..85C,,,CH32V003DS0.PDF,#,confirmed,confirmed,confirmed,confirmed,confirmed,confirmed,reference,missing,products:zh+products:en+ordering:zh+ordering:en,products:zh+products:en+ordering:zh+ordering:en+rule:part-number-structure,products:zh+products:en+ordering:zh+ordering:en+rule:pn-letter,products:zh+products:en,products:zh+products:en,products:zh+products:en+?pin-table,rule:pn-temp-grade,
CH32V004F6P1,CH32V004,CH32V006,TSSOP20,32768,6144,18,,,,CH32V004DS0.PDF,#,confirmed,confirmed,confirmed,confirmed,confirmed,confirmed,missing,missing,products:zh+products:en+ordering:zh+ordering:en,products:zh+products:en+ordering:zh+ordering:en+rule:part-number-structure,products:zh+products:en+ordering:zh+ordering:en+rule:pn-letter,products:zh+products:en,products:zh+products:en,products:zh+products:en+?pin-table,,
CH32V004F6U1,CH32V004,CH32V006,QFN20L,32768,6144,18,,,,CH32V004DS0.PDF,#,confirmed,confirmed,confirmed,confirmed,confirmed,confirmed,missing,missing,products:zh+products:en+ordering:zh+ordering:en,products:zh+products:en+ordering:zh+ordering:en+rule:part-number-structure,products:zh+products:en+ordering:zh+ordering:en+rule:pn-letter,products:zh+products:en,products:zh+products:en,products:zh+products:en+?pin-table,,
CH32V005D6U6,CH32V005,CH32V006,QFN12,32768,6144,11,-40..85C,,,CH32V006DS0.PDF,#,confirmed,confirmed,confirmed,confirmed,confirmed,confirmed,confirmed,missing,products:zh+products:en+ordering:zh+ordering:en,products:zh+products:en+ordering:zh+ordering:en+rule:part-number-structure,products:zh+products:en+ordering:zh+ordering:en+rule:pn-letter,products:zh+products:en,products:zh+products:en,products:zh+products:en+?pin-table,rule:pn-temp-grade+products:zh(max)+products:en(max),
CH32V005E6R6,CH32V005,CH32V006,QSOP24,32768,6144,22,-40..85C,,,CH32V006DS0.PDF,#,confirmed,confirmed,confirmed,confirmed,confirmed,confirmed,confirmed,missing,products:zh+products:en+ordering:zh+ordering:en,products:zh+products:en+ordering:zh+ordering:en+rule:part-number-structure,products:zh+products:en+ordering:zh+ordering:en+rule:pn-letter,products:zh+products:en,products:zh+products:en,products:zh+products:en+?pin-table,rule:pn-temp-grade+products:zh(max)+products:en(max),
CH32V005F6P6,CH32V005,CH32V006,TSSOP20,32768,6144,18,-40..85C,,,CH32V006DS0.PDF,#,confirmed,confirmed,confirmed,confirmed,confirmed,confirmed,confirmed,missing,products:zh+products:en+ordering:zh+ordering:en,products:zh+products:en+ordering:zh+ordering:en+rule:part-number-structure,products:zh+products:en+ordering:zh+ordering:en+rule:pn-letter,products:zh+products:en,products:zh+products:en,products:zh+products:en+?pin-table,rule:pn-temp-grade+products:zh(max)+products:en(max),
CH32V005F6U6,CH32V005,CH32V006,QFN20,32768,6144,18,-40..85C,,,CH32V006DS0.PDF,#,confirmed,confirmed,confirmed,confirmed,confirmed,confirmed,confirmed,missing,products:zh+products:en+ordering:zh+ordering:en,products:zh+products:en+ordering:zh+ordering:en+rule:part-number-structure,products:zh+products:en+ordering:zh+ordering:en+rule:pn-letter,products:zh+products:en,products:zh+products:en,products:zh+products:en+?pin-table,rule:pn-temp-grade+products:zh(max)+products:en(max),
CH32V006D8U7,CH32V006,CH32V006,QFN12,63488,8192,11,-40..105C,,,CH32V006DS0.PDF,#,confirmed,confirmed,confirmed,confirmed,confirmed,confirmed,confirmed,missing,products:zh+products:en+ordering:zh+ordering:en,products:zh+products:en+ordering:zh+ordering:en+rule:part-number-structure,products:zh+products:en+ordering:zh+ordering:en+rule:pn-letter,products:zh+products:en,products:zh+products:en,products:zh+products:en+?pin-table,rule:pn-temp-grade+products:zh(max)+products:en(max),
CH32V006E8R6,CH32V006,CH32V006,QSOP24,63488,8192,22,-40..85C,,,CH32V006DS0.PDF,#,confirmed,confirmed,confirmed,confirmed,confirmed,confirmed,confirmed,missing,products:zh+products:en+ordering:zh+ordering:en,products:zh+products:en+ordering:zh+ordering:en+rule:part-number-structure,products:zh+products:en+ordering:zh+ordering:en+rule:pn-letter,products:zh+products:en,products:zh+products:en,products:zh+products:en+?pin-table,rule:pn-temp-grade+products:zh(max)+products:en(max),
CH32V006E8R7,CH32V006,CH32V006,QSOP24,63488,8192,22,-40..105C,,,CH32V006DS0.PDF,#,confirmed,confirmed,confirmed,confirmed,confirmed,confirmed,confirmed,missing,products:zh+products:en+ordering:zh+ordering:en,products:zh+products:en+ordering:zh+ordering:en+rule:part-number-structure,products:zh+products:en+ordering:zh+ordering:en+rule:pn-letter,products:zh+products:en,products:zh+products:en,products:zh+products:en+?pin-table,rule:pn-temp-grade+products:zh(max)+products:en(max),
CH32V006F4U6,CH32V006,CH32V006,QFN20,16384,4096,18,-40..85C,,,CH32V006DS0.PDF,#,confirmed,confirmed,confirmed,confirmed,confirmed,confirmed,confirmed,missing,products:zh+products:en+ordering:zh+ordering:en,products:zh+products:en+ordering:zh+ordering:en+rule:part-number-structure,products:zh+products:en+ordering:zh+ordering:en+rule:pn-letter,products:zh+products:en,products:zh+products:en,products:zh+products:en+pin-table,rule:pn-temp-grade+products:zh(max)+products:en(max),
CH32V006F8P7,CH32V006,CH32V006,TSSOP20,63488,8192,18,-40..105C,,,CH32V006DS0.PDF,#,confirmed,confirmed,confirmed,confirmed,confirmed,confirmed,confirmed,missing,products:zh+products:en+ordering:zh+ordering:en,products:zh+products:en+ordering:zh+ordering:en+rule:part-number-structure,products:zh+products:en+ordering:zh+ordering:en+rule:pn-letter,products:zh+products:en,products:zh+products:en,products:zh+products:en+?pin-table,rule:pn-temp-grade+products:zh(max)+products:en(max),
CH32V006F8U7,CH32V006,CH32V006,QFN20,63488,8192,18,-40..105C,,,CH32V006DS0.PDF,#,confirmed,confirmed,confirmed,confirmed,confirmed,confirmed,confirmed,missing,products:zh+products:en+ordering:zh+ordering:en,products:zh+products:en+ordering:zh+ordering:en+rule:part-number-structure,products:zh+products:en+ordering:zh+ordering:en+rule:pn-letter,products:zh+products:en,products:zh+products:en,products:zh+products:en+?pin-table,rule:pn-temp-grade+products:zh(max)+products:en(max),
CH32V006K8U7,CH32V006,CH32V006,QFN32,63488,8192,31,-40..105C,,,CH32V006DS0.PDF,#,confirmed,confirmed,confirmed,confirmed,confirmed,confirmed,confirmed,missing,products:zh+products:en+ordering:zh+ordering:en,products:zh+products:en+ordering:zh+ordering:en+rule:part-number-structure,products:zh+products:en+ordering:zh+ordering:en+rule:pn-letter,products:zh+products:en,products:zh+products:en,products:zh+products:en+pin-table,rule:pn-temp-grade+products:zh(max)+products:en(max),
CH32V007E8R6,CH32V007,CH32V006,QSOP24,63488,8192,22,-40..85C,,,CH32V007DS0.PDF,#,confirmed,confirmed,confirmed,confirmed,confirmed,confirmed,confirmed,missing,products:zh+products:en+ordering:zh+ordering:en,products:zh+products:en+ordering:zh+ordering:en+rule:part-number-structure,products:zh+products:en+ordering:zh+ordering:en+rule:pn-letter,products:zh+products:en,products:zh+products:en,products:zh+products:en+?pin-table,rule:pn-temp-grade+products:zh(max)+products:en(max),
CH32V007E8R7,CH32V007,CH32V006,QSOP24,63488,8192,22,-40..105C,,,CH32V007DS0.PDF,#,confirmed,confirmed,confirmed,confirmed,confirmed,confirmed,confirmed,missing,products:zh+products:en+ordering:zh+ordering:en,products:zh+products:en+ordering:zh+ordering:en+rule:part-number-structure,products:zh+products:en+ordering:zh+ordering:en+rule:pn-letter,products:zh+products:en,products:zh+products:en,products:zh+products:en+?pin-table,rule:pn-temp-grade+products:zh(max)+products:en(max),
CH32V007K8U6,CH32V007,CH32V006,QFN32,63488,8192,31,-40..85C,,,CH32V007DS0.PDF,#,confirmed,confirmed,confirmed,confirmed,confirmed,confirmed,confirmed,missing,products:zh+products:en+ordering:zh+ordering:en,products:zh+products:en+ordering:zh+ordering:en+rule:part-number-structure,products:zh+products:en+ordering:zh+ordering:en+rule:pn-letter,products:zh+products:en,products:zh+products:en,products:zh+products:en+pin-table,rule:pn-temp-grade+products:zh(max)+products:en(max),
CH32V007K8U7,CH32V007,CH32V006,QFN32,63488,8192,31,-40..105C,,,CH32V007DS0.PDF,#,confirmed,confirmed,confirmed,confirmed,confirmed,confirmed,confirmed,missing,products:zh+products:en+ordering:zh+ordering:en,products:zh+products:en+ordering:zh+ordering:en+rule:part-number-structure,products:zh+products:en+ordering:zh+ordering:en+rule:pn-letter,products:zh+products:en,products:zh+products:en,products:zh+products:en+pin-table,rule:pn-temp-grade+products:zh(max)+products:en(max),
CH32V103C6T6,CH32V103,CH32V103,LQFP48,32768,10240,37,-40..85C,Tray,,CH32V103DS0.PDF,#,confirmed,confirmed,confirmed,confirmed,confirmed,confirmed,confirmed,reference,products:zh+products:en+ordering:zh+ordering:en,products:zh+products:en+ordering:zh+ordering:en+rule:part-number-structure,products:zh+products:en+ordering:zh+ordering:en+rule:pn-letter,products:zh+products:en,products:zh+products:en,products:zh+products:en+?pin-table,products:zh+products:en+rule:pn-temp-grade,ordering:en
CH32V103C8T6,CH32V103,CH32V103,LQFP48,65536,20480,37,-40..85C,Tray,,CH32V103DS0.PDF,#,confirmed,confirmed,confirmed,confirmed,confirmed,confirmed,confirmed,reference,products:zh+products:en+ordering:zh+ordering:en,products:zh+products:en+ordering:zh+ordering:en+rule:part-number-structure,products:zh+products:en+ordering:zh+ordering:en+rule:pn-letter,products:zh+products:en,products:zh+products:en,products:zh+products:en+?pin-table,products:zh+products:en+rule:pn-temp-grade,ordering:en
CH32V103C8U6,CH32V103,CH32V103,QFN48X7,65536,20480,37,-40..85C,Tray,,CH32V103DS0.PDF,#,confirmed,confirmed,confirmed,confirmed,confirmed,confirmed,confirmed,reference,products:zh+products:en+ordering:zh+ordering:en,products:zh+products:en+ordering:zh+ordering:en+rule:part-number-structure,products:zh+products:en+ordering:zh+ordering:en+rule:pn-letter,products:zh+products:en,products:zh+products:en,products:zh+products:en+?pin-table,products:zh+products:en+rule:pn-temp-grade,ordering:en
CH32V103R8T6,CH32V103,CH32V103,LQFP64M,65536,20480,51,-40..85C,Tray,,CH32V103DS0.PDF,#,confirmed,confirmed,confirmed,confirmed,confirmed,confirmed,confirmed,reference,products:zh+products:en+ordering:zh+ordering:en,products:zh+products:en+ordering:zh+ordering:en+rule:part-number-structure,products:zh+products:en+ordering:zh+ordering:en+rule:pn-letter,products:zh+products:en,products:zh+products:en,products:zh+products:en+?pin-table,products:zh+products:en+rule:pn-temp-grade,ordering:en
CH32V203C6T6,CH32V203,CH32V20x,LQFP48,32768,10240,37,-40..85C,,CH32V203C6x6,CH32V203DS0.PDF,#,confirmed,confirmed,confirmed,confirmed,confirmed,confirmed,confirmed,missing,products:zh+products:en+ordering:zh+ordering:en,products:zh+products:en+ordering:zh+ordering:en+rule:part-number-structure,products:zh+products:en+ordering:zh+ordering:en+rule:pn-letter,products:zh+products:en,products:zh+products:en,products:zh+products:en+?pin-table,products:zh+products:en+rule:pn-temp-grade,
CH32V203C6U6,CH32V203,CH32V20x,QFN48X7,32768,10240,37,-40..85C,,CH32V203C6x6,CH32V203DS0.PDF,#,confirmed,confirmed,confirmed,confirmed,confirmed,confirmed,confirmed,missing,products:zh+products:en+ordering:zh+ordering:en,products:zh+products:en+ordering:zh+ordering:en+rule:part-number-structure,products:zh+products:en+ordering:zh+ordering:en+rule:pn-letter,products:zh+products:en,products:zh+products:en,products:zh+products:en+?pin-table,products:zh+products:en+rule:pn-temp-grade,
CH32V203C8T6,CH32V203,CH32V20x,LQFP48,65536,20480,37,-40..85C,,CH32V203C8x6,CH32V203DS0.PDF,#,confirmed,confirmed,confirmed,confirmed,confirmed,confirmed,confirmed,missing,products:zh+products:en+ordering:zh+ordering:en,products:zh+products:en+ordering:zh+ordering:en+rule:part-number-structure,products:zh+products:en+ordering:zh+ordering:en+rule:pn-letter,products:zh+products:en,products:zh+products:en,products:zh+products:en+?pin-table,products:zh+products:en+rule:pn-temp-grade,
CH32V203C8U6,CH32V203,CH32V20x,QFN48X7,65536,20480,37,-40..85C,,CH32V203C8x6,CH32V203DS0.PDF,#,confirmed,confirmed,confirmed,confirmed,confirmed,confirmed,confirmed,missing,products:zh+products:en+ordering:zh+ordering:en,products:zh+products:en+ordering:zh+ordering:en+rule:part-number-structure,products:zh+products:en+ordering:zh+ordering:en+rule:pn-letter,products:zh+products:en,products:zh+products:en,products:zh+products:en+?pin-table,products:zh+products:en+rule:pn-temp-grade,
CH32V203CCT6,CH32V203,CH32V205,LQFP48,262144,32768,37,-40..85C,,,CH32V205DS0.PDF,#,confirmed,confirmed,confirmed,confirmed,confirmed,confirmed,confirmed,missing,products:zh+products:en+ordering:zh+ordering:en,products:zh+products:en+ordering:zh+ordering:en+rule:part-number-structure,products:zh+products:en+ordering:zh+ordering:en+rule:pn-letter,products:zh+products:en,products:zh+products:en,products:zh+products:en+?pin-table,products:zh+products:en+rule:pn-temp-grade,
CH32V203F6P6,CH32V203,CH32V20x,TSSOP20,32768,10240,16,-40..85C,,,CH32V203DS0.PDF,#,confirmed,confirmed,confirmed,confirmed,confirmed,confirmed,confirmed,missing,products:zh+products:en+ordering:zh+ordering:en,products:zh+products:en+ordering:zh+ordering:en+rule:part-number-structure,products:zh+products:en+ordering:zh+ordering:en+rule:pn-letter,products:zh+products:en,products:zh+products:en,products:zh+products:en+?pin-table,products:zh+products:en+rule:pn-temp-grade,
CH32V203F8P6,CH32V203,CH32V20x,TSSOP20,65536,20480,17,-40..85C,,CH32V203F8x6,CH32V203DS0.PDF,#,confirmed,confirmed,confirmed,confirmed,confirmed,confirmed,confirmed,missing,products:zh+products:en+ordering:zh+ordering:en,products:zh+products:en+ordering:zh+ordering:en+rule:part-number-structure,products:zh+products:en+ordering:zh+ordering:en+rule:pn-letter,products:zh+products:en,products:zh+products:en,products:zh+products:en+?pin-table,products:zh+products:en+rule:pn-temp-grade,
CH32V203F8U6,CH32V203,CH32V20x,QFN20,65536,20480,17,-40..85C,,CH32V203F8x6,CH32V203DS0.PDF,#,confirmed,confirmed,confirmed,confirmed,confirmed,confirmed,confirmed,missing,products:zh+products:en+ordering:zh+ordering:en,products:zh+products:en+ordering:zh+ordering:en+rule:part-number-structure,ordering:zh+ordering:en+rule:pn-letter,products:zh+products:en,products:zh+products:en,products:zh+products:en+?pin-table,products:zh+products:en+rule:pn-temp-grade,
CH32V203G6U6,CH32V203,CH32V20x,QFN28,32768,10240,24,-40..85C,,,CH32V203DS0.PDF,#,confirmed,confirmed,confirmed,confirmed,confirmed,confirmed,confirmed,missing,products:zh+products:en+ordering:zh+ordering:en,products:zh+products:en+ordering:zh+ordering:en+rule:part-number-structure,products:zh+products:en+ordering:zh+ordering:en+rule:pn-letter,products:zh+products:en,products:zh+products:en,products:zh+products:en+?pin-table,products:zh+products:en+rule:pn-temp-grade,
CH32V203G8R6,CH32V203,CH32V20x,QSOP28,65536,20480,24,-40..85C,,,CH32V203DS0.PDF,#,confirmed,confirmed,confirmed,confirmed,confirmed,confirmed,confirmed,missing,products:zh+products:en+ordering:zh+ordering:en,products:zh+products:en+ordering:zh+ordering:en+rule:part-number-structure,products:zh+products:en+ordering:zh+ordering:en+rule:pn-letter,products:zh+products:en,products:zh+products:en,products:zh+products:en+?pin-table,products:zh+products:en+rule:pn-temp-grade,
CH32V203K8T6,CH32V203,CH32V20x,LQFP32,65536,20480,26,-40..85C,,,CH32V203DS0.PDF,#,confirmed,confirmed,confirmed,confirmed,confirmed,confirmed,confirmed,missing,products:zh+products:en+ordering:zh+ordering:en,products:zh+products:en+ordering:zh+ordering:en+rule:part-number-structure,products:zh+products:en+ordering:zh+ordering:en+rule:pn-letter,products:zh+products:en,products:zh+products:en,products:zh+products:en+?pin-table,products:zh+products:en+rule:pn-temp-grade,
CH32V203K8U7,CH32V203,CH32V20x,QFN32,65536,20480,31,-40..105C,,,CH32V203DS0.PDF,#,confirmed,confirmed,confirmed,confirmed,confirmed,confirmed,confirmed,missing,products:zh+products:en+ordering:zh+ordering:en,products:zh+products:en+ordering:zh+ordering:en+rule:part-number-structure,products:zh+products:en+ordering:zh+ordering:en+rule:pn-letter,products:zh+products:en,products:zh+products:en,products:zh+products:en+?pin-table,products:zh+products:en+rule:pn-temp-grade,
CH32V203RBT6,CH32V203,CH32V20x,LQFP64M,131072,65536,51,-40..85C,,,CH32V203DS0.PDF,#,confirmed,confirmed,confirmed,confirmed,confirmed,confirmed,confirmed,missing,products:zh+products:en+ordering:zh+ordering:en,products:zh+products:en+ordering:zh+ordering:en+rule:part-number-structure,products:zh+products:en+ordering:zh+ordering:en+rule:pn-letter,products:zh+products:en,products:zh+products:en,products:zh+products:en+?pin-table,products:zh+products:en+rule:pn-temp-grade,
CH32V205CCT6,CH32V205,CH32V205,LQFP48,262144,32768,41,-40..85C,,,CH32V205DS0.PDF,#,confirmed,confirmed,confirmed,confirmed,confirmed,confirmed,confirmed,missing,products:zh+products:en+ordering:zh+ordering:en,products:zh+products:en+ordering:zh+ordering:en+rule:part-number-structure,products:zh+products:en+ordering:zh+ordering:en+rule:pn-letter,products:zh+products:en,products:zh+products:en,products:zh+products:en+?pin-table,products:zh+products:en+rule:pn-temp-grade,
CH32V205RCT6,CH32V205,CH32V205,LQFP64,262144,32768,51,-40..85C,,,CH32V205DS0.PDF,#,confirmed,confirmed,confirmed,confirmed,confirmed,confirmed,confirmed,missing,products:zh+products:en+ordering:zh+ordering:en,products:zh+products:en+ordering:zh+ordering:en+rule:part-number-structure,products:zh+products:en+ordering:zh+ordering:en+rule:pn-letter,products:zh+products:en,products:zh+products:en,products:zh+products:en+?pin-table,products:zh+products:en+rule:pn-temp-grade,
CH32V205VCT6,CH32V205,CH32V205,LQFP100,262144,32768,80,-40..85C,,,CH32V205DS0.PDF,#,confirmed,confirmed,confirmed,confirmed,confirmed,confirmed,confirmed,missing,products:zh+products:en+ordering:zh+ordering:en,products:zh+products:en+ordering:zh+ordering:en+rule:part-number-structure,products:zh+products:en+ordering:zh+ordering:en+rule:pn-letter,products:zh+products:en,products:zh+products:en,products:zh+products:en+?pin-table,products:zh+products:en+rule:pn-temp-grade,
CH32V208CBU6,CH32V208,CH32V20x,QFN48,131072,65536,35,-40..85C,,CH32V208CB,CH32V208DS0.PDF,#,confirmed,confirmed,confirmed,confirmed,confirmed,confirmed,confirmed,missing,products:zh+products:en+ordering:zh+ordering:en,products:zh+products:en+ordering:zh+ordering:en+rule:part-number-structure,products:zh+products:en+ordering:zh+ordering:en+rule:pn-letter,products:zh+products:en,products:zh+products:en,products:zh+products:en+?pin-table,products:zh+products:en+rule:pn-temp-grade,
CH32V208GBU6,CH32V208,CH32V20x,QFN28,131072,65536,21,-40..85C,,CH32V208GB,CH32V208DS0.PDF,#,confirmed,confirmed,confirmed,confirmed,confirmed,confirmed,confirmed,missing,products:zh+products:en+ordering:zh+ordering:en,products:zh+products:en+ordering:zh+ordering:en+rule:part-number-structure,products:zh+products:en+ordering:zh+ordering:en+rule:pn-letter,products:zh+products:en,products:zh+products:en,products:zh+products:en+?pin-table,products:zh+products:en+rule:pn-temp-grade,
CH32V208RBT6,CH32V208,CH32V20x,LQFP64M,131072,65536,49,-40..85C,,CH32V208RB,CH32V208DS0.PDF,#,confirmed,confirmed,confirmed,confirmed,confirmed,confirmed,confirmed,missing,products:zh+products:en+ordering:zh+ordering:en,products:zh+products:en+ordering:zh+ordering:en+rule:part-number-structure,products:zh+products:en+ordering:zh+ordering:en+rule:pn-letter,products:zh+products:en,products:zh+products:en,products:zh+products:en+?pin-table,products:zh+products:en+rule:pn-temp-grade,
CH32V208WBU6,CH32V208,CH32V20x,QFN68,131072,65536,53,-40..85C,,CH32V208WB,CH32V208DS0.PDF,#,confirmed,confirmed,confirmed,confirmed,confirmed,confirmed,confirmed,missing,products:zh+products:en+ordering:zh+ordering:en,products:zh+products:en+ordering:zh+ordering:en+rule:part-number-structure,products:zh+products:en+ordering:zh+ordering:en+rule:pn-letter,products:zh+products:en,products:zh+products:en,products:zh+products:en+?pin-table,products:zh+products:en+rule:pn-temp-grade,
CH32V303CBT6,CH32V303,CH32V307,LQFP48,131072,32768,37,-40..85C,,CH32V303CB,CH32V20x_30xDS0.PDF,#,confirmed,confirmed,confirmed,confirmed,confirmed,confirmed,confirmed,missing,products:zh+products:en+ordering:zh,products:zh+products:en+ordering:zh+rule:part-number-structure,products:zh+products:en+ordering:zh+rule:pn-letter,products:zh+products:en,products:zh+products:en,products:zh+products:en,products:zh+products:en+rule:pn-temp-grade,
CH32V303RBT6,CH32V303,CH32V307,LQFP64M,131072,32768,51,-40..85C,,CH32V303RB,CH32V20x_30xDS0.PDF,#,confirmed,confirmed,confirmed,confirmed,confirmed,confirmed,confirmed,missing,products:zh+products:en+ordering:zh,products:zh+products:en+ordering:zh+rule:part-number-structure,products:zh+products:en+ordering:zh+rule:pn-letter,products:zh+products:en,products:zh+products:en,products:zh+products:en,products:zh+products:en+rule:pn-temp-grade,
CH32V303RCT6,CH32V303,CH32V307,LQFP64M,262144,65536,51,-40..85C,,CH32V303RC,CH32V20x_30xDS0.PDF,#,confirmed,confirmed,confirmed,confirmed,confirmed,confirmed,confirmed,missing,products:zh+products:en+ordering:zh,products:zh+products:en+ordering:zh+rule:part-number-structure,products:zh+products:en+ordering:zh+rule:pn-letter,products:zh+products:en,products:zh+products:en,products:zh+products:en,products:zh+products:en+rule:pn-temp-grade,
CH32V303RCT7,CH32V303,CH32V307,LQFP64M,262144,65536,51,-40..105C,,CH32V303RC,CH32V20x_30xDS0.PDF,#,confirmed,confirmed,confirmed,confirmed,confirmed,confirmed,reference,missing,products:zh+products:en+ordering:zh,products:zh+products:en+ordering:zh+rule:part-number-structure,products:zh+products:en+ordering:zh+rule:pn-letter,products:zh+products:en,products:zh+products:en,products:zh+products:en,rule:pn-temp-grade,
CH32V303VCT6,CH32V303,CH32V307,LQFP100,262144,65536,80,-40..85C,,CH32V303VC,CH32V20x_30xDS0.PDF,#,confirmed,confirmed,confirmed,confirmed,confirmed,confirmed,confirmed,missing,products:zh+products:en+ordering:zh,products:zh+products:en+ordering:zh+rule:part-number-structure,products:zh+products:en+ordering:zh+rule:pn-letter,products:zh+products:en,products:zh+products:en,products:zh+products:en,products:zh+products:en+rule:pn-temp-grade,
CH32V305CCT6,CH32V305,CH32V307,LQFP48,262144,65536,41,-40..85C,,CH32V305CC,CH32V20x_30xDS0.PDF,#,confirmed,confirmed,confirmed,confirmed,confirmed,confirmed,confirmed,missing,products:zh+products:en+ordering:zh,products:zh+products:en+ordering:zh+rule:part-number-structure,products:zh+products:en+ordering:zh+rule:pn-letter,products:zh+products:en,products:zh+products:en,products:zh+products:en,products:zh+products:en+rule:pn-temp-grade,
CH32V305FBP6,CH32V305,CH32V307,TSSOP20,131072,32768,17,-40..85C,,CH32V305FB,CH32V20x_30xDS0.PDF,#,confirmed,confirmed,confirmed,confirmed,confirmed,confirmed,confirmed,missing,products:zh+products:en+ordering:zh,products:zh+products:en+ordering:zh+rule:part-number-structure,products:zh+products:en+ordering:zh+rule:pn-letter,products:zh+products:en,products:zh+products:en,products:zh+products:en,products:zh+products:en+rule:pn-temp-grade,
CH32V305GBU6,CH32V305,CH32V307,QFN28,131072,32768,24,-40..85C,,CH32V305GB,CH32V20x_30xDS0.PDF,#,confirmed,confirmed,confirmed,confirmed,confirmed,confirmed,confirmed,missing,products:zh+products:en+ordering:zh,products:zh+products:en+ordering:zh+rule:part-number-structure,products:zh+products:en+ordering:zh+rule:pn-letter,products:zh+products:en,products:zh+products:en,products:zh+products:en,products:zh+products:en+rule:pn-temp-grade,
CH32V305RBT6,CH32V305,CH32V307,LQFP64M,131072,32768,51,-40..85C,,CH32V305RB,CH32V20x_30xDS0.PDF,#,confirmed,confirmed,confirmed,confirmed,confirmed,confirmed,confirmed,missing,products:zh+products:en+ordering:zh,products:zh+products:en+ordering:zh+rule:part-number-structure,products:zh+products:en+ordering:zh+rule:pn-letter,products:zh+products:en,products:zh+products:en,products:zh+products:en,products:zh+products:en+rule:pn-temp-grade,
CH32V307RCT6,CH32V307,CH32V307,LQFP64M,262144,65536,51,-40..85C,,CH32V307RC,CH32V20x_30xDS0.PDF,#,confirmed,confirmed,confirmed,confirmed,confirmed,confirmed,confirmed,missing,products:zh+products:en+ordering:zh,products:zh+products:en+ordering:zh+rule:part-number-structure,products:zh+products:en+ordering:zh+rule:pn-letter,products:zh+products:en,products:zh+products:en,products:zh+products:en,products:zh+products:en+rule:pn-temp-grade,
CH32V307VCT6,CH32V307,CH32V307,LQFP100,262144,65536,80,-40..85C,,CH32V307VC,CH32V20x_30xDS0.PDF,#,confirmed,confirmed,confirmed,confirmed,confirmed,confirmed,confirmed,missing,products:zh+products:en+ordering:zh,products:zh+products:en+ordering:zh+rule:part-number-structure,products:zh+products:en+ordering:zh+rule:pn-letter,products:zh+products:en,products:zh+products:en,products:zh+products:en,products:zh+products:en+rule:pn-temp-grade,
CH32V307WCU6,CH32V307,CH32V307,QFN68,262144,65536,54,-40..85C,,CH32V307WC,CH32V20x_30xDS0.PDF,#,confirmed,confirmed,confirmed,confirmed,confirmed,confirmed,confirmed,missing,products:zh+products:en+ordering:zh,products:zh+products:en+ordering:zh+rule:part-number-structure,products:zh+products:en+ordering:zh+rule:pn-letter,products:zh+products:en,products:zh+products:en,products:zh+products:en,products:zh+products:en+rule:pn-temp-grade,
CH32V317VCT6,CH32V317,CH32V307,LQFP100,262144,65536,70,-40..85C,,CH32V317VC,CH32V20x_30xDS0.PDF,#,confirmed,confirmed,confirmed,reference,reference,reference,confirmed,missing,products:zh+products:en+ordering:zh,products:zh+products:en+ordering:zh+rule:part-number-structure,products:zh+products:en+ordering:zh+rule:pn-letter,products:zh,products:zh,products:zh,products:zh+products:en+rule:pn-temp-grade,
CH32V317WCU6,CH32V317,CH32V307,QFN68,262144,65536,48,-40..85C,,CH32V317WC,CH32V20x_30xDS0.PDF,#,confirmed,confirmed,confirmed,reference,reference,reference,confirmed,missing,products:zh+products:en+ordering:zh,products:zh+products:en+ordering:zh+rule:part-number-structure,products:zh+products:en+ordering:zh+rule:pn-letter,products:zh,products:zh,products:zh,products:zh+products:en+rule:pn-temp-grade,
CH32V407RET6,CH32V407,CH32V407,LQFP64,524288,204800,49,-40..85C,,,CH32V407DS0.PDF,#,confirmed,confirmed,confirmed,confirmed,confirmed,confirmed,confirmed,missing,products:zh+products:en+ordering:zh+ordering:en,products:zh+products:en+ordering:zh+ordering:en+rule:part-number-structure,products:zh+products:en+ordering:zh+ordering:en+rule:pn-letter,products:zh+products:en,products:zh+products:en,products:zh+products:en+?pin-table,products:zh+products:en+rule:pn-temp-grade,
CH32V407VET6,CH32V407,CH32V407,LQFP100,524288,204800,77,-40..85C,,,CH32V407DS0.PDF,#,confirmed,confirmed,confirmed,confirmed,confirmed,confirmed,confirmed,missing,products:zh+products:en+ordering:zh+ordering:en,products:zh+products:en+ordering:zh+ordering:en+rule:part-number-structure,products:zh+products:en+ordering:zh+ordering:en+rule:pn-letter,products:zh+products:en,products:zh+products:en,products:zh+products:en+?pin-table,products:zh+products:en+rule:pn-temp-grade,
CH32V407WEU6,CH32V407,CH32V407,QFN68,524288,204800,55,-40..85C,,,CH32V407DS0.PDF,#,confirmed,confirmed,confirmed,confirmed,confirmed,confirmed,confirmed,missing,products:zh+products:en+ordering:zh+ordering:en,products:zh+products:en+ordering:zh+ordering:en+rule:part-number-structure,products:zh+products:en+ordering:zh+ordering:en+rule:pn-letter,products:zh+products:en,products:zh+products:en,products:zh+products:en+?pin-table,products:zh+products:en+rule:pn-temp-grade,
CH32V467RET6,CH32V467,CH32V407,LQFP64,524288,204800,48,-40..85C,,,CH32V407DS0.PDF,#,confirmed,confirmed,confirmed,confirmed,confirmed,confirmed,confirmed,missing,products:zh+products:en+ordering:zh+ordering:en,products:zh+products:en+ordering:zh+ordering:en+rule:part-number-structure,products:zh+products:en+ordering:zh+ordering:en+rule:pn-letter,products:zh+products:en,products:zh+products:en,products:zh+products:en+?pin-table,products:zh+products:en+rule:pn-temp-grade,
CH32V467VET6,CH32V467,CH32V407,LQFP100,524288,204800,76,-40..85C,,,CH32V407DS0.PDF,#,confirmed,confirmed,confirmed,confirmed,confirmed,confirmed,confirmed,missing,products:zh+products:en+ordering:zh+ordering:en,products:zh+products:en+ordering:zh+ordering:en+rule:part-number-structure,products:zh+products:en+ordering:zh+ordering:en+rule:pn-letter,products:zh+products:en,products:zh+products:en,products:zh+products:en+?pin-table,products:zh+products:en+rule:pn-temp-grade,
CH32V467WEU6,CH32V467,CH32V407,QFN68,524288,204800,54,-40..85C,,,CH32V407DS0.PDF,#,confirmed,confirmed,confirmed,confirmed,confirmed,confirmed,confirmed,missing,products:zh+products:en+ordering:zh+ordering:en,products:zh+products:en+ordering:zh+ordering:en+rule:part-number-structure,products:zh+products:en+ordering:zh+ordering:en+rule:pn-letter,products:zh+products:en,products:zh+products:en,products:zh+products:en+?pin-table,products:zh+products:en+rule:pn-temp-grade,
CH32X033F8P6,CH32X033,CH32X035,TSSOP20,63488,20480,18,-40..85C,,,CH32X035DS0.PDF,#,confirmed,confirmed,confirmed,confirmed,confirmed,confirmed,reference,missing,products:zh+products:en+ordering:zh+ordering:en,products:zh+products:en+ordering:zh+ordering:en+rule:part-number-structure,products:zh+products:en+ordering:zh+ordering:en+rule:pn-letter,products:zh+products:en,products:zh+products:en,products:zh+products:en+?pin-table,rule:pn-temp-grade,
CH32X035C8T6,CH32X035,CH32X035,LQFP48,63488,20480,46,-40..85C,,,CH32X035DS0.PDF,#,confirmed,confirmed,confirmed,confirmed,confirmed,confirmed,reference,missing,products:zh+products:en+ordering:zh+ordering:en,products:zh+products:en+ordering:zh+ordering:en+rule:part-number-structure,products:zh+products:en+ordering:zh+ordering:en+rule:pn-letter,products:zh+products:en,products:zh+products:en,products:zh+products:en+?pin-table,rule:pn-temp-grade,
CH32X035D8U6,CH32X035,CH32X035,QFN12,63488,20480,11,-40..85C,,,CH32X035DS0.PDF,#,confirmed,confirmed,confirmed,confirmed,confirmed,confirmed,reference,missing,products:zh+products:en+ordering:zh,products:zh+products:en+ordering:zh+rule:part-number-structure,products:zh+products:en+ordering:zh+rule:pn-letter,products:zh+products:en,products:zh+products:en,products:zh+products:en+?pin-table,rule:pn-temp-grade,
CH32X035F7P6,CH32X035,CH32X035,TSSOP20,63488,20480,18,-40..85C,,,CH32X035DS0.PDF,#,confirmed,confirmed,confirmed,confirmed,confirmed,confirmed,reference,missing,products:zh+products:en+ordering:zh+ordering:en,products:zh+products:en+ordering:zh+ordering:en+rule:part-number-structure,products:zh+products:en+ordering:zh+ordering:en+rule:pn-letter,products:zh+products:en,products:zh+products:en,products:zh+products:en+?pin-table,rule:pn-temp-grade,
CH32X035F8U6,CH32X035,CH32X035,QFN20,63488,20480,19,-40..85C,,,CH32X035DS0.PDF,#,confirmed,confirmed,confirmed,confirmed,confirmed,confirmed,reference,missing,products:zh+products:en+ordering:zh+ordering:en,products:zh+products:en+ordering:zh+ordering:en+rule:part-number-structure,products:zh+products:en+ordering:zh+ordering:en+rule:pn-letter,products:zh+products:en,products:zh+products:en,products:zh+products:en+pin-table,rule:pn-temp-grade,
CH32X035G8R6,CH32X035,CH32X035,QSOP28,63488,20480,26,-40..85C,,,CH32X035DS0.PDF,#,confirmed,confirmed,confirmed,confirmed,confirmed,confirmed,reference,missing,products:zh+products:en+ordering:zh+ordering:en,products:zh+products:en+ordering:zh+ordering:en+rule:part-number-structure,products:zh+products:en+ordering:zh+ordering:en+rule:pn-letter,products:zh+products:en,products:zh+products:en,products:zh+products:en+?pin-table,rule:pn-temp-grade,
CH32X035G8U6,CH32X035,CH32X035,QFN28,63488,20480,27,-40..85C,,,CH32X035DS0.PDF,#,confirmed,confirmed,confirmed,confirmed,confirmed,confirmed,reference,missing,products:zh+products:en+ordering:zh+ordering:en,products:zh+products:en+ordering:zh+ordering:en+rule:part-number-structure,products:zh+products:en+ordering:zh+ordering:en+rule:pn-letter,products:zh+products:en,products:zh+products:en,products:zh+products:en+?pin-table,rule:pn-temp-grade,
CH32X035R8T6,CH32X035,CH32X035,LQFP64M,63488,20480,60,-40..85C,,,CH32X035DS0.PDF,#,confirmed,confirmed,confirmed,confirmed,confirmed,confirmed,reference,missing,products:zh+products:en+ordering:zh+ordering:en,products:zh+products:en+ordering:zh+ordering:en+rule:part-number-structure,products:zh+products:en+ordering:zh+ordering:en+rule:pn-letter,products:zh+products:en,products:zh+products:en,products:zh+products:en+?pin-table,rule:pn-temp-grade,
CH32X305RCT6,CH32X305,CH32X315,LQFP64,196608,65536,55,-40..85C,,,CH32X315DS0.PDF,#,confirmed,confirmed,confirmed,confirmed,confirmed,confirmed,confirmed,missing,products:zh+products:en+ordering:zh+ordering:en,products:zh+products:en+ordering:zh+ordering:en+rule:part-number-structure,products:zh+products:en+ordering:zh+ordering:en+rule:pn-letter,products:zh+products:en,products:zh+products:en,products:zh+products:en+?pin-table,products:zh+products:en+rule:pn-temp-grade,
CH32X315CCU6,CH32X315,CH32X315,QFN48,196608,65536,40,-40..85C,,,CH32X315DS0.PDF,#,confirmed,confirmed,confirmed,confirmed,confirmed,confirmed,confirmed,missing,products:zh+products:en+ordering:zh+ordering:en,products:zh+products:en+ordering:zh+ordering:en+rule:part-number-structure,products:zh+products:en+ordering:zh+ordering:en+rule:pn-letter,products:zh+products:en,products:zh+products:en,products:zh+products:en+?pin-table,products:zh+products:en+rule:pn-temp-grade,
CH32X315MCU6,CH32X315,CH32X315,QFN76,196608,65536,64,-40..85C,,,CH32X315DS0.PDF,#,confirmed,confirmed,confirmed,confirmed,confirmed,confirmed,confirmed,missing,products:zh+products:en+ordering:zh+ordering:en,products:zh+products:en+ordering:zh+ordering:en+rule:part-number-structure,products:zh+products:en+ordering:zh+ordering:en+rule:pn-letter,products:zh+products:en,products:zh+products:en,products:zh+products:en+?pin-table,products:zh+products:en+rule:pn-temp-grade,
CH32X315WCU6,CH32X315,CH32X315,QFN68X7,196608,65536,59,-40..85C,,,CH32X315DS0.PDF,#,confirmed,confirmed,confirmed,confirmed,confirmed,confirmed,confirmed,missing,products:zh+products:en+ordering:zh+ordering:en,products:zh+products:en+ordering:zh+ordering:en+rule:part-number-structure,products:zh+products:en+ordering:zh+ordering:en+rule:pn-letter,products:zh+products:en,products:zh+products:en,products:zh+products:en+?pin-table,products:zh+products:en+rule:pn-temp-grade,
