series,family,section,feature,feature_zh,granularity,#,confidence,basis,datasheet
CH32H415;CH32H416;CH32H417,CH32H417,1.4.1,Dual Core: RISC-V5F Processor and RISC-V3F Processor,双内核：RISC-V5F处理器和RISC-V3F处理器,series,#,confirmed,CH32H417DS0.PDF:zh(1.4)+CH32H417DS0.PDF:en(1.4),CH32H417DS0.PDF
CH32H415;CH32H416;CH32H417,CH32H417,1.4.2,On-chip Memory,片上存储器,series,#,confirmed,CH32H417DS0.PDF:zh(1.4)+CH32H417DS0.PDF:en(1.4),CH32H417DS0.PDF
CH32H415;CH32H416;CH32H417,CH32H417,1.4.3,Power Supply Scheme,供电方案,series,#,confirmed,CH32H417DS0.PDF:zh(1.4)+CH32H417DS0.PDF:en(1.4),CH32H417DS0.PDF
CH32H415;CH32H416;CH32H417,CH32H417,1.4.4,Power Supply Detector,供电监控器,series,#,confirmed,CH32H417DS0.PDF:zh(1.4)+CH32H417DS0.PDF:en(1.4),CH32H417DS0.PDF
CH32H415;CH32H416;CH32H417,CH32H417,1.4.5,System Voltage Regulator LDO,系统电压调节器LDO,series,#,confirmed,CH32H417DS0.PDF:zh(1.4)+CH32H417DS0.PDF:en(1.4),CH32H417DS0.PDF
CH32H415;CH32H416;CH32H417,CH32H417,1.4.6,Low-power Mode,低功耗模式,series,#,confirmed,CH32H417DS0.PDF:zh(1.4)+CH32H417DS0.PDF:en(1.4),CH32H417DS0.PDF
CH32H415;CH32H416;CH32H417,CH32H417,1.4.7,CRC Calculation Unit,CRC（循环冗余校验）计算单元,series,#,confirmed,CH32H417DS0.PDF:zh(1.4)+CH32H417DS0.PDF:en(1.4),CH32H417DS0.PDF
CH32H415;CH32H416;CH32H417,CH32H417,1.4.8,Programmable Fast Interrupt Controller (PFIC),快速可编程中断控制器（PFIC）,series,#,confirmed,CH32H417DS0.PDF:zh(1.4)+CH32H417DS0.PDF:en(1.4),CH32H417DS0.PDF
CH32H415;CH32H416;CH32H417,CH32H417,1.4.9,External Interrupt/Event Controller (EXTI),外部中断/事件控制器（EXTI）,series,#,confirmed,CH32H417DS0.PDF:zh(1.4)+CH32H417DS0.PDF:en(1.4),CH32H417DS0.PDF
CH32H415;CH32H416;CH32H417,CH32H417,1.4.10,General DMA Controller,通用DMA控制器,series,#,confirmed,CH32H417DS0.PDF:zh(1.4)+CH32H417DS0.PDF:en(1.4),CH32H417DS0.PDF
CH32H415;CH32H416;CH32H417,CH32H417,1.4.11,Clock and Boot,时钟和启动,series,#,confirmed,CH32H417DS0.PDF:zh(1.4)+CH32H417DS0.PDF:en(1.4),CH32H417DS0.PDF
CH32H415;CH32H416;CH32H417,CH32H417,1.4.12,RTC,RTC（实时时钟）,series,#,confirmed,CH32H417DS0.PDF:zh(1.4)+CH32H417DS0.PDF:en(1.4),CH32H417DS0.PDF
CH32H415;CH32H416;CH32H417,CH32H417,1.4.13,Analog-to-digital Converter (ADC) and Touch-key Capacitance Detection,ADC（模拟/数字转换器）和触摸按键电容检测（TouchKey）,series,#,confirmed,CH32H417DS0.PDF:zh(1.4)+CH32H417DS0.PDF:en(1.4),CH32H417DS0.PDF
CH32H415;CH32H416;CH32H417,CH32H417,1.4.14,HSADC (High-speed Analog/Digital Converter),HSADC（高速模拟/数字转换器）,series,#,confirmed,CH32H417DS0.PDF:zh(1.4)+CH32H417DS0.PDF:en(1.4),CH32H417DS0.PDF
CH32H415;CH32H416;CH32H417,CH32H417,1.4.15,DAC (Digital/Analog Converter),DAC（数字/模拟转换器）,series,#,confirmed,CH32H417DS0.PDF:zh(1.4)+CH32H417DS0.PDF:en(1.4),CH32H417DS0.PDF
CH32H415;CH32H416;CH32H417,CH32H417,1.4.16,Timer and Watchdog,定时器及看门狗,series,#,confirmed,CH32H417DS0.PDF:zh(1.4)+CH32H417DS0.PDF:en(1.4),CH32H417DS0.PDF
CH32H415;CH32H416;CH32H417,CH32H417,1.4.17,Universal Synchronous/Asynchronous Receiver Transmitter (USART),通用同步/异步收发器（USART）,series,#,confirmed,CH32H417DS0.PDF:zh(1.4)+CH32H417DS0.PDF:en(1.4),CH32H417DS0.PDF
CH32H415;CH32H416;CH32H417,CH32H417,1.4.18,Serial Peripheral Interface (SPI),串行外设接口（SPI）,series,#,confirmed,CH32H417DS0.PDF:zh(1.4)+CH32H417DS0.PDF:en(1.4),CH32H417DS0.PDF
CH32H415;CH32H416;CH32H417,CH32H417,1.4.19,I2S (Audio) Interface,I2S（音频）接口,series,#,confirmed,CH32H417DS0.PDF:zh(1.4)+CH32H417DS0.PDF:en(1.4),CH32H417DS0.PDF
CH32H415;CH32H416;CH32H417,CH32H417,1.4.20,QSPI Interface,QSPI接口,series,#,confirmed,CH32H417DS0.PDF:zh(1.4)+CH32H417DS0.PDF:en(1.4),CH32H417DS0.PDF
CH32H415;CH32H416;CH32H417,CH32H417,1.4.21,I2C Bus,I2C总线,series,#,confirmed,CH32H417DS0.PDF:zh(1.4)+CH32H417DS0.PDF:en(1.4),CH32H417DS0.PDF
CH32H415;CH32H416;CH32H417,CH32H417,1.4.22,I3C Bus,I3C总线,series,#,confirmed,CH32H417DS0.PDF:zh(1.4)+CH32H417DS0.PDF:en(1.4),CH32H417DS0.PDF
CH32H415;CH32H416;CH32H417,CH32H417,1.4.23,USB PD and Type-C Controller (USB PD),USB PD及Type-C 控制器（USB PD）,series,#,confirmed,CH32H417DS0.PDF:zh(1.4)+CH32H417DS0.PDF:en(1.4),CH32H417DS0.PDF
CH32H415;CH32H416;CH32H417,CH32H417,1.4.24,Universal Serial Bus USB2.0 Full-speed Host/Device Controller (USBFS/OTG_FS),通用串行总线USB 2.0全速主机/设备控制器（USBFS/OTG_FS）,series,#,confirmed,CH32H417DS0.PDF:zh(1.4)+CH32H417DS0.PDF:en(1.4),CH32H417DS0.PDF
CH32H415;CH32H416;CH32H417,CH32H417,1.4.25,Universal Serial Bus USB2.0 High-speed Host/Device Controller (USBHS),通用串行总线USB 2.0高速主机/设备控制器（USBHS）,series,#,confirmed,CH32H417DS0.PDF:zh(1.4)+CH32H417DS0.PDF:en(1.4),CH32H417DS0.PDF
CH32H415;CH32H416;CH32H417,CH32H417,1.4.26,Universal Serial Bus USB2.0 SuperSpeed Host/Device Controller (USBSS),通用串行总线USB 3.0超高速主机/设备控制器（USBSS）,series,#,confirmed,CH32H417DS0.PDF:zh(1.4)+CH32H417DS0.PDF:en(1.4),CH32H417DS0.PDF
CH32H415;CH32H416;CH32H417,CH32H417,1.4.27,Serial-parallel Interchange Controller and Transceiver (SerDes),串并互转控制器及收发器（SerDes）,series,#,confirmed,CH32H417DS0.PDF:zh(1.4)+CH32H417DS0.PDF:en(1.4),CH32H417DS0.PDF
CH32H415;CH32H416;CH32H417,CH32H417,1.4.28,Controller Area Network (CAN),控制器区域网络（CAN）,series,#,confirmed,CH32H417DS0.PDF:zh(1.4)+CH32H417DS0.PDF:en(1.4),CH32H417DS0.PDF
CH32H415;CH32H416;CH32H417,CH32H417,1.4.29,Digital Video Port (DVP),数字图像接口（DVP）,series,#,confirmed,CH32H417DS0.PDF:zh(1.4)+CH32H417DS0.PDF:en(1.4),CH32H417DS0.PDF
CH32H415;CH32H416;CH32H417,CH32H417,1.4.30,Random Number Generator (RNG),随机数发生器（RNG）,series,#,confirmed,CH32H417DS0.PDF:zh(1.4)+CH32H417DS0.PDF:en(1.4),CH32H417DS0.PDF
CH32H415;CH32H416;CH32H417,CH32H417,1.4.31,Ethernet Controller and Transceiver (MAC+PHY),以太网控制器及收发器（MAC+PHY）,series,#,confirmed,CH32H417DS0.PDF:zh(1.4)+CH32H417DS0.PDF:en(1.4),CH32H417DS0.PDF
CH32H415;CH32H416;CH32H417,CH32H417,1.4.32,SIDO Host/Device Controller,SDIO主机/从机控制器,series,#,confirmed,CH32H417DS0.PDF:zh(1.4)+CH32H417DS0.PDF:en(1.4),CH32H417DS0.PDF
CH32H415;CH32H416;CH32H417,CH32H417,1.4.33,SD/EMMC Host/Device Controller (SDMMC),SD/EMMC主机/从机控制器（SDMMC）,series,#,confirmed,CH32H417DS0.PDF:zh(1.4)+CH32H417DS0.PDF:en(1.4),CH32H417DS0.PDF
CH32H415;CH32H416;CH32H417,CH32H417,1.4.34,Programmable Protocol I/O Controller (PIOC),可编程协议I/O控制器（PIOC）,series,#,confirmed,CH32H417DS0.PDF:zh(1.4)+CH32H417DS0.PDF:en(1.4),CH32H417DS0.PDF
CH32H415;CH32H416;CH32H417,CH32H417,1.4.35,Serial Audio Interface (SAI),串行音频接口（SAI）,series,#,confirmed,CH32H417DS0.PDF:zh(1.4)+CH32H417DS0.PDF:en(1.4),CH32H417DS0.PDF
CH32H415;CH32H416;CH32H417,CH32H417,1.4.36,Single-wire Protocol Master Interface (SWPMI),单线协议主接口（SWPMI）,series,#,confirmed,CH32H417DS0.PDF:zh(1.4)+CH32H417DS0.PDF:en(1.4),CH32H417DS0.PDF
CH32H415;CH32H416;CH32H417,CH32H417,1.4.37,Universal High-Speed Interface (UHSIF),"通用高速接口（Universal High-Speed Interface,UHSIF）",series,#,confirmed,CH32H417DS0.PDF:zh(1.4)+CH32H417DS0.PDF:en(1.4),CH32H417DS0.PDF
CH32H415;CH32H416;CH32H417,CH32H417,1.4.38,OPA,运放/比较器（OPA）,series,#,confirmed,CH32H417DS0.PDF:zh(1.4)+CH32H417DS0.PDF:en(1.4),CH32H417DS0.PDF
CH32H415;CH32H416;CH32H417,CH32H417,1.4.39,CMP,电压比较器（CMP）,series,#,confirmed,CH32H417DS0.PDF:zh(1.4)+CH32H417DS0.PDF:en(1.4),CH32H417DS0.PDF
CH32H415;CH32H416;CH32H417,CH32H417,1.4.40,LCD-TFT Display Controller (LTDC),LCD-TFT显示控制器（LTDC）,series,#,confirmed,CH32H417DS0.PDF:zh(1.4)+CH32H417DS0.PDF:en(1.4),CH32H417DS0.PDF
CH32H415;CH32H416;CH32H417,CH32H417,1.4.41,Graphics Processing Hardware Accelerator (GPHA),"图形处理硬件加速器（Graphics Processing Hardware Accelerator,GPHA）",series,#,confirmed,CH32H417DS0.PDF:zh(1.4)+CH32H417DS0.PDF:en(1.4),CH32H417DS0.PDF
CH32H415;CH32H416;CH32H417,CH32H417,1.4.42,Flexible Memory Controller (FMC),可变存储控制器（FMC）,series,#,confirmed,CH32H417DS0.PDF:zh(1.4)+CH32H417DS0.PDF:en(1.4),CH32H417DS0.PDF
CH32H415;CH32H416;CH32H417,CH32H417,1.4.43,Digital Filter for ΣΔ Modulator (DFSDM),数字滤波器，用于ΣΔ调制器（DFSDM）,series,#,confirmed,CH32H417DS0.PDF:zh(1.4)+CH32H417DS0.PDF:en(1.4),CH32H417DS0.PDF
CH32H415;CH32H416;CH32H417,CH32H417,1.4.44,Encryption Module (ECDC),加密模块（ECDC）,series,#,confirmed,CH32H417DS0.PDF:zh(1.4)+CH32H417DS0.PDF:en(1.4),CH32H417DS0.PDF
CH32H415;CH32H416;CH32H417,CH32H417,1.4.45,General-purpose Input/Output Interface (GPIO),通用输入输出接口（GPIO）,series,#,confirmed,CH32H417DS0.PDF:zh(1.4)+CH32H417DS0.PDF:en(1.4),CH32H417DS0.PDF
CH32H415;CH32H416;CH32H417,CH32H417,1.4.46,Serial Debug Interface (SDI),"调试接口（Serial Debug Interface,SDI）",series,#,confirmed,CH32H417DS0.PDF:zh(1.4)+CH32H417DS0.PDF:en(1.4),CH32H417DS0.PDF
CH32L103;CH32M103,CH32L103,1.4.1,QingKe RISC-V4C Processor,RISC-V4C处理器,series,#,confirmed,CH32L103DS0.PDF:zh(1.4)+CH32L103DS0.PDF:en(1.4),CH32L103DS0.PDF
CH32L103;CH32M103,CH32L103,1.4.2,On-chip Memory,片上存储器,series,#,confirmed,CH32L103DS0.PDF:zh(1.4)+CH32L103DS0.PDF:en(1.4),CH32L103DS0.PDF
CH32L103;CH32M103,CH32L103,1.4.3,Power Supply Scheme,供电方案,series,#,confirmed,CH32L103DS0.PDF:zh(1.4)+CH32L103DS0.PDF:en(1.4),CH32L103DS0.PDF
CH32L103;CH32M103,CH32L103,1.4.4,Power Supply Detector,供电监控器,series,#,confirmed,CH32L103DS0.PDF:zh(1.4)+CH32L103DS0.PDF:en(1.4),CH32L103DS0.PDF
CH32L103;CH32M103,CH32L103,1.4.5,System Voltage Regulator LDO,系统电压调节器LDO,series,#,confirmed,CH32L103DS0.PDF:zh(1.4)+CH32L103DS0.PDF:en(1.4),CH32L103DS0.PDF
CH32L103;CH32M103,CH32L103,1.4.6,Low-power Mode,低功耗模式,series,#,confirmed,CH32L103DS0.PDF:zh(1.4)+CH32L103DS0.PDF:en(1.4),CH32L103DS0.PDF
CH32L103;CH32M103,CH32L103,1.4.7,CRC Calculation Unit,CRC（循环冗余校验）计算单元,series,#,confirmed,CH32L103DS0.PDF:zh(1.4)+CH32L103DS0.PDF:en(1.4),CH32L103DS0.PDF
CH32L103;CH32M103,CH32L103,1.4.8,Programmable Fast Interrupt Controller (PFIC),快速可编程中断控制器（PFIC）,series,#,confirmed,CH32L103DS0.PDF:zh(1.4)+CH32L103DS0.PDF:en(1.4),CH32L103DS0.PDF
CH32L103;CH32M103,CH32L103,1.4.9,External Interrupt/Event Controller (EXTI),外部中断/事件控制器（EXTI）,series,#,confirmed,CH32L103DS0.PDF:zh(1.4)+CH32L103DS0.PDF:en(1.4),CH32L103DS0.PDF
CH32L103;CH32M103,CH32L103,1.4.10,General DMA Controller,通用DMA控制器,series,#,confirmed,CH32L103DS0.PDF:zh(1.4)+CH32L103DS0.PDF:en(1.4),CH32L103DS0.PDF
CH32L103;CH32M103,CH32L103,1.4.11,Clock and Boot,时钟和启动,series,#,confirmed,CH32L103DS0.PDF:zh(1.4)+CH32L103DS0.PDF:en(1.4),CH32L103DS0.PDF
CH32L103;CH32M103,CH32L103,1.4.12,RTC and Backup Register,RTC（实时时钟）和后备寄存器,series,#,confirmed,CH32L103DS0.PDF:zh(1.4)+CH32L103DS0.PDF:en(1.4),CH32L103DS0.PDF
CH32L103;CH32M103,CH32L103,1.4.13,Analog-to-digital Converter (ADC) and Touch-key Capacitance Detection (TKey),ADC（模拟/数字转换器）和触摸按键电容检测（TKey）,series,#,confirmed,CH32L103DS0.PDF:zh(1.4)+CH32L103DS0.PDF:en(1.4),CH32L103DS0.PDF
CH32L103;CH32M103,CH32L103,1.4.14,Timer and Watchdog,定时器及看门狗,series,#,confirmed,CH32L103DS0.PDF:zh(1.4)+CH32L103DS0.PDF:en(1.4),CH32L103DS0.PDF
CH32L103;CH32M103,CH32L103,1.4.15,Low-power Timer (LPTIM),低功耗定时器（LPTIM）,series,#,confirmed,CH32L103DS0.PDF:zh(1.4)+CH32L103DS0.PDF:en(1.4),CH32L103DS0.PDF
CH32L103;CH32M103,CH32L103,1.4.16,Universal Synchronous/Asynchronous Receiver Transmitter (USART),通用同步/异步收发器（USART）,series,#,confirmed,CH32L103DS0.PDF:zh(1.4)+CH32L103DS0.PDF:en(1.4),CH32L103DS0.PDF
CH32L103;CH32M103,CH32L103,1.4.17,Serial Peripheral Interface (SPI),串行外设接口（SPI）,series,#,confirmed,CH32L103DS0.PDF:zh(1.4)+CH32L103DS0.PDF:en(1.4),CH32L103DS0.PDF
CH32L103;CH32M103,CH32L103,1.4.18,I2C Bus,I2C总线,series,#,confirmed,CH32L103DS0.PDF:zh(1.4)+CH32L103DS0.PDF:en(1.4),CH32L103DS0.PDF
CH32L103;CH32M103,CH32L103,1.4.19,Controller Area Network (CAN),控制器区域网络（CAN）,series,#,confirmed,CH32L103DS0.PDF:zh(1.4)+CH32L103DS0.PDF:en(1.4),CH32L103DS0.PDF
CH32L103;CH32M103,CH32L103,1.4.20,Universal Serial Bus USB2.0 Full-speed Host/Device Controller (USBFS),通用串行总线USB2.0全速主机/设备控制器（USBFS）,series,#,confirmed,CH32L103DS0.PDF:zh(1.4)+CH32L103DS0.PDF:en(1.4),CH32L103DS0.PDF
CH32L103;CH32M103,CH32L103,1.4.21,USB PD and Type-C Controller (USB PD),USB PD及Type-C控制器（USB PD）,series,#,confirmed,CH32L103DS0.PDF:zh(1.4)+CH32L103DS0.PDF:en(1.4),CH32L103DS0.PDF
CH32L103;CH32M103,CH32L103,1.4.22,General-purpose Input / Output (GPIO),通用输入输出接口（GPIO）,series,#,confirmed,CH32L103DS0.PDF:zh(1.4)+CH32L103DS0.PDF:en(1.4),CH32L103DS0.PDF
CH32L103;CH32M103,CH32L103,1.4.23,Operational Amplifier/Comparator (OPA),运放/比较器（OPA）,series,#,confirmed,CH32L103DS0.PDF:zh(1.4)+CH32L103DS0.PDF:en(1.4),CH32L103DS0.PDF
CH32L103;CH32M103,CH32L103,1.4.24,Voltage Comparator (CMP),电压比较器（CMP）,series,#,confirmed,CH32L103DS0.PDF:zh(1.4)+CH32L103DS0.PDF:en(1.4),CH32L103DS0.PDF
CH32L103;CH32M103,CH32L103,1.4.25,Gate Driver,栅极驱动器,series,#,confirmed,CH32L103DS0.PDF:zh(1.4)+CH32L103DS0.PDF:en(1.4),CH32L103DS0.PDF
CH32L103;CH32M103,CH32L103,1.4.26,2-wire SDI Serial Debug Interface,串行2线调试接口（2-wire SDI Serial Debug Interface）,series,#,confirmed,CH32L103DS0.PDF:zh(1.4)+CH32L103DS0.PDF:en(1.4),CH32L103DS0.PDF
CH32M007;CH32V007,CH32V006,1.4.1,QingKe RISC-V2A Processor,RISC-V2C处理器,series,#,confirmed,CH32V007DS0.PDF:zh(1.4)+CH32V007DS0.PDF:en(1.4),CH32V007DS0.PDF
CH32M007;CH32V007,CH32V006,1.4.2,On-chip Memory,片上存储器,series,#,confirmed,CH32V007DS0.PDF:zh(1.4)+CH32V007DS0.PDF:en(1.4),CH32V007DS0.PDF
CH32M007;CH32V007,CH32V006,1.4.3,Power Supply Scheme,供电方案,series,#,confirmed,CH32V007DS0.PDF:zh(1.4)+CH32V007DS0.PDF:en(1.4),CH32V007DS0.PDF
CH32M007;CH32V007,CH32V006,1.4.4,Power Supply Monitor,供电监控器,series,#,confirmed,CH32V007DS0.PDF:zh(1.4)+CH32V007DS0.PDF:en(1.4),CH32V007DS0.PDF
CH32M007;CH32V007,CH32V006,1.4.5,System Voltage Regulator LDO,系统电压调节器LDO,series,#,confirmed,CH32V007DS0.PDF:zh(1.4)+CH32V007DS0.PDF:en(1.4),CH32V007DS0.PDF
CH32M007;CH32V007,CH32V006,1.4.6,Low-power Mode,低功耗模式,series,#,confirmed,CH32V007DS0.PDF:zh(1.4)+CH32V007DS0.PDF:en(1.4),CH32V007DS0.PDF
CH32M007;CH32V007,CH32V006,1.4.7,Programmable Fast Interrupt Controller (PFIC),快速可编程中断控制器（PFIC）,series,#,confirmed,CH32V007DS0.PDF:zh(1.4)+CH32V007DS0.PDF:en(1.4),CH32V007DS0.PDF
CH32M007;CH32V007,CH32V006,1.4.8,External Interrupt/Event Controller (EXTI),外部中断/事件控制器（EXTI）,series,#,confirmed,CH32V007DS0.PDF:zh(1.4)+CH32V007DS0.PDF:en(1.4),CH32V007DS0.PDF
CH32M007;CH32V007,CH32V006,1.4.9,General-purpose DMA Controller,通用DMA控制器,series,#,confirmed,CH32V007DS0.PDF:zh(1.4)+CH32V007DS0.PDF:en(1.4),CH32V007DS0.PDF
CH32M007;CH32V007,CH32V006,1.4.10,Clock and Boot,时钟和启动,series,#,confirmed,CH32V007DS0.PDF:zh(1.4)+CH32V007DS0.PDF:en(1.4),CH32V007DS0.PDF
CH32M007;CH32V007,CH32V006,1.4.11,Analog-to-digital Converter (ADC) and Touch-key,ADC（模拟/数字转换器）和触摸按键电容检测（TouchKey）,series,#,confirmed,CH32V007DS0.PDF:zh(1.4)+CH32V007DS0.PDF:en(1.4),CH32V007DS0.PDF
CH32M007;CH32V007,CH32V006,1.4.12,Timer and Watchdog,定时器及看门狗,series,#,confirmed,CH32V007DS0.PDF:zh(1.4)+CH32V007DS0.PDF:en(1.4),CH32V007DS0.PDF
CH32M007;CH32V007,CH32V006,1.4.13,Universal Synchronous/Asynchronous Receiver Transmitter (USART),通用异步收发器（USART）,series,#,confirmed,CH32V007DS0.PDF:zh(1.4)+CH32V007DS0.PDF:en(1.4),CH32V007DS0.PDF
CH32M007;CH32V007,CH32V006,1.4.14,Serial Peripheral Interface (SPI),串行外设接口（SPI）,series,#,confirmed,CH32V007DS0.PDF:zh(1.4)+CH32V007DS0.PDF:en(1.4),CH32V007DS0.PDF
CH32M007;CH32V007,CH32V006,1.4.15,I2C Bus,I2C总线,series,#,confirmed,CH32V007DS0.PDF:zh(1.4)+CH32V007DS0.PDF:en(1.4),CH32V007DS0.PDF
CH32M007;CH32V007,CH32V006,1.4.16,General-purpose Input and Output (GPIO),通用输入输出接口（GPIO）,series,#,confirmed,CH32V007DS0.PDF:zh(1.4)+CH32V007DS0.PDF:en(1.4),CH32V007DS0.PDF
CH32M007;CH32V007,CH32V006,1.4.17,Op Amp/Comparator (OPA),运放/比较器（OPA）,series,#,confirmed,CH32V007DS0.PDF:zh(1.4)+CH32V007DS0.PDF:en(1.4),CH32V007DS0.PDF
CH32M007;CH32V007,CH32V006,1.4.18,Voltage Comparator (CMP),电压比较器（CMP）,series,#,confirmed,CH32V007DS0.PDF:zh(1.4)+CH32V007DS0.PDF:en(1.4),CH32V007DS0.PDF
CH32M007;CH32V007,CH32V006,1.4.19,Gate Driver,栅极驱动器,series,#,confirmed,CH32V007DS0.PDF:zh(1.4)+CH32V007DS0.PDF:en(1.4),CH32V007DS0.PDF
CH32M007;CH32V007,CH32V006,1.4.20,1-wire Serial Debug Interface (SDI),调试接口（SDI Serial Debug Interface）,series,#,confirmed,CH32V007DS0.PDF:zh(1.4)+CH32V007DS0.PDF:en(1.4),CH32V007DS0.PDF
CH32M030,CH32M030,1.4.1,QingKe RISC-V3B Processor,青稞RISC-V3B处理器,series,#,confirmed,CH32M030DS0.PDF:zh(1.4)+CH32M030DS0.PDF:en(1.4),CH32M030DS0.PDF
CH32M030,CH32M030,1.4.2,On-chip Memory,片上存储器,series,#,confirmed,CH32M030DS0.PDF:zh(1.4)+CH32M030DS0.PDF:en(1.4),CH32M030DS0.PDF
CH32M030,CH32M030,1.4.3,Power Supply Scheme,供电方案,series,#,confirmed,CH32M030DS0.PDF:zh(1.4)+CH32M030DS0.PDF:en(1.4),CH32M030DS0.PDF
CH32M030,CH32M030,1.4.4,Protection and Reset Circuit,保护和复位电路,series,#,confirmed,CH32M030DS0.PDF:zh(1.4)+CH32M030DS0.PDF:en(1.4),CH32M030DS0.PDF
CH32M030,CH32M030,1.4.5,System Voltage Regulator LDO,系统电压调节器LDO,series,#,confirmed,CH32M030DS0.PDF:zh(1.4)+CH32M030DS0.PDF:en(1.4),CH32M030DS0.PDF
CH32M030,CH32M030,1.4.6,Programmable Fast Interrupt Controller (PFIC),快速可编程中断控制器（PFIC）,series,#,confirmed,CH32M030DS0.PDF:zh(1.4)+CH32M030DS0.PDF:en(1.4),CH32M030DS0.PDF
CH32M030,CH32M030,1.4.7,Low-power Mode,低功耗模式,series,#,confirmed,CH32M030DS0.PDF:zh(1.4)+CH32M030DS0.PDF:en(1.4),CH32M030DS0.PDF
CH32M030,CH32M030,1.4.8,External Interrupt/Event Controller (EXTI),外部中断/事件控制器（EXTI）,series,#,confirmed,CH32M030DS0.PDF:zh(1.4)+CH32M030DS0.PDF:en(1.4),CH32M030DS0.PDF
CH32M030,CH32M030,1.4.9,General-purpose DMA Controller,通用DMA控制器,series,#,confirmed,CH32M030DS0.PDF:zh(1.4)+CH32M030DS0.PDF:en(1.4),CH32M030DS0.PDF
CH32M030,CH32M030,1.4.10,Clock and Boot,时钟和启动,series,#,confirmed,CH32M030DS0.PDF:zh(1.4)+CH32M030DS0.PDF:en(1.4),CH32M030DS0.PDF
CH32M030,CH32M030,1.4.11,Analog-to-digital Converter (ADC),ADC（模拟/数字转换器）,series,#,confirmed,CH32M030DS0.PDF:zh(1.4)+CH32M030DS0.PDF:en(1.4),CH32M030DS0.PDF
CH32M030,CH32M030,1.4.12,Timer and Watchdog,定时器及看门狗,series,#,confirmed,CH32M030DS0.PDF:zh(1.4)+CH32M030DS0.PDF:en(1.4),CH32M030DS0.PDF
CH32M030,CH32M030,1.4.13,Universal Asynchronous Receiver Transmitter (UART),通用异步收发器（UART）,series,#,confirmed,CH32M030DS0.PDF:zh(1.4)+CH32M030DS0.PDF:en(1.4),CH32M030DS0.PDF
CH32M030,CH32M030,1.4.14,I2C Bus,I2C总线,series,#,confirmed,CH32M030DS0.PDF:zh(1.4)+CH32M030DS0.PDF:en(1.4),CH32M030DS0.PDF
CH32M030,CH32M030,1.4.15,Serial Peripheral Interface (SPI),串行外设接口（SPI）,series,#,confirmed,CH32M030DS0.PDF:zh(1.4)+CH32M030DS0.PDF:en(1.4),CH32M030DS0.PDF
CH32M030,CH32M030,1.4.16,Type-C and USB PD Controller,Type-C及USB PD控制器,series,#,confirmed,CH32M030DS0.PDF:zh(1.4)+CH32M030DS0.PDF:en(1.4),CH32M030DS0.PDF
CH32M030,CH32M030,1.4.17,Universal Serial Bus USB2.0 Full-speed Host/Device Controller (USBFS),通用串行总线USB 2.0全速主机/设备控制器（USBFS）,series,#,confirmed,CH32M030DS0.PDF:zh(1.4)+CH32M030DS0.PDF:en(1.4),CH32M030DS0.PDF
CH32M030,CH32M030,1.4.18,OPA and CMP Characteristics,OPA与CMP特性,series,#,confirmed,CH32M030DS0.PDF:zh(1.4)+CH32M030DS0.PDF:en(1.4),CH32M030DS0.PDF
CH32M030,CH32M030,1.4.18.1,AC Small Signal Amplification Decoder (QII),交流小信号放大解码器（QII）,series,#,confirmed,CH32M030DS0.PDF:zh(1.4)+CH32M030DS0.PDF:en(1.4),CH32M030DS0.PDF
CH32M030,CH32M030,1.4.18.2,Differential Input Current Sample (ISP),差分输入电流采样（ISP）,series,#,confirmed,CH32M030DS0.PDF:zh(1.4)+CH32M030DS0.PDF:en(1.4),CH32M030DS0.PDF
CH32M030,CH32M030,1.4.19,Programmable Current Sink Module ISINK/Source Current Module ISOURCE,可编程灌电流模块ISINK/源电流模块ISOURCE,series,#,confirmed,CH32M030DS0.PDF:zh(1.4)+CH32M030DS0.PDF:en(1.4),CH32M030DS0.PDF
CH32M030,CH32M030,1.4.20,Gate Driver,栅极驱动器,series,#,confirmed,CH32M030DS0.PDF:zh(1.4)+CH32M030DS0.PDF:en(1.4),CH32M030DS0.PDF
CH32M030,CH32M030,1.4.21,General-purpose Input/Output Interface (GPIO),通用输入输出接口（GPIO）,series,#,confirmed,CH32M030DS0.PDF:zh(1.4)+CH32M030DS0.PDF:en(1.4),CH32M030DS0.PDF
CH32M030,CH32M030,1.4.22,Serial Debug Interface (SDI),调试接口（SDI Serial Debug Interface）,series,#,confirmed,CH32M030DS0.PDF:zh(1.4)+CH32M030DS0.PDF:en(1.4),CH32M030DS0.PDF
CH32V002,CH32V006,1.4.1,QingKe RISC-V2A Processor,RISC-V2C处理器,series,#,confirmed,CH32V002DS0.PDF:zh(1.4)+CH32V002DS0.PDF:en(1.4),CH32V002DS0.PDF
CH32V002,CH32V006,1.4.2,On-chip Memory,片上存储器,series,#,confirmed,CH32V002DS0.PDF:zh(1.4)+CH32V002DS0.PDF:en(1.4),CH32V002DS0.PDF
CH32V002,CH32V006,1.4.3,Power Supply Scheme,供电方案,series,#,confirmed,CH32V002DS0.PDF:zh(1.4)+CH32V002DS0.PDF:en(1.4),CH32V002DS0.PDF
CH32V002,CH32V006,1.4.4,Power Supply Monitor,供电监控器,series,#,confirmed,CH32V002DS0.PDF:zh(1.4)+CH32V002DS0.PDF:en(1.4),CH32V002DS0.PDF
CH32V002,CH32V006,1.4.5,System Voltage Regulator LDO,系统电压调节器LDO,series,#,confirmed,CH32V002DS0.PDF:zh(1.4)+CH32V002DS0.PDF:en(1.4),CH32V002DS0.PDF
CH32V002,CH32V006,1.4.6,Low-power Mode,低功耗模式,series,#,confirmed,CH32V002DS0.PDF:zh(1.4)+CH32V002DS0.PDF:en(1.4),CH32V002DS0.PDF
CH32V002,CH32V006,1.4.7,Programmable Fast Interrupt Controller (PFIC),快速可编程中断控制器（PFIC）,series,#,confirmed,CH32V002DS0.PDF:zh(1.4)+CH32V002DS0.PDF:en(1.4),CH32V002DS0.PDF
CH32V002,CH32V006,1.4.8,External Interrupt/Event Controller (EXTI),外部中断/事件控制器（EXTI）,series,#,confirmed,CH32V002DS0.PDF:zh(1.4)+CH32V002DS0.PDF:en(1.4),CH32V002DS0.PDF
CH32V002,CH32V006,1.4.9,General-purpose DMA Controller,通用DMA控制器,series,#,confirmed,CH32V002DS0.PDF:zh(1.4)+CH32V002DS0.PDF:en(1.4),CH32V002DS0.PDF
CH32V002,CH32V006,1.4.10,Clock and Boot,时钟和启动,series,#,confirmed,CH32V002DS0.PDF:zh(1.4)+CH32V002DS0.PDF:en(1.4),CH32V002DS0.PDF
CH32V002,CH32V006,1.4.11,Analog-to-digital Converter (ADC),ADC（模拟/数字转换器）,series,#,confirmed,CH32V002DS0.PDF:zh(1.4)+CH32V002DS0.PDF:en(1.4),CH32V002DS0.PDF
CH32V002,CH32V006,1.4.12,Timer and Watchdog,定时器及看门狗,series,#,confirmed,CH32V002DS0.PDF:zh(1.4)+CH32V002DS0.PDF:en(1.4),CH32V002DS0.PDF
CH32V002,CH32V006,1.4.13,Universal Synchronous/Asynchronous Receiver Transmitter (USART),通用异步收发器（USART）,series,#,confirmed,CH32V002DS0.PDF:zh(1.4)+CH32V002DS0.PDF:en(1.4),CH32V002DS0.PDF
CH32V002,CH32V006,1.4.14,Serial Peripheral Interface (SPI),串行外设接口（SPI）,series,#,confirmed,CH32V002DS0.PDF:zh(1.4)+CH32V002DS0.PDF:en(1.4),CH32V002DS0.PDF
CH32V002,CH32V006,1.4.15,I2C Bus,I2C总线,series,#,confirmed,CH32V002DS0.PDF:zh(1.4)+CH32V002DS0.PDF:en(1.4),CH32V002DS0.PDF
CH32V002,CH32V006,1.4.16,General-purpose Input and Output (GPIO),通用输入输出接口（GPIO）,series,#,confirmed,CH32V002DS0.PDF:zh(1.4)+CH32V002DS0.PDF:en(1.4),CH32V002DS0.PDF
CH32V002,CH32V006,1.4.17,1-wire Serial Debug Interface (SDI),串行单线调试接口（1-wire SDI Serial Debug Interface）,series,#,confirmed,CH32V002DS0.PDF:zh(1.4)+CH32V002DS0.PDF:en(1.4),CH32V002DS0.PDF
CH32V003,CH32V003,1.4.1,RISC-V2A Processor,RISC-V2A处理器,series,#,confirmed,CH32V003DS0.PDF:zh(1.4)+CH32V003DS0.PDF:en(1.4),CH32V003DS0.PDF
CH32V003,CH32V003,1.4.2,On-chip Memory and Boot Mode,片上存储器,series,#,confirmed,CH32V003DS0.PDF:zh(1.4)+CH32V003DS0.PDF:en(1.4),CH32V003DS0.PDF
CH32V003,CH32V003,1.4.3,Power Supply Scheme,供电方案,series,#,confirmed,CH32V003DS0.PDF:zh(1.4)+CH32V003DS0.PDF:en(1.4),CH32V003DS0.PDF
CH32V003,CH32V003,1.4.4,Power Supply Monitor,供电监控器,series,#,confirmed,CH32V003DS0.PDF:zh(1.4)+CH32V003DS0.PDF:en(1.4),CH32V003DS0.PDF
CH32V003,CH32V003,1.4.5,Voltage Regulator,电压调节器,series,#,confirmed,CH32V003DS0.PDF:zh(1.4)+CH32V003DS0.PDF:en(1.4),CH32V003DS0.PDF
CH32V003,CH32V003,1.4.6,Low-power Mode,低功耗模式,series,#,confirmed,CH32V003DS0.PDF:zh(1.4)+CH32V003DS0.PDF:en(1.4),CH32V003DS0.PDF
CH32V003,CH32V003,1.4.7,Fast Programmable Interrupt Controller (PFIC),快速可编程中断控制器（PFIC）,series,#,confirmed,CH32V003DS0.PDF:zh(1.4)+CH32V003DS0.PDF:en(1.4),CH32V003DS0.PDF
CH32V003,CH32V003,1.4.8,External Interrupt/Event Controller (EXTI),外部中断/事件控制器（EXTI）,series,#,confirmed,CH32V003DS0.PDF:zh(1.4)+CH32V003DS0.PDF:en(1.4),CH32V003DS0.PDF
CH32V003,CH32V003,1.4.9,General-purpose DMA Controller,通用DMA控制器,series,#,confirmed,CH32V003DS0.PDF:zh(1.4)+CH32V003DS0.PDF:en(1.4),CH32V003DS0.PDF
CH32V003,CH32V003,1.4.10,Clock and Boot,时钟和启动,series,#,confirmed,CH32V003DS0.PDF:zh(1.4)+CH32V003DS0.PDF:en(1.4),CH32V003DS0.PDF
CH32V003,CH32V003,1.4.11,Analog-to-digital Converter (ADC),ADC（模拟/数字转换器）,series,#,confirmed,CH32V003DS0.PDF:zh(1.4)+CH32V003DS0.PDF:en(1.4),CH32V003DS0.PDF
CH32V003,CH32V003,1.4.12,Timer and Watchdog,定时器及看门狗,series,#,confirmed,CH32V003DS0.PDF:zh(1.4)+CH32V003DS0.PDF:en(1.4),CH32V003DS0.PDF
CH32V003,CH32V003,1.4.13,Universal Synchronous/Asynchronous Receiver Transmitter (USART),通用同步/异步收发器（USART）,series,#,confirmed,CH32V003DS0.PDF:zh(1.4)+CH32V003DS0.PDF:en(1.4),CH32V003DS0.PDF
CH32V003,CH32V003,1.4.14,Serial Peripheral Interface (SPI),串行外设接口（SPI）,series,#,confirmed,CH32V003DS0.PDF:zh(1.4)+CH32V003DS0.PDF:en(1.4),CH32V003DS0.PDF
CH32V003,CH32V003,1.4.15,I2C Bus,I2C总线,series,#,confirmed,CH32V003DS0.PDF:zh(1.4)+CH32V003DS0.PDF:en(1.4),CH32V003DS0.PDF
CH32V003,CH32V003,1.4.16,General-purpose Input and Output (GPIO),通用输入输出接口（GPIO）,series,#,confirmed,CH32V003DS0.PDF:zh(1.4)+CH32V003DS0.PDF:en(1.4),CH32V003DS0.PDF
CH32V003,CH32V003,1.4.17,Operational Amplifier/Comparator (OPA),运放/比较器（OPA）,series,#,confirmed,CH32V003DS0.PDF:zh(1.4)+CH32V003DS0.PDF:en(1.4),CH32V003DS0.PDF
CH32V003,CH32V003,1.4.18,1-wire Serial Debug Interface (SDI),串行单线调试接口（1-wire SDI Serial Debug Interface）,series,#,confirmed,CH32V003DS0.PDF:zh(1.4)+CH32V003DS0.PDF:en(1.4),CH32V003DS0.PDF
CH32V004,CH32V006,1.4.1,QingKe RISC-V2C Processor,RISC-V2C处理器,series,#,confirmed,CH32V004DS0.PDF:zh(1.4)+CH32V004DS0.PDF:en(1.4),CH32V004DS0.PDF
CH32V004,CH32V006,1.4.2,On-chip Memory,片上存储器,series,#,confirmed,CH32V004DS0.PDF:zh(1.4)+CH32V004DS0.PDF:en(1.4),CH32V004DS0.PDF
CH32V004,CH32V006,1.4.3,Power Supply Scheme,供电方案,series,#,confirmed,CH32V004DS0.PDF:zh(1.4)+CH32V004DS0.PDF:en(1.4),CH32V004DS0.PDF
CH32V004,CH32V006,1.4.4,Power Supply Monitor,复位电路,series,#,confirmed,CH32V004DS0.PDF:zh(1.4)+CH32V004DS0.PDF:en(1.4),CH32V004DS0.PDF
CH32V004,CH32V006,1.4.5,System Voltage Regulator LDO,系统电压调节器LDO,series,#,confirmed,CH32V004DS0.PDF:zh(1.4)+CH32V004DS0.PDF:en(1.4),CH32V004DS0.PDF
CH32V004,CH32V006,1.4.6,Low-power Mode,低功耗模式,series,#,confirmed,CH32V004DS0.PDF:zh(1.4)+CH32V004DS0.PDF:en(1.4),CH32V004DS0.PDF
CH32V004,CH32V006,1.4.7,Programmable Fast Interrupt Controller (PFIC),快速可编程中断控制器（PFIC）,series,#,confirmed,CH32V004DS0.PDF:zh(1.4)+CH32V004DS0.PDF:en(1.4),CH32V004DS0.PDF
CH32V004,CH32V006,1.4.8,External Interrupt/Event Controller (EXTI),外部中断/事件控制器（EXTI）,series,#,confirmed,CH32V004DS0.PDF:zh(1.4)+CH32V004DS0.PDF:en(1.4),CH32V004DS0.PDF
CH32V004,CH32V006,1.4.9,General-purpose DMA Controller,通用DMA控制器,series,#,confirmed,CH32V004DS0.PDF:zh(1.4)+CH32V004DS0.PDF:en(1.4),CH32V004DS0.PDF
CH32V004,CH32V006,1.4.10,Clock and Boot,时钟和启动,series,#,confirmed,CH32V004DS0.PDF:zh(1.4)+CH32V004DS0.PDF:en(1.4),CH32V004DS0.PDF
CH32V004,CH32V006,1.4.11,Analog-to-digital Converter (ADC),ADC（模拟/数字转换器）,series,#,confirmed,CH32V004DS0.PDF:zh(1.4)+CH32V004DS0.PDF:en(1.4),CH32V004DS0.PDF
CH32V004,CH32V006,1.4.12,Timer and Watchdog,定时器及看门狗,series,#,confirmed,CH32V004DS0.PDF:zh(1.4)+CH32V004DS0.PDF:en(1.4),CH32V004DS0.PDF
CH32V004,CH32V006,1.4.13,Universal Synchronous/Asynchronous Receiver Transmitter (USART),通用异步收发器（USART）,series,#,confirmed,CH32V004DS0.PDF:zh(1.4)+CH32V004DS0.PDF:en(1.4),CH32V004DS0.PDF
CH32V004,CH32V006,1.4.14,Serial Peripheral Interface (SPI),串行外设接口（SPI）,series,#,confirmed,CH32V004DS0.PDF:zh(1.4)+CH32V004DS0.PDF:en(1.4),CH32V004DS0.PDF
CH32V004,CH32V006,1.4.15,I2C Bus,I2C总线,series,#,confirmed,CH32V004DS0.PDF:zh(1.4)+CH32V004DS0.PDF:en(1.4),CH32V004DS0.PDF
CH32V004,CH32V006,1.4.16,General-purpose Input and Output (GPIO),通用输入输出接口（GPIO）,series,#,confirmed,CH32V004DS0.PDF:zh(1.4)+CH32V004DS0.PDF:en(1.4),CH32V004DS0.PDF
CH32V004,CH32V006,1.4.17,1-wire Serial Debug Interface (SDI),串行单线调试接口（1-wire SDI Serial Debug Interface）,series,#,confirmed,CH32V004DS0.PDF:zh(1.4)+CH32V004DS0.PDF:en(1.4),CH32V004DS0.PDF
CH32V005;CH32V006,CH32V006,1.4.1,QingKe RISC-V2A Processor,RISC-V2C处理器,series,#,confirmed,CH32V006DS0.PDF:zh(1.4)+CH32V006DS0.PDF:en(1.4),CH32V006DS0.PDF
CH32V005;CH32V006,CH32V006,1.4.2,On-chip Memory,片上存储器,series,#,confirmed,CH32V006DS0.PDF:zh(1.4)+CH32V006DS0.PDF:en(1.4),CH32V006DS0.PDF
CH32V005;CH32V006,CH32V006,1.4.3,Power Supply Scheme,供电方案,series,#,confirmed,CH32V006DS0.PDF:zh(1.4)+CH32V006DS0.PDF:en(1.4),CH32V006DS0.PDF
CH32V005;CH32V006,CH32V006,1.4.4,Reset Circuit,供电监控器,series,#,confirmed,CH32V006DS0.PDF:zh(1.4)+CH32V006DS0.PDF:en(1.4),CH32V006DS0.PDF
CH32V005;CH32V006,CH32V006,1.4.5,System Voltage Regulator LDO,系统电压调节器LDO,series,#,confirmed,CH32V006DS0.PDF:zh(1.4)+CH32V006DS0.PDF:en(1.4),CH32V006DS0.PDF
CH32V005;CH32V006,CH32V006,1.4.6,Low-power Mode,低功耗模式,series,#,confirmed,CH32V006DS0.PDF:zh(1.4)+CH32V006DS0.PDF:en(1.4),CH32V006DS0.PDF
CH32V005;CH32V006,CH32V006,1.4.7,Programmable Fast Interrupt Controller (PFIC),快速可编程中断控制器（PFIC）,series,#,confirmed,CH32V006DS0.PDF:zh(1.4)+CH32V006DS0.PDF:en(1.4),CH32V006DS0.PDF
CH32V005;CH32V006,CH32V006,1.4.8,External Interrupt/Event Controller (EXTI),外部中断/事件控制器（EXTI）,series,#,confirmed,CH32V006DS0.PDF:zh(1.4)+CH32V006DS0.PDF:en(1.4),CH32V006DS0.PDF
CH32V005;CH32V006,CH32V006,1.4.9,General-purpose DMA Controller,通用DMA控制器,series,#,confirmed,CH32V006DS0.PDF:zh(1.4)+CH32V006DS0.PDF:en(1.4),CH32V006DS0.PDF
CH32V005;CH32V006,CH32V006,1.4.10,Clock and Boot,时钟和启动,series,#,confirmed,CH32V006DS0.PDF:zh(1.4)+CH32V006DS0.PDF:en(1.4),CH32V006DS0.PDF
CH32V005;CH32V006,CH32V006,1.4.11,Analog-to-digital Converter (ADC) and Touchkey Capacitance Detection (Touchkey),ADC（模拟/数字转换器）和触摸按键电容检测（TouchKey）,series,#,confirmed,CH32V006DS0.PDF:zh(1.4)+CH32V006DS0.PDF:en(1.4),CH32V006DS0.PDF
CH32V005;CH32V006,CH32V006,1.4.12,Timer and Watchdog,定时器及看门狗,series,#,confirmed,CH32V006DS0.PDF:zh(1.4)+CH32V006DS0.PDF:en(1.4),CH32V006DS0.PDF
CH32V005;CH32V006,CH32V006,1.4.13,Universal Synchronous/Asynchronous Receiver Transmitter (USART),通用异步收发器（USART）,series,#,confirmed,CH32V006DS0.PDF:zh(1.4)+CH32V006DS0.PDF:en(1.4),CH32V006DS0.PDF
CH32V005;CH32V006,CH32V006,1.4.14,Serial Peripheral Interface (SPI),串行外设接口（SPI）,series,#,confirmed,CH32V006DS0.PDF:zh(1.4)+CH32V006DS0.PDF:en(1.4),CH32V006DS0.PDF
CH32V005;CH32V006,CH32V006,1.4.15,I2C Bus,I2C总线,series,#,confirmed,CH32V006DS0.PDF:zh(1.4)+CH32V006DS0.PDF:en(1.4),CH32V006DS0.PDF
CH32V005;CH32V006,CH32V006,1.4.16,General-purpose Input and Output (GPIO),通用输入输出接口（GPIO）,series,#,confirmed,CH32V006DS0.PDF:zh(1.4)+CH32V006DS0.PDF:en(1.4),CH32V006DS0.PDF
CH32V005;CH32V006,CH32V006,1.4.17,Operational Amplifier/Comparator (OPA),运放/比较器（OPA）,series,#,confirmed,CH32V006DS0.PDF:zh(1.4)+CH32V006DS0.PDF:en(1.4),CH32V006DS0.PDF
CH32V005;CH32V006,CH32V006,1.4.18,Serial Debug Interface (SDI),调试接口（SDI Serial Debug Interface）,series,#,confirmed,CH32V006DS0.PDF:zh(1.4)+CH32V006DS0.PDF:en(1.4),CH32V006DS0.PDF
CH32V103,CH32V103,1.5.1,RISC-V3A Processor,RISC-V3A处理器,series,#,confirmed,CH32V103DS0.PDF:zh(1.5)+CH32V103DS0.PDF:en(1.5),CH32V103DS0.PDF
CH32V103,CH32V103,1.5.2,On-chip Memory and Boot Mode,片上存储器及自举模式,series,#,confirmed,CH32V103DS0.PDF:zh(1.5)+CH32V103DS0.PDF:en(1.5),CH32V103DS0.PDF
CH32V103,CH32V103,1.5.3,Power Supply Scheme,供电方案,series,#,confirmed,CH32V103DS0.PDF:zh(1.5)+CH32V103DS0.PDF:en(1.5),CH32V103DS0.PDF
CH32V103,CH32V103,1.5.4,Power Supply Supervisor,供电监控器,series,#,confirmed,CH32V103DS0.PDF:zh(1.5)+CH32V103DS0.PDF:en(1.5),CH32V103DS0.PDF
CH32V103,CH32V103,1.5.5,Voltage Regulator,电压调节器,series,#,confirmed,CH32V103DS0.PDF:zh(1.5)+CH32V103DS0.PDF:en(1.5),CH32V103DS0.PDF
CH32V103,CH32V103,1.5.6,Low-power Mode,低功耗模式,series,#,confirmed,CH32V103DS0.PDF:zh(1.5)+CH32V103DS0.PDF:en(1.5),CH32V103DS0.PDF
CH32V103,CH32V103,1.5.7,Cyclic Redundancy Check (CRC) Calculation Unit,CRC（循环冗余校验）计算单元,series,#,confirmed,CH32V103DS0.PDF:zh(1.5)+CH32V103DS0.PDF:en(1.5),CH32V103DS0.PDF
CH32V103,CH32V103,1.5.8,Programmable Fast Interrupt Controller (PFIC),快速可编程中断控制器（PFIC）,series,#,confirmed,CH32V103DS0.PDF:zh(1.5)+CH32V103DS0.PDF:en(1.5),CH32V103DS0.PDF
CH32V103,CH32V103,1.5.9,External Interrupt/Event Controller (EXTI),外部中断/事件控制器（EXTI）,series,#,confirmed,CH32V103DS0.PDF:zh(1.5)+CH32V103DS0.PDF:en(1.5),CH32V103DS0.PDF
CH32V103,CH32V103,1.5.10,General-purpose DMA Controller,通用DMA控制器,series,#,confirmed,CH32V103DS0.PDF:zh(1.5)+CH32V103DS0.PDF:en(1.5),CH32V103DS0.PDF
CH32V103,CH32V103,1.5.11,Clock and Startup,时钟和启动,series,#,confirmed,CH32V103DS0.PDF:zh(1.5)+CH32V103DS0.PDF:en(1.5),CH32V103DS0.PDF
CH32V103,CH32V103,1.5.12,Real-time Clock (RTC) and Backup Register,RTC（实时时钟）和后备寄存器,series,#,confirmed,CH32V103DS0.PDF:zh(1.5)+CH32V103DS0.PDF:en(1.5),CH32V103DS0.PDF
CH32V103,CH32V103,1.5.13,Analog-to-digital Converter (ADC) and Capacitive Touch-key Detection (Tkey),ADC（模拟/数字转换器）和触摸按键电容检测（TKey）,series,#,confirmed,CH32V103DS0.PDF:zh(1.5)+CH32V103DS0.PDF:en(1.5),CH32V103DS0.PDF
CH32V103,CH32V103,1.5.14,Timer,定时器,series,#,confirmed,CH32V103DS0.PDF:zh(1.5)+CH32V103DS0.PDF:en(1.5),CH32V103DS0.PDF
CH32V103,CH32V103,1.5.14.1,Advanced-control Timer (TIM1),高级控制定时器（TIM1）,series,#,confirmed,CH32V103DS0.PDF:zh(1.5)+CH32V103DS0.PDF:en(1.5),CH32V103DS0.PDF
CH32V103,CH32V103,1.5.14.2,General-purpose timer (TIM2/3/4),通用定时器（TIM2/3/4）,series,#,confirmed,CH32V103DS0.PDF:zh(1.5)+CH32V103DS0.PDF:en(1.5),CH32V103DS0.PDF
CH32V103,CH32V103,1.5.14.3,Independent Watchdog (IWDG),独立看门狗（IWDG）,series,#,confirmed,CH32V103DS0.PDF:zh(1.5)+CH32V103DS0.PDF:en(1.5),CH32V103DS0.PDF
CH32V103,CH32V103,1.5.14.4,Window Watchdog (WWDG),窗口看门狗(WWDG),series,#,confirmed,CH32V103DS0.PDF:zh(1.5)+CH32V103DS0.PDF:en(1.5),CH32V103DS0.PDF
CH32V103,CH32V103,1.5.14.5,System Time Base Timer (SysTick),系统时基定时器（SysTick）,series,#,confirmed,CH32V103DS0.PDF:zh(1.5)+CH32V103DS0.PDF:en(1.5),CH32V103DS0.PDF
CH32V103,CH32V103,1.5.15,Universal Synchronous Asynchronous Receiver Transmitter (USART),通用同步/异步收发器（USART）,series,#,confirmed,CH32V103DS0.PDF:zh(1.5)+CH32V103DS0.PDF:en(1.5),CH32V103DS0.PDF
CH32V103,CH32V103,1.5.16,Serial Peripheral Interface (SPI),串行外设接口（SPI）,series,#,confirmed,CH32V103DS0.PDF:zh(1.5)+CH32V103DS0.PDF:en(1.5),CH32V103DS0.PDF
CH32V103,CH32V103,1.5.17,I2C Bus,I2C总线,series,#,confirmed,CH32V103DS0.PDF:zh(1.5)+CH32V103DS0.PDF:en(1.5),CH32V103DS0.PDF
CH32V103,CH32V103,1.5.18,Universal Serial Bus (USB),通用串行总线（USB）,series,#,confirmed,CH32V103DS0.PDF:zh(1.5)+CH32V103DS0.PDF:en(1.5),CH32V103DS0.PDF
CH32V103,CH32V103,1.5.19,General-purpose Input/Output (GPIO),通用输入输出接口（GPIO）,series,#,confirmed,CH32V103DS0.PDF:zh(1.5)+CH32V103DS0.PDF:en(1.5),CH32V103DS0.PDF
CH32V103,CH32V103,1.5.20,2-wire Serial Debug Interface (SDI),2线串行调试接口（2-wire SDI Serial Debug Interface）,series,#,confirmed,CH32V103DS0.PDF:zh(1.5)+CH32V103DS0.PDF:en(1.5),CH32V103DS0.PDF
CH32V203,CH32V20x,2.5.1,RISC-V4B Processor,RISC-V4B处理器,series,#,confirmed,CH32V203DS0.PDF:zh(2.5)+CH32V203DS0.PDF:en(2.5),CH32V203DS0.PDF
CH32V203,CH32V20x,2.5.2,On-chip Memory and Boot Mode,片上存储器及自举模式,series,#,confirmed,CH32V203DS0.PDF:zh(2.5)+CH32V203DS0.PDF:en(2.5),CH32V203DS0.PDF
CH32V203,CH32V20x,2.5.3,Power Supply Scheme,供电方案,series,#,confirmed,CH32V203DS0.PDF:zh(2.5)+CH32V203DS0.PDF:en(2.5),CH32V203DS0.PDF
CH32V203,CH32V20x,2.5.4,Power Supply Monitor,供电监控器,series,#,confirmed,CH32V203DS0.PDF:zh(2.5)+CH32V203DS0.PDF:en(2.5),CH32V203DS0.PDF
CH32V203,CH32V20x,2.5.5,Voltage Regulator,电压调节器,series,#,confirmed,CH32V203DS0.PDF:zh(2.5)+CH32V203DS0.PDF:en(2.5),CH32V203DS0.PDF
CH32V203,CH32V20x,2.5.6,Low-power Mode,低功耗模式,series,#,confirmed,CH32V203DS0.PDF:zh(2.5)+CH32V203DS0.PDF:en(2.5),CH32V203DS0.PDF
CH32V203,CH32V20x,2.5.7,CRC (cyclic redundancy check) Calculation Unit,CRC（循环冗余校验）计算单元,series,#,confirmed,CH32V203DS0.PDF:zh(2.5)+CH32V203DS0.PDF:en(2.5),CH32V203DS0.PDF
CH32V203,CH32V20x,2.5.8,Programmable Fast Interrupt controller (PFIC),快速可编程中断控制器（PFIC）,series,#,confirmed,CH32V203DS0.PDF:zh(2.5)+CH32V203DS0.PDF:en(2.5),CH32V203DS0.PDF
CH32V203,CH32V20x,2.5.9,External Interrupt/Event Controller (EXTI),外部中断/事件控制器（EXTI）,series,#,confirmed,CH32V203DS0.PDF:zh(2.5)+CH32V203DS0.PDF:en(2.5),CH32V203DS0.PDF
CH32V203,CH32V20x,2.5.10,General DMA Controller,通用DMA控制器,series,#,confirmed,CH32V203DS0.PDF:zh(2.5)+CH32V203DS0.PDF:en(2.5),CH32V203DS0.PDF
CH32V203,CH32V20x,2.5.11,Clock and Boot,时钟和启动,series,#,confirmed,CH32V203DS0.PDF:zh(2.5)+CH32V203DS0.PDF:en(2.5),CH32V203DS0.PDF
CH32V203,CH32V20x,2.5.12,Real Time Clock (RTC) and Backup Registers,RTC（实时时钟）和后备寄存器,series,#,confirmed,CH32V203DS0.PDF:zh(2.5)+CH32V203DS0.PDF:en(2.5),CH32V203DS0.PDF
CH32V203,CH32V20x,2.5.13,Analog-to-digital Converter (ADC) and Touch-key Capacitance Detection (TKey),ADC（模拟/数字转换器）和触摸按键电容检测（TKey）,series,#,confirmed,CH32V203DS0.PDF:zh(2.5)+CH32V203DS0.PDF:en(2.5),CH32V203DS0.PDF
CH32V203,CH32V20x,2.5.14,Timer and Watchdog,定时器及看门狗,series,#,confirmed,CH32V203DS0.PDF:zh(2.5)+CH32V203DS0.PDF:en(2.5),CH32V203DS0.PDF
CH32V203,CH32V20x,2.5.15,Universal Synchronous/Asynchronous Receiver Transmitter (USART),通用同步/异步收发器（USART）,series,#,confirmed,CH32V203DS0.PDF:zh(2.5)+CH32V203DS0.PDF:en(2.5),CH32V203DS0.PDF
CH32V203,CH32V20x,2.5.16,Serial Peripheral Interface (SPI),串行外设接口（SPI）,series,#,confirmed,CH32V203DS0.PDF:zh(2.5)+CH32V203DS0.PDF:en(2.5),CH32V203DS0.PDF
CH32V203,CH32V20x,2.5.17,I2C Bus,I2C总线,series,#,confirmed,CH32V203DS0.PDF:zh(2.5)+CH32V203DS0.PDF:en(2.5),CH32V203DS0.PDF
CH32V203,CH32V20x,2.5.18,Controller Area Network (CAN),控制器区域网络（CAN）,series,#,confirmed,CH32V203DS0.PDF:zh(2.5)+CH32V203DS0.PDF:en(2.5),CH32V203DS0.PDF
CH32V203,CH32V20x,2.5.19,Universal Serial Bus Device (USBD),通用串行总线（USBD）,series,#,confirmed,CH32V203DS0.PDF:zh(2.5)+CH32V203DS0.PDF:en(2.5),CH32V203DS0.PDF
CH32V203,CH32V20x,2.5.20,Universal Serial Bus USB2.0 Full-speed Host/Device Controller (USBFS),通用串行总线USB2.0全速主机/设备控制器（USBFS）,series,#,confirmed,CH32V203DS0.PDF:zh(2.5)+CH32V203DS0.PDF:en(2.5),CH32V203DS0.PDF
CH32V203,CH32V20x,2.5.21,General-purpose Input and Output (GPIO),通用输入输出接口（GPIO）,series,#,confirmed,CH32V203DS0.PDF:zh(2.5)+CH32V203DS0.PDF:en(2.5),CH32V203DS0.PDF
CH32V203,CH32V20x,2.5.22,Operational Amplifier/Comparator (OPA),运放比较器（OPA）,series,#,confirmed,CH32V203DS0.PDF:zh(2.5)+CH32V203DS0.PDF:en(2.5),CH32V203DS0.PDF
CH32V203,CH32V20x,2.5.23,2-wire SDI Serial Debug Interface,串行2线调试接口（2-wire SDI Serial Debug Interface）,series,#,confirmed,CH32V203DS0.PDF:zh(2.5)+CH32V203DS0.PDF:en(2.5),CH32V203DS0.PDF
CH32V203;CH32V205,CH32V205,1.4.1,QingKe RISC-V3B Processor,青稞RISC-V3B处理器,series,#,confirmed,CH32V205DS0.PDF:zh(1.4)+CH32V205DS0.PDF:en(1.4),CH32V205DS0.PDF
CH32V203;CH32V205,CH32V205,1.4.2,Programmable Protocol I/O Controller (PIOC),可编程协议I/O控制器（PIOC）,series,#,confirmed,CH32V205DS0.PDF:zh(1.4)+CH32V205DS0.PDF:en(1.4),CH32V205DS0.PDF
CH32V203;CH32V205,CH32V205,1.4.3,On-chip Memory and Boot Mode,片上存储器及自举模式,series,#,confirmed,CH32V205DS0.PDF:zh(1.4)+CH32V205DS0.PDF:en(1.4),CH32V205DS0.PDF
CH32V203;CH32V205,CH32V205,1.4.4,Power Supply Scheme,供电方案,series,#,confirmed,CH32V205DS0.PDF:zh(1.4)+CH32V205DS0.PDF:en(1.4),CH32V205DS0.PDF
CH32V203;CH32V205,CH32V205,1.4.5,Power Supply Detector,供电监控器,series,#,confirmed,CH32V205DS0.PDF:zh(1.4)+CH32V205DS0.PDF:en(1.4),CH32V205DS0.PDF
CH32V203;CH32V205,CH32V205,1.4.6,System Voltage Regulator LDO,系统电压调节器LDO,series,#,confirmed,CH32V205DS0.PDF:zh(1.4)+CH32V205DS0.PDF:en(1.4),CH32V205DS0.PDF
CH32V203;CH32V205,CH32V205,1.4.7,Low-power Mode,低功耗模式,series,#,confirmed,CH32V205DS0.PDF:zh(1.4)+CH32V205DS0.PDF:en(1.4),CH32V205DS0.PDF
CH32V203;CH32V205,CH32V205,1.4.8,CRC (cyclic redundancy check) Calculation Unit,CRC（循环冗余校验）计算单元,series,#,confirmed,CH32V205DS0.PDF:zh(1.4)+CH32V205DS0.PDF:en(1.4),CH32V205DS0.PDF
CH32V203;CH32V205,CH32V205,1.4.9,Programmable Fast Interrupt controller (PFIC),快速可编程中断控制器（PFIC）,series,#,confirmed,CH32V205DS0.PDF:zh(1.4)+CH32V205DS0.PDF:en(1.4),CH32V205DS0.PDF
CH32V203;CH32V205,CH32V205,1.4.10,External Interrupt/Event Controller (EXTI),外部中断/事件控制器（EXTI）,series,#,confirmed,CH32V205DS0.PDF:zh(1.4)+CH32V205DS0.PDF:en(1.4),CH32V205DS0.PDF
CH32V203;CH32V205,CH32V205,1.4.11,General DMA Controller,通用DMA控制器,series,#,confirmed,CH32V205DS0.PDF:zh(1.4)+CH32V205DS0.PDF:en(1.4),CH32V205DS0.PDF
CH32V203;CH32V205,CH32V205,1.4.12,Clock and Boot,时钟和启动,series,#,confirmed,CH32V205DS0.PDF:zh(1.4)+CH32V205DS0.PDF:en(1.4),CH32V205DS0.PDF
CH32V203;CH32V205,CH32V205,1.4.13,Real Time Clock (RTC) and Backup Registers,RTC（实时时钟）和后备寄存器,series,#,confirmed,CH32V205DS0.PDF:zh(1.4)+CH32V205DS0.PDF:en(1.4),CH32V205DS0.PDF
CH32V203;CH32V205,CH32V205,1.4.14,Analog-to-digital Converter (ADC) and Touchkey Capacitance Detection,ADC（模拟/数字转换器）和触摸按键电容检测（TouchKey）,series,#,confirmed,CH32V205DS0.PDF:zh(1.4)+CH32V205DS0.PDF:en(1.4),CH32V205DS0.PDF
CH32V203;CH32V205,CH32V205,1.4.15,Timer and Watchdog,定时器及看门狗,series,#,confirmed,CH32V205DS0.PDF:zh(1.4)+CH32V205DS0.PDF:en(1.4),CH32V205DS0.PDF
CH32V203;CH32V205,CH32V205,1.4.16,Universal Synchronous/Asynchronous Receiver Transmitter (USART),通用同步/异步收发器（USART）,series,#,confirmed,CH32V205DS0.PDF:zh(1.4)+CH32V205DS0.PDF:en(1.4),CH32V205DS0.PDF
CH32V203;CH32V205,CH32V205,1.4.17,Serial Peripheral Interface (SPI),串行外设接口（SPI）,series,#,confirmed,CH32V205DS0.PDF:zh(1.4)+CH32V205DS0.PDF:en(1.4),CH32V205DS0.PDF
CH32V203;CH32V205,CH32V205,1.4.18,QSPI Interface,QSPI接口,series,#,confirmed,CH32V205DS0.PDF:zh(1.4)+CH32V205DS0.PDF:en(1.4),CH32V205DS0.PDF
CH32V203;CH32V205,CH32V205,1.4.19,I2C Bus,I2C总线,series,#,confirmed,CH32V205DS0.PDF:zh(1.4)+CH32V205DS0.PDF:en(1.4),CH32V205DS0.PDF
CH32V203;CH32V205,CH32V205,1.4.20,Controller Area Network (CAN),控制器区域网络（CAN）,series,#,confirmed,CH32V205DS0.PDF:zh(1.4)+CH32V205DS0.PDF:en(1.4),CH32V205DS0.PDF
CH32V203;CH32V205,CH32V205,1.4.21,Universal Serial Bus USB2.0 Full-speed Host/Device Controller (USBFS),通用串行总线USB 2.0全速主机/设备控制器（USBFS）,series,#,confirmed,CH32V205DS0.PDF:zh(1.4)+CH32V205DS0.PDF:en(1.4),CH32V205DS0.PDF
CH32V203;CH32V205,CH32V205,1.4.22,Universal Serial Bus USB2.0 High-speed Host/Device Controller (USBHS),通用串行总线USB 2.0高速主机/设备控制器（USBHS）,series,#,confirmed,CH32V205DS0.PDF:zh(1.4)+CH32V205DS0.PDF:en(1.4),CH32V205DS0.PDF
CH32V203;CH32V205,CH32V205,1.4.23,USB PD and Type-C Controller (USB PD),USB PD及Type-C控制器（USB PD）,series,#,confirmed,CH32V205DS0.PDF:zh(1.4)+CH32V205DS0.PDF:en(1.4),CH32V205DS0.PDF
CH32V203;CH32V205,CH32V205,1.4.24,Flexible Static Memory Controller (FSMC),可配置的静态存储器控制器（FSMC）,series,#,confirmed,CH32V205DS0.PDF:zh(1.4)+CH32V205DS0.PDF:en(1.4),CH32V205DS0.PDF
CH32V203;CH32V205,CH32V205,1.4.25,General-purpose Input and Output (GPIO),通用输入输出接口（GPIO）,series,#,confirmed,CH32V205DS0.PDF:zh(1.4)+CH32V205DS0.PDF:en(1.4),CH32V205DS0.PDF
CH32V203;CH32V205,CH32V205,1.4.26,Operational Amplifier (OPA),运放/比较器（OPA）,series,#,confirmed,CH32V205DS0.PDF:zh(1.4)+CH32V205DS0.PDF:en(1.4),CH32V205DS0.PDF
CH32V203;CH32V205,CH32V205,1.4.27,Voltage Comparators (CMP),电压比较器（CMP）,series,#,confirmed,CH32V205DS0.PDF:zh(1.4)+CH32V205DS0.PDF:en(1.4),CH32V205DS0.PDF
CH32V203;CH32V205,CH32V205,1.4.28,Serial Debug Interface (SDI),"调试接口（Serial Debug Interface,SDI）",series,#,confirmed,CH32V205DS0.PDF:zh(1.4)+CH32V205DS0.PDF:en(1.4),CH32V205DS0.PDF
CH32V208,CH32V20x,2.5.1,RISC-V4C processor,RISC-V4C处理器,series,#,confirmed,CH32V208DS0.PDF:zh(2.5)+CH32V208DS0.PDF:en(2.5),CH32V208DS0.PDF
CH32V208,CH32V20x,2.5.2,On-chip memory and boot mode,片上存储器及自举模式,series,#,confirmed,CH32V208DS0.PDF:zh(2.5)+CH32V208DS0.PDF:en(2.5),CH32V208DS0.PDF
CH32V208,CH32V20x,2.5.3,Power supply scheme,供电方案,series,#,confirmed,CH32V208DS0.PDF:zh(2.5)+CH32V208DS0.PDF:en(2.5),CH32V208DS0.PDF
CH32V208,CH32V20x,2.5.4,Power supply monitor,供电监控器,series,#,confirmed,CH32V208DS0.PDF:zh(2.5)+CH32V208DS0.PDF:en(2.5),CH32V208DS0.PDF
CH32V208,CH32V20x,2.5.5,Voltage regulator,电压调节器,series,#,confirmed,CH32V208DS0.PDF:zh(2.5)+CH32V208DS0.PDF:en(2.5),CH32V208DS0.PDF
CH32V208,CH32V20x,2.5.6,Low-power mode,低功耗模式,series,#,confirmed,CH32V208DS0.PDF:zh(2.5)+CH32V208DS0.PDF:en(2.5),CH32V208DS0.PDF
CH32V208,CH32V20x,2.5.7,CRC (cyclic redundancy check) calculation unit,CRC（循环冗余校验）计算单元,series,#,confirmed,CH32V208DS0.PDF:zh(2.5)+CH32V208DS0.PDF:en(2.5),CH32V208DS0.PDF
CH32V208,CH32V20x,2.5.8,Fast programmable interrupt controller (FPIC),快速可编程中断控制器（PFIC）,series,#,confirmed,CH32V208DS0.PDF:zh(2.5)+CH32V208DS0.PDF:en(2.5),CH32V208DS0.PDF
CH32V208,CH32V20x,2.5.9,External interrupt/event controller (EXTI),外部中断/事件控制器（EXTI）,series,#,confirmed,CH32V208DS0.PDF:zh(2.5)+CH32V208DS0.PDF:en(2.5),CH32V208DS0.PDF
CH32V208,CH32V20x,2.5.10,General DMA controller,通用DMA控制器,series,#,confirmed,CH32V208DS0.PDF:zh(2.5)+CH32V208DS0.PDF:en(2.5),CH32V208DS0.PDF
CH32V208,CH32V20x,2.5.11,Clock and Boot,时钟和启动,series,#,confirmed,CH32V208DS0.PDF:zh(2.5)+CH32V208DS0.PDF:en(2.5),CH32V208DS0.PDF
CH32V208,CH32V20x,2.5.12,Real time clock (RTC) and backup registers,RTC（实时时钟）和后备寄存器,series,#,confirmed,CH32V208DS0.PDF:zh(2.5)+CH32V208DS0.PDF:en(2.5),CH32V208DS0.PDF
CH32V208,CH32V20x,2.5.13,Analog-to-digital converter (ADC) and touch key capacitance detection (TKey),ADC（模拟/数字转换器）和触摸按键电容检测（TKey）,series,#,confirmed,CH32V208DS0.PDF:zh(2.5)+CH32V208DS0.PDF:en(2.5),CH32V208DS0.PDF
CH32V208,CH32V20x,2.5.14,Timer and watchdog,定时器及看门狗,series,#,confirmed,CH32V208DS0.PDF:zh(2.5)+CH32V208DS0.PDF:en(2.5),CH32V208DS0.PDF
CH32V208,CH32V20x,2.5.15,Communication interface,通用同步/异步收发器（USART）,series,#,confirmed,CH32V208DS0.PDF:zh(2.5)+CH32V208DS0.PDF:en(2.5),CH32V208DS0.PDF
CH32V208,CH32V20x,2.5.15.1,Universal Synchronous/Asynchronous Receiver Transmitter (USART),,series,#,reference,CH32V208DS0.PDF:en(2.5),CH32V208DS0.PDF
CH32V208,CH32V20x,2.5.15.2,Serial Peripheral Interface (SPI),,series,#,reference,CH32V208DS0.PDF:en(2.5),CH32V208DS0.PDF
CH32V208,CH32V20x,2.5.15.3,I2C bus,,series,#,reference,CH32V208DS0.PDF:en(2.5),CH32V208DS0.PDF
CH32V208,CH32V20x,2.5.15.4,Controller Area Network (CAN),,series,#,reference,CH32V208DS0.PDF:en(2.5),CH32V208DS0.PDF
CH32V208,CH32V20x,2.5.15.5,Universal Serial Bus device (USBD),,series,#,reference,CH32V208DS0.PDF:en(2.5),CH32V208DS0.PDF
CH32V208,CH32V20x,2.5.15.6,Universal Serial Bus USB2.0 full-speed Host/Device controller (USBFS),,series,#,reference,CH32V208DS0.PDF:en(2.5),CH32V208DS0.PDF
CH32V208,CH32V20x,2.5.16,General-purpose input and output (GPIO),串行外设接口（SPI）,series,#,confirmed,CH32V208DS0.PDF:zh(2.5)+CH32V208DS0.PDF:en(2.5),CH32V208DS0.PDF
CH32V208,CH32V20x,2.5.17,Operational amplifier/comparator (OPA),I2C总线,series,#,confirmed,CH32V208DS0.PDF:zh(2.5)+CH32V208DS0.PDF:en(2.5),CH32V208DS0.PDF
CH32V208,CH32V20x,2.5.18,Serial debug interface (SDI),控制器区域网络（CAN）,series,#,confirmed,CH32V208DS0.PDF:zh(2.5)+CH32V208DS0.PDF:en(2.5),CH32V208DS0.PDF
CH32V208,CH32V20x,2.5.19,,通用串行总线（USBD）,series,#,reference,CH32V208DS0.PDF:zh(2.5),CH32V208DS0.PDF
CH32V208,CH32V20x,2.5.20,,通用串行总线USB2.0全速主机/设备控制器（USBFS）,series,#,reference,CH32V208DS0.PDF:zh(2.5),CH32V208DS0.PDF
CH32V208,CH32V20x,2.5.21,,通用输入输出接口（GPIO）,series,#,reference,CH32V208DS0.PDF:zh(2.5),CH32V208DS0.PDF
CH32V208,CH32V20x,2.5.22,,运放比较器（OPA）,series,#,reference,CH32V208DS0.PDF:zh(2.5),CH32V208DS0.PDF
CH32V208,CH32V20x,2.5.23,,串行2线调试接口（SDI Serial Debug Interface）,series,#,reference,CH32V208DS0.PDF:zh(2.5),CH32V208DS0.PDF
CH32V303;CH32V305;CH32V307;CH32V317,CH32V307,2.5.1,RISC-V4F Processor,RISC-V4F处理器,series,#,confirmed,CH32V20x_30xDS0.PDF:zh(2.5)+CH32V20x_30xDS0.PDF:en(2.5),CH32V20x_30xDS0.PDF
CH32V303;CH32V305;CH32V307;CH32V317,CH32V307,2.5.2,On-chip Memory and Boot Mode,片上存储器及自举模式,series,#,confirmed,CH32V20x_30xDS0.PDF:zh(2.5)+CH32V20x_30xDS0.PDF:en(2.5),CH32V20x_30xDS0.PDF
CH32V303;CH32V305;CH32V307;CH32V317,CH32V307,2.5.3,Power Supply Scheme,供电方案,series,#,confirmed,CH32V20x_30xDS0.PDF:zh(2.5)+CH32V20x_30xDS0.PDF:en(2.5),CH32V20x_30xDS0.PDF
CH32V303;CH32V305;CH32V307;CH32V317,CH32V307,2.5.4,Power Supply Monitor,供电监控器,series,#,confirmed,CH32V20x_30xDS0.PDF:zh(2.5)+CH32V20x_30xDS0.PDF:en(2.5),CH32V20x_30xDS0.PDF
CH32V303;CH32V305;CH32V307;CH32V317,CH32V307,2.5.5,Voltage Regulator,电压调节器,series,#,confirmed,CH32V20x_30xDS0.PDF:zh(2.5)+CH32V20x_30xDS0.PDF:en(2.5),CH32V20x_30xDS0.PDF
CH32V303;CH32V305;CH32V307;CH32V317,CH32V307,2.5.6,Low-power Mode,低功耗模式,series,#,confirmed,CH32V20x_30xDS0.PDF:zh(2.5)+CH32V20x_30xDS0.PDF:en(2.5),CH32V20x_30xDS0.PDF
CH32V303;CH32V305;CH32V307;CH32V317,CH32V307,2.5.7,CRC (Cyclic Redundancy Check) Calculation Unit,CRC（循环冗余校验）计算单元,series,#,confirmed,CH32V20x_30xDS0.PDF:zh(2.5)+CH32V20x_30xDS0.PDF:en(2.5),CH32V20x_30xDS0.PDF
CH32V303;CH32V305;CH32V307;CH32V317,CH32V307,2.5.8,Fast Programmable Interrupt Controller (FPIC),快速可编程中断控制器（PFIC）,series,#,confirmed,CH32V20x_30xDS0.PDF:zh(2.5)+CH32V20x_30xDS0.PDF:en(2.5),CH32V20x_30xDS0.PDF
CH32V303;CH32V305;CH32V307;CH32V317,CH32V307,2.5.9,External Interrupt/Event Controller (EXTI),外部中断/事件控制器（EXTI）,series,#,confirmed,CH32V20x_30xDS0.PDF:zh(2.5)+CH32V20x_30xDS0.PDF:en(2.5),CH32V20x_30xDS0.PDF
CH32V303;CH32V305;CH32V307;CH32V317,CH32V307,2.5.10,General DMA Controller,通用DMA控制器,series,#,confirmed,CH32V20x_30xDS0.PDF:zh(2.5)+CH32V20x_30xDS0.PDF:en(2.5),CH32V20x_30xDS0.PDF
CH32V303;CH32V305;CH32V307;CH32V317,CH32V307,2.5.11,Clock and Boot,时钟和启动,series,#,confirmed,CH32V20x_30xDS0.PDF:zh(2.5)+CH32V20x_30xDS0.PDF:en(2.5),CH32V20x_30xDS0.PDF
CH32V303;CH32V305;CH32V307;CH32V317,CH32V307,2.5.12,Real Time Clock (RTC) and Backup Registers,RTC（实时时钟）和后备寄存器,series,#,confirmed,CH32V20x_30xDS0.PDF:zh(2.5)+CH32V20x_30xDS0.PDF:en(2.5),CH32V20x_30xDS0.PDF
CH32V303;CH32V305;CH32V307;CH32V317,CH32V307,2.5.13,Analog-to-digital Converter (ADC) and Touch Key Capacitance Detection (TKey),ADC（模拟/数字转换器）和触摸按键电容检测（TKey）,series,#,confirmed,CH32V20x_30xDS0.PDF:zh(2.5)+CH32V20x_30xDS0.PDF:en(2.5),CH32V20x_30xDS0.PDF
CH32V303;CH32V305;CH32V307;CH32V317,CH32V307,2.5.14,Digital-to-analog Converter (DAC),DAC（数字/模拟转换器）,series,#,confirmed,CH32V20x_30xDS0.PDF:zh(2.5)+CH32V20x_30xDS0.PDF:en(2.5),CH32V20x_30xDS0.PDF
CH32V303;CH32V305;CH32V307;CH32V317,CH32V307,2.5.15,Timer and Watchdog,定时器及看门狗,series,#,confirmed,CH32V20x_30xDS0.PDF:zh(2.5)+CH32V20x_30xDS0.PDF:en(2.5),CH32V20x_30xDS0.PDF
CH32V303;CH32V305;CH32V307;CH32V317,CH32V307,2.5.16,Universal Synchronous/Asynchronous Receiver Transmitter (USART),通用同步/异步串口收发器（USART）,series,#,confirmed,CH32V20x_30xDS0.PDF:zh(2.5)+CH32V20x_30xDS0.PDF:en(2.5),CH32V20x_30xDS0.PDF
CH32V303;CH32V305;CH32V307;CH32V317,CH32V307,2.5.17,Serial Peripheral Interface (SPI),串行外设接口（SPI）,series,#,confirmed,CH32V20x_30xDS0.PDF:zh(2.5)+CH32V20x_30xDS0.PDF:en(2.5),CH32V20x_30xDS0.PDF
CH32V303;CH32V305;CH32V307;CH32V317,CH32V307,2.5.18,I2S (audio) Interface,I2S（音频）接口,series,#,confirmed,CH32V20x_30xDS0.PDF:zh(2.5)+CH32V20x_30xDS0.PDF:en(2.5),CH32V20x_30xDS0.PDF
CH32V303;CH32V305;CH32V307;CH32V317,CH32V307,2.5.19,I2C Bus,I2C总线,series,#,confirmed,CH32V20x_30xDS0.PDF:zh(2.5)+CH32V20x_30xDS0.PDF:en(2.5),CH32V20x_30xDS0.PDF
CH32V303;CH32V305;CH32V307;CH32V317,CH32V307,2.5.20,Controller Area Network (CAN),控制器区域网络（CAN）,series,#,confirmed,CH32V20x_30xDS0.PDF:zh(2.5)+CH32V20x_30xDS0.PDF:en(2.5),CH32V20x_30xDS0.PDF
CH32V303;CH32V305;CH32V307;CH32V317,CH32V307,2.5.21,Universal Serial Bus USB2.0 Full-speed Host/Device Controller (USBFS/OTG_FS),通用串行总线USB2.0全速主机/设备控制器（USBFS/OTG_FS）,series,#,confirmed,CH32V20x_30xDS0.PDF:zh(2.5)+CH32V20x_30xDS0.PDF:en(2.5),CH32V20x_30xDS0.PDF
CH32V303;CH32V305;CH32V307;CH32V317,CH32V307,2.5.22,Universal Serial Bus USB2.0 High-speed Host/Device Controller (USBHS),通用串行总线USB2.0高速主机/设备控制器（USBHS）,series,#,confirmed,CH32V20x_30xDS0.PDF:zh(2.5)+CH32V20x_30xDS0.PDF:en(2.5),CH32V20x_30xDS0.PDF
CH32V303;CH32V305;CH32V307;CH32V317,CH32V307,2.5.23,Digital Video Port (DVP),数字图像接口（DVP）,series,#,confirmed,CH32V20x_30xDS0.PDF:zh(2.5)+CH32V20x_30xDS0.PDF:en(2.5),CH32V20x_30xDS0.PDF
CH32V303;CH32V305;CH32V307;CH32V317,CH32V307,2.5.24,SDIO Host Controller,SDIO主机控制器,series,#,confirmed,CH32V20x_30xDS0.PDF:zh(2.5)+CH32V20x_30xDS0.PDF:en(2.5),CH32V20x_30xDS0.PDF
CH32V303;CH32V305;CH32V307;CH32V317,CH32V307,2.5.25,Flexible Static Memory Controller,可配置的静态存储器控制器（FSMC）,series,#,confirmed,CH32V20x_30xDS0.PDF:zh(2.5)+CH32V20x_30xDS0.PDF:en(2.5),CH32V20x_30xDS0.PDF
CH32V303;CH32V305;CH32V307;CH32V317,CH32V307,2.5.26,Gigabit Ethernet controller (MAC+PHY),以太网控制器（MAC+PHY）,series,#,confirmed,CH32V20x_30xDS0.PDF:zh(2.5)+CH32V20x_30xDS0.PDF:en(2.5),CH32V20x_30xDS0.PDF
CH32V303;CH32V305;CH32V307;CH32V317,CH32V307,2.5.27,General-purpose Input and Output (GPIO),通用输入输出接口（GPIO）,series,#,confirmed,CH32V20x_30xDS0.PDF:zh(2.5)+CH32V20x_30xDS0.PDF:en(2.5),CH32V20x_30xDS0.PDF
CH32V303;CH32V305;CH32V307;CH32V317,CH32V307,2.5.28,Random Number Generator (RNG),随机数发生器（RNG）,series,#,confirmed,CH32V20x_30xDS0.PDF:zh(2.5)+CH32V20x_30xDS0.PDF:en(2.5),CH32V20x_30xDS0.PDF
CH32V303;CH32V305;CH32V307;CH32V317,CH32V307,2.5.29,Operational Amplifier/Comparator (OPA),运放比较器（OPA）,series,#,confirmed,CH32V20x_30xDS0.PDF:zh(2.5)+CH32V20x_30xDS0.PDF:en(2.5),CH32V20x_30xDS0.PDF
CH32V303;CH32V305;CH32V307;CH32V317,CH32V307,2.5.30,2-wire SDI Serial Debug Interface,串行2线调试接口（2-wire SDI Serial Debug Interface）,series,#,confirmed,CH32V20x_30xDS0.PDF:zh(2.5)+CH32V20x_30xDS0.PDF:en(2.5),CH32V20x_30xDS0.PDF
CH32V407;CH32V467,CH32V407,1.4.1,QingKe RISC-V3V Processor,RISC-V3V处理器,series,#,confirmed,CH32V407DS0.PDF:zh(1.4)+CH32V407DS0.PDF:en(1.4),CH32V407DS0.PDF
CH32V407;CH32V467,CH32V407,1.4.2,On-chip Memory and Boot Mode,片上存储器,series,#,confirmed,CH32V407DS0.PDF:zh(1.4)+CH32V407DS0.PDF:en(1.4),CH32V407DS0.PDF
CH32V407;CH32V467,CH32V407,1.4.3,On-chip Extended PSRAM Memory,片内的扩展PSRAM存储器,series,#,confirmed,CH32V407DS0.PDF:zh(1.4)+CH32V407DS0.PDF:en(1.4),CH32V407DS0.PDF
CH32V407;CH32V467,CH32V407,1.4.4,Power Supply Scheme,供电方案,series,#,confirmed,CH32V407DS0.PDF:zh(1.4)+CH32V407DS0.PDF:en(1.4),CH32V407DS0.PDF
CH32V407;CH32V467,CH32V407,1.4.5,Power Supply Detector,供电监控器,series,#,confirmed,CH32V407DS0.PDF:zh(1.4)+CH32V407DS0.PDF:en(1.4),CH32V407DS0.PDF
CH32V407;CH32V467,CH32V407,1.4.6,System Voltage Regulator LDO,系统电压调节器LDO,series,#,confirmed,CH32V407DS0.PDF:zh(1.4)+CH32V407DS0.PDF:en(1.4),CH32V407DS0.PDF
CH32V407;CH32V467,CH32V407,1.4.7,Low-power Mode,低功耗模式,series,#,confirmed,CH32V407DS0.PDF:zh(1.4)+CH32V407DS0.PDF:en(1.4),CH32V407DS0.PDF
CH32V407;CH32V467,CH32V407,1.4.8,Programmable Fast Interrupt controller (PFIC),快速可编程中断控制器（PFIC）,series,#,confirmed,CH32V407DS0.PDF:zh(1.4)+CH32V407DS0.PDF:en(1.4),CH32V407DS0.PDF
CH32V407;CH32V467,CH32V407,1.4.9,External Interrupt/Event Controller (EXTI),外部中断/事件控制器（EXTI）,series,#,confirmed,CH32V407DS0.PDF:zh(1.4)+CH32V407DS0.PDF:en(1.4),CH32V407DS0.PDF
CH32V407;CH32V467,CH32V407,1.4.10,General DMA Controller,通用DMA控制器,series,#,confirmed,CH32V407DS0.PDF:zh(1.4)+CH32V407DS0.PDF:en(1.4),CH32V407DS0.PDF
CH32V407;CH32V467,CH32V407,1.4.11,Clock and Boot,时钟和启动,series,#,confirmed,CH32V407DS0.PDF:zh(1.4)+CH32V407DS0.PDF:en(1.4),CH32V407DS0.PDF
CH32V407;CH32V467,CH32V407,1.4.12,Real Time Clock (RTC) and Backup Registers,RTC（实时时钟）和后备寄存器,series,#,confirmed,CH32V407DS0.PDF:zh(1.4)+CH32V407DS0.PDF:en(1.4),CH32V407DS0.PDF
CH32V407;CH32V467,CH32V407,1.4.13,Analog-to-digital Converter (ADC),ADC（模拟/数字转换器）,series,#,confirmed,CH32V407DS0.PDF:zh(1.4)+CH32V407DS0.PDF:en(1.4),CH32V407DS0.PDF
CH32V407;CH32V467,CH32V407,1.4.14,Digital-to-Analog Converter (DAC),DAC（数字/模拟转换器）,series,#,confirmed,CH32V407DS0.PDF:zh(1.4)+CH32V407DS0.PDF:en(1.4),CH32V407DS0.PDF
CH32V407;CH32V467,CH32V407,1.4.15,Timer and Watchdog,定时器及看门狗,series,#,confirmed,CH32V407DS0.PDF:zh(1.4)+CH32V407DS0.PDF:en(1.4),CH32V407DS0.PDF
CH32V407;CH32V467,CH32V407,1.4.16,Universal Synchronous/Asynchronous Receiver Transmitter (USART),通用同步/异步串口收发器（USART）,series,#,confirmed,CH32V407DS0.PDF:zh(1.4)+CH32V407DS0.PDF:en(1.4),CH32V407DS0.PDF
CH32V407;CH32V467,CH32V407,1.4.17,Serial Peripheral Interface (SPI),串行外设接口（SPI）,series,#,confirmed,CH32V407DS0.PDF:zh(1.4)+CH32V407DS0.PDF:en(1.4),CH32V407DS0.PDF
CH32V407;CH32V467,CH32V407,1.4.18,I2S (Audio) Interface,I2S（音频）接口,series,#,confirmed,CH32V407DS0.PDF:zh(1.4)+CH32V407DS0.PDF:en(1.4),CH32V407DS0.PDF
CH32V407;CH32V467,CH32V407,1.4.19,I2C Bus,I2C总线,series,#,confirmed,CH32V407DS0.PDF:zh(1.4)+CH32V407DS0.PDF:en(1.4),CH32V407DS0.PDF
CH32V407;CH32V467,CH32V407,1.4.20,I3C Bus,I3C总线,series,#,confirmed,CH32V407DS0.PDF:zh(1.4)+CH32V407DS0.PDF:en(1.4),CH32V407DS0.PDF
CH32V407;CH32V467,CH32V407,1.4.21,Controller Area Network (CAN),控制器区域网络（CAN）,series,#,confirmed,CH32V407DS0.PDF:zh(1.4)+CH32V407DS0.PDF:en(1.4),CH32V407DS0.PDF
CH32V407;CH32V467,CH32V407,1.4.22,Universal Serial Bus USB2.0 High-speed Host/Device Controller (USBHS),通用串行总线USB 2.0高速主机/设备控制器（USBHS）,series,#,confirmed,CH32V407DS0.PDF:zh(1.4)+CH32V407DS0.PDF:en(1.4),CH32V407DS0.PDF
CH32V407;CH32V467,CH32V407,1.4.23,Digital Video Port (DVP),数字图像接口（DVP）,series,#,confirmed,CH32V407DS0.PDF:zh(1.4)+CH32V407DS0.PDF:en(1.4),CH32V407DS0.PDF
CH32V407;CH32V467,CH32V407,1.4.24,SIDO Controller,SDIO控制器,series,#,confirmed,CH32V407DS0.PDF:zh(1.4)+CH32V407DS0.PDF:en(1.4),CH32V407DS0.PDF
CH32V407;CH32V467,CH32V407,1.4.25,Flexible Static Memory Controller (FSMC),可配置的静态存储器控制器（FSMC）,series,#,confirmed,CH32V407DS0.PDF:zh(1.4)+CH32V407DS0.PDF:en(1.4),CH32V407DS0.PDF
CH32V407;CH32V467,CH32V407,1.4.26,LCD-TFT Display Controller (LTDC),LCD-TFT显示控制器（LTDC）,series,#,confirmed,CH32V407DS0.PDF:zh(1.4)+CH32V407DS0.PDF:en(1.4),CH32V407DS0.PDF
CH32V407;CH32V467,CH32V407,1.4.27,Addressable RGB (ARGB),可寻址RGB（ARGB）,series,#,confirmed,CH32V407DS0.PDF:zh(1.4)+CH32V407DS0.PDF:en(1.4),CH32V407DS0.PDF
CH32V407;CH32V467,CH32V407,1.4.28,Ethernet Controller and Transceiver (MAC+PHY),以太网控制器（MAC+PHY）,series,#,confirmed,CH32V407DS0.PDF:zh(1.4)+CH32V407DS0.PDF:en(1.4),CH32V407DS0.PDF
CH32V407;CH32V467,CH32V407,1.4.29,Random Number Generator (RNG),随机数发生器（RNG）,series,#,confirmed,CH32V407DS0.PDF:zh(1.4)+CH32V407DS0.PDF:en(1.4),CH32V407DS0.PDF
CH32V407;CH32V467,CH32V407,1.4.30,Operational Amplifier (OPA/PGA),运放比较器（OPA/PGA）,series,#,confirmed,CH32V407DS0.PDF:zh(1.4)+CH32V407DS0.PDF:en(1.4),CH32V407DS0.PDF
CH32V407;CH32V467,CH32V407,1.4.31,General-purpose Input and Output (GPIO),通用输入输出接口（GPIO）,series,#,confirmed,CH32V407DS0.PDF:zh(1.4)+CH32V407DS0.PDF:en(1.4),CH32V407DS0.PDF
CH32V407;CH32V467,CH32V407,1.4.32,Serial Debug Interface (SDI),"调试接口（Serial Debug Interface,SDI）",series,#,confirmed,CH32V407DS0.PDF:zh(1.4)+CH32V407DS0.PDF:en(1.4),CH32V407DS0.PDF
CH32X033;CH32X035,CH32X035,1.4.1,RISC-V4C Processor,RISC-V4C处理器,series,#,confirmed,CH32X035DS0.PDF:zh(1.4)+CH32X035DS0.PDF:en(1.4),CH32X035DS0.PDF
CH32X033;CH32X035,CH32X035,1.4.2,Programmable Protocol I/O Controller (PIOC),可编程协议I/O控制器（PIOC）,series,#,confirmed,CH32X035DS0.PDF:zh(1.4)+CH32X035DS0.PDF:en(1.4),CH32X035DS0.PDF
CH32X033;CH32X035,CH32X035,1.4.3,On-chip Memory,片上存储器,series,#,confirmed,CH32X035DS0.PDF:zh(1.4)+CH32X035DS0.PDF:en(1.4),CH32X035DS0.PDF
CH32X033;CH32X035,CH32X035,1.4.4,Power Supply Scheme,供电方案,series,#,confirmed,CH32X035DS0.PDF:zh(1.4)+CH32X035DS0.PDF:en(1.4),CH32X035DS0.PDF
CH32X033;CH32X035,CH32X035,1.4.5,Power Supply Monitor,供电监控器,series,#,confirmed,CH32X035DS0.PDF:zh(1.4)+CH32X035DS0.PDF:en(1.4),CH32X035DS0.PDF
CH32X033;CH32X035,CH32X035,1.4.6,System Voltage Regulator LDO,系统电压调节器LDO,series,#,confirmed,CH32X035DS0.PDF:zh(1.4)+CH32X035DS0.PDF:en(1.4),CH32X035DS0.PDF
CH32X033;CH32X035,CH32X035,1.4.7,Low-power Mode,低功耗模式,series,#,confirmed,CH32X035DS0.PDF:zh(1.4)+CH32X035DS0.PDF:en(1.4),CH32X035DS0.PDF
CH32X033;CH32X035,CH32X035,1.4.8,Programmable Fast Interrupt Controller (PFIC),快速可编程中断控制器（PFIC）,series,#,confirmed,CH32X035DS0.PDF:zh(1.4)+CH32X035DS0.PDF:en(1.4),CH32X035DS0.PDF
CH32X033;CH32X035,CH32X035,1.4.9,External Interrupt/Event Controller (EXTI),外部中断/事件控制器（EXTI）,series,#,confirmed,CH32X035DS0.PDF:zh(1.4)+CH32X035DS0.PDF:en(1.4),CH32X035DS0.PDF
CH32X033;CH32X035,CH32X035,1.4.10,General DMA Controller,通用DMA控制器,series,#,confirmed,CH32X035DS0.PDF:zh(1.4)+CH32X035DS0.PDF:en(1.4),CH32X035DS0.PDF
CH32X033;CH32X035,CH32X035,1.4.11,Clock and Boot,时钟和启动,series,#,confirmed,CH32X035DS0.PDF:zh(1.4)+CH32X035DS0.PDF:en(1.4),CH32X035DS0.PDF
CH32X033;CH32X035,CH32X035,1.4.12,Analog-to-digital Converter (ADC) and Touchkey Capacitance Detection (TKey),ADC（模拟/数字转换器）和触摸按键电容检测（TKey）,series,#,confirmed,CH32X035DS0.PDF:zh(1.4)+CH32X035DS0.PDF:en(1.4),CH32X035DS0.PDF
CH32X033;CH32X035,CH32X035,1.4.13,Timer and Watchdog,定时器及看门狗,series,#,confirmed,CH32X035DS0.PDF:zh(1.4)+CH32X035DS0.PDF:en(1.4),CH32X035DS0.PDF
CH32X033;CH32X035,CH32X035,1.4.14,Universal Synchronous/Asynchronous Receiver Transmitter (USART),通用异步收发器（USART）,series,#,confirmed,CH32X035DS0.PDF:zh(1.4)+CH32X035DS0.PDF:en(1.4),CH32X035DS0.PDF
CH32X033;CH32X035,CH32X035,1.4.15,Serial Peripheral Interface (SPI),串行外设接口（SPI）,series,#,confirmed,CH32X035DS0.PDF:zh(1.4)+CH32X035DS0.PDF:en(1.4),CH32X035DS0.PDF
CH32X033;CH32X035,CH32X035,1.4.16,I2C Bus,I2C总线,series,#,confirmed,CH32X035DS0.PDF:zh(1.4)+CH32X035DS0.PDF:en(1.4),CH32X035DS0.PDF
CH32X033;CH32X035,CH32X035,1.4.17,Universal Serial Bus USB2.0 Full-speed Host/Device Controller (USBFS),通用串行总线USB2.0全速主机/设备控制器（USBFS）,series,#,confirmed,CH32X035DS0.PDF:zh(1.4)+CH32X035DS0.PDF:en(1.4),CH32X035DS0.PDF
CH32X033;CH32X035,CH32X035,1.4.18,USB PD and Type-C Controller (USB PD),USB PD及Type-C控制器（USB PD）,series,#,confirmed,CH32X035DS0.PDF:zh(1.4)+CH32X035DS0.PDF:en(1.4),CH32X035DS0.PDF
CH32X033;CH32X035,CH32X035,1.4.19,General-purpose Input and Output (GPIO),通用输入输出接口（GPIO）,series,#,confirmed,CH32X035DS0.PDF:zh(1.4)+CH32X035DS0.PDF:en(1.4),CH32X035DS0.PDF
CH32X033;CH32X035,CH32X035,1.4.20,Operational Amplifier/Comparator (OPA),运放/比较器（OPA）,series,#,confirmed,CH32X035DS0.PDF:zh(1.4)+CH32X035DS0.PDF:en(1.4),CH32X035DS0.PDF
CH32X033;CH32X035,CH32X035,1.4.21,Voltage Comparator (CMP),电压比较器（CMP）,series,#,confirmed,CH32X035DS0.PDF:zh(1.4)+CH32X035DS0.PDF:en(1.4),CH32X035DS0.PDF
CH32X033;CH32X035,CH32X035,1.4.22,2-wire SDI Serial Debug Interface,串行2线调试接口（2-wire SDI Serial Debug Interface）,series,#,confirmed,CH32X035DS0.PDF:zh(1.4)+CH32X035DS0.PDF:en(1.4),CH32X035DS0.PDF
CH32X305;CH32X315,CH32X315,1.4.1,QingKe RISC-V3F Processor,RISC-V3F处理器,series,#,confirmed,CH32X315DS0.PDF:zh(1.4)+CH32X315DS0.PDF:en(1.4),CH32X315DS0.PDF
CH32X305;CH32X315,CH32X315,1.4.2,On-chip Memory,片上存储器,series,#,confirmed,CH32X315DS0.PDF:zh(1.4)+CH32X315DS0.PDF:en(1.4),CH32X315DS0.PDF
CH32X305;CH32X315,CH32X315,1.4.3,Power Supply Scheme,供电方案,series,#,confirmed,CH32X315DS0.PDF:zh(1.4)+CH32X315DS0.PDF:en(1.4),CH32X315DS0.PDF
CH32X305;CH32X315,CH32X315,1.4.4,Power Supply Detector,供电监控器,series,#,confirmed,CH32X315DS0.PDF:zh(1.4)+CH32X315DS0.PDF:en(1.4),CH32X315DS0.PDF
CH32X305;CH32X315,CH32X315,1.4.5,System Voltage Regulator LDO,系统电压调节器LDO,series,#,confirmed,CH32X315DS0.PDF:zh(1.4)+CH32X315DS0.PDF:en(1.4),CH32X315DS0.PDF
CH32X305;CH32X315,CH32X315,1.4.6,Low-power Mode,低功耗模式,series,#,confirmed,CH32X315DS0.PDF:zh(1.4)+CH32X315DS0.PDF:en(1.4),CH32X315DS0.PDF
CH32X305;CH32X315,CH32X315,1.4.7,Programmable Fast Interrupt controller (PFIC),快速可编程中断控制器（PFIC）,series,#,confirmed,CH32X315DS0.PDF:zh(1.4)+CH32X315DS0.PDF:en(1.4),CH32X315DS0.PDF
CH32X305;CH32X315,CH32X315,1.4.8,External Interrupt/Event Controller (EXTI),外部中断/事件控制器（EXTI）,series,#,confirmed,CH32X315DS0.PDF:zh(1.4)+CH32X315DS0.PDF:en(1.4),CH32X315DS0.PDF
CH32X305;CH32X315,CH32X315,1.4.9,General DMA Controller,通用DMA控制器,series,#,confirmed,CH32X315DS0.PDF:zh(1.4)+CH32X315DS0.PDF:en(1.4),CH32X315DS0.PDF
CH32X305;CH32X315,CH32X315,1.4.10,Clock and Boot,时钟和启动,series,#,confirmed,CH32X315DS0.PDF:zh(1.4)+CH32X315DS0.PDF:en(1.4),CH32X315DS0.PDF
CH32X305;CH32X315,CH32X315,1.4.11,Real Time Clock (RTC),RTC（实时时钟）,series,#,confirmed,CH32X315DS0.PDF:zh(1.4)+CH32X315DS0.PDF:en(1.4),CH32X315DS0.PDF
CH32X305;CH32X315,CH32X315,1.4.12,Analog-to-digital Converter (ADC),ADC（模拟/数字转换器）,series,#,confirmed,CH32X315DS0.PDF:zh(1.4)+CH32X315DS0.PDF:en(1.4),CH32X315DS0.PDF
CH32X305;CH32X315,CH32X315,1.4.13,Timer and Watchdog,定时器及看门狗,series,#,confirmed,CH32X315DS0.PDF:zh(1.4)+CH32X315DS0.PDF:en(1.4),CH32X315DS0.PDF
CH32X305;CH32X315,CH32X315,1.4.14,Universal Synchronous/Asynchronous Receiver Transmitter (USART),通用同步/异步串口收发器（USART）,series,#,confirmed,CH32X315DS0.PDF:zh(1.4)+CH32X315DS0.PDF:en(1.4),CH32X315DS0.PDF
CH32X305;CH32X315,CH32X315,1.4.15,Serial Peripheral Interface (SPI),串行外设接口（SPI）,series,#,confirmed,CH32X315DS0.PDF:zh(1.4)+CH32X315DS0.PDF:en(1.4),CH32X315DS0.PDF
CH32X305;CH32X315,CH32X315,1.4.16,I2C Bus,I2C总线,series,#,confirmed,CH32X315DS0.PDF:zh(1.4)+CH32X315DS0.PDF:en(1.4),CH32X315DS0.PDF
CH32X305;CH32X315,CH32X315,1.4.17,USB PD and Type-C Controller,USB PD及Type-C控制器,series,#,confirmed,CH32X315DS0.PDF:zh(1.4)+CH32X315DS0.PDF:en(1.4),CH32X315DS0.PDF
CH32X305;CH32X315,CH32X315,1.4.18,Universal Serial Bus USB2.0 High-speed Host/Device Controller (USBHS),通用串行总线USB 2.0高速主机/设备控制器（USBHS）,series,#,confirmed,CH32X315DS0.PDF:zh(1.4)+CH32X315DS0.PDF:en(1.4),CH32X315DS0.PDF
CH32X305;CH32X315,CH32X315,1.4.19,Universal Serial Bus USB3.0 SuperSpeed Device Controller (USBSS) (Not,通用串行总线USB 3.0超高速设备控制器（USBSS）（不适用于CH32X305）,series,#,confirmed,CH32X315DS0.PDF:zh(1.4)+CH32X315DS0.PDF:en(1.4),CH32X315DS0.PDF
CH32X305;CH32X315,CH32X315,1.4.20,Cascadable Addressable RGB (ARGB),可级联可寻址RGB（ARGB）,series,#,confirmed,CH32X315DS0.PDF:zh(1.4)+CH32X315DS0.PDF:en(1.4),CH32X315DS0.PDF
CH32X305;CH32X315,CH32X315,1.4.21,General-purpose Input and Output (GPIO),通用输入输出接口（GPIO）,series,#,confirmed,CH32X315DS0.PDF:zh(1.4)+CH32X315DS0.PDF:en(1.4),CH32X315DS0.PDF
CH32X305;CH32X315,CH32X315,1.4.22,Serial Debug Interface (SDI),"调试接口（Serial Debug Interface,SDI）",series,#,confirmed,CH32X315DS0.PDF:zh(1.4)+CH32X315DS0.PDF:en(1.4),CH32X315DS0.PDF
