family,number,name,kind,description,condition,#,confidence,basis
CH32H417,2,NonMaskableInt,exception,Non Maskable Interrupt,,#,reference,evt(ch32h417.h)
CH32H417,3,HardFault,exception,HardFault Interrupt,,#,reference,evt(ch32h417.h)
CH32H417,5,Ecall_M_Mode,exception,Ecall M Mode Interrupt,,#,reference,evt(ch32h417.h)
CH32H417,8,Ecall_U_Mode,exception,Ecall U Mode Interrupt,,#,reference,evt(ch32h417.h)
CH32H417,9,Break_Point,exception,Break Point Interrupt,,#,reference,evt(ch32h417.h)
CH32H417,12,SysTick0,exception,System timer 0 Interrupt,,#,reference,evt(ch32h417.h)
CH32H417,13,SysTick1,exception,System timer 1 Interrupt,,#,reference,evt(ch32h417.h)
CH32H417,14,Software,exception,software Interrupt,,#,reference,evt(ch32h417.h)
CH32H417,16,IPC_CH0,exception,IPC CH0 Interrupt,,#,reference,evt(ch32h417.h)
CH32H417,17,IPC_CH1,exception,IPC CH1 Interrupt,,#,reference,evt(ch32h417.h)
CH32H417,18,IPC_CH2,exception,IPC CH2 Interrupt,,#,reference,evt(ch32h417.h)
CH32H417,19,IPC_CH3,exception,IPC CH3 Interrupt,,#,reference,evt(ch32h417.h)
CH32H417,28,HSEM,exception,HSEM Interrupt,,#,reference,evt(ch32h417.h)
CH32H417,32,WWDG,irq,Window WatchDog Interrupt,,#,reference,evt(ch32h417.h)
CH32H417,33,EXTI15_8,irq,External Line[15:8] Interrupts,,#,reference,evt(ch32h417.h)
CH32H417,34,FLASH,irq,FLASH global Interrupt,,#,reference,evt(ch32h417.h)
CH32H417,35,RCC,irq,RCC global Interrupt,,#,reference,evt(ch32h417.h)
CH32H417,36,EXTI7_0,irq,External Line[7:0] Interrupts,,#,reference,evt(ch32h417.h)
CH32H417,37,SPI1,irq,SPI1 global Interrupt,,#,reference,evt(ch32h417.h)
CH32H417,38,DMA1_Channel2,irq,DMA1 Channel 2 global Interrupt,,#,reference,evt(ch32h417.h)
CH32H417,39,DMA1_Channel3,irq,DMA1 Channel 3 global Interrupt,,#,reference,evt(ch32h417.h)
CH32H417,40,DMA1_Channel4,irq,DMA1 Channel 4 global Interrupt,,#,reference,evt(ch32h417.h)
CH32H417,41,DMA1_Channel5,irq,DMA1 Channel 5 global Interrupt,,#,reference,evt(ch32h417.h)
CH32H417,42,DMA1_Channel6,irq,DMA1 Channel 6 global Interrupt,,#,reference,evt(ch32h417.h)
CH32H417,43,DMA1_Channel7,irq,DMA1 Channel 7 global Interrupt,,#,reference,evt(ch32h417.h)
CH32H417,44,DMA1_Channel8,irq,DMA1 Channel 8 global Interrupt,,#,reference,evt(ch32h417.h)
CH32H417,45,USART2,irq,USART2 global Interrupt,,#,reference,evt(ch32h417.h)
CH32H417,46,I2C1_EV,irq,I2C1 Event Interrupt,,#,reference,evt(ch32h417.h)
CH32H417,47,I2C1_ER,irq,I2C1 Error Interrupt,,#,reference,evt(ch32h417.h)
CH32H417,48,USART1,irq,USART1 global Interrupt,,#,reference,evt(ch32h417.h)
CH32H417,49,SPI2,irq,SPI2 global Interrupt,,#,reference,evt(ch32h417.h)
CH32H417,50,SPI3,irq,SPI3 global Interrupt,,#,reference,evt(ch32h417.h)
CH32H417,51,SPI4,irq,SPI4 global Interrupt,,#,reference,evt(ch32h417.h)
CH32H417,52,I2C2_EV,irq,I2C2 Event Interrupt,,#,reference,evt(ch32h417.h)
CH32H417,53,I2C2_ER,irq,I2C2 Error Interrupt,,#,reference,evt(ch32h417.h)
CH32H417,54,USBPD,irq,USBPD Interrupt,,#,reference,evt(ch32h417.h)
CH32H417,55,USBPDWakeUp,irq,USBPD WakeUp Interrupt,,#,reference,evt(ch32h417.h)
CH32H417,56,USBHS,irq,USBHS global Interrupt,,#,reference,evt(ch32h417.h)
CH32H417,57,DMA1_Channel1,irq,DMA1 Channel 1 global Interrupt,,#,reference,evt(ch32h417.h)
CH32H417,58,CAN1_SCE,irq,CAN1 SCE Interrupt,,#,reference,evt(ch32h417.h)
CH32H417,59,CAN1_TX,irq,CAN1 TX Interrupts,,#,reference,evt(ch32h417.h)
CH32H417,60,CAN1_RX0,irq,CAN1 RX0 Interrupts,,#,reference,evt(ch32h417.h)
CH32H417,61,CAN1_RX1,irq,CAN1 RX1 Interrupts,,#,reference,evt(ch32h417.h)
CH32H417,62,USBSS,irq,USBSS Interrupt,,#,reference,evt(ch32h417.h)
CH32H417,63,USBSS_LINK,irq,USBSS LINK Interrupt,,#,reference,evt(ch32h417.h)
CH32H417,64,USBHSWakeup,irq,USBHS WakeUp Interrupt,,#,reference,evt(ch32h417.h)
CH32H417,65,USBSSWakeup,irq,USBSS WakeUp Interrupt,,#,reference,evt(ch32h417.h)
CH32H417,66,RTCAlarm,irq,RTC Alarm through EXTI Line Interrupt,,#,reference,evt(ch32h417.h)
CH32H417,67,USBFS,irq,USBFS global Interrupt,,#,reference,evt(ch32h417.h)
CH32H417,68,USBFSWakeUp,irq,USBFS WakeUp Interrupt,,#,reference,evt(ch32h417.h)
CH32H417,69,ADC1_2,irq,ADC1 and ADC2 global Interrupt,,#,reference,evt(ch32h417.h)
CH32H417,70,TIM1_BRK,irq,TIM1 Break Interrupt,,#,reference,evt(ch32h417.h)
CH32H417,71,TIM1_UP,irq,TIM1 Update Interrupt,,#,reference,evt(ch32h417.h)
CH32H417,72,TIM1_TRG_COM,irq,TIM1 Trigger and Commutation Interrupt,,#,reference,evt(ch32h417.h)
CH32H417,73,TIM1_CC,irq,TIM1 Capture Compare Interrupt,,#,reference,evt(ch32h417.h)
CH32H417,74,TIM2,irq,TIM2 global Interrupt,,#,reference,evt(ch32h417.h)
CH32H417,75,TIM3,irq,TIM3 global Interrupt,,#,reference,evt(ch32h417.h)
CH32H417,76,TIM4,irq,TIM4 global Interrupt,,#,reference,evt(ch32h417.h)
CH32H417,77,TIM5,irq,TIM5 global Interrupt,,#,reference,evt(ch32h417.h)
CH32H417,78,I2C3_EV,irq,I2C3 Event Interrupt,,#,reference,evt(ch32h417.h)
CH32H417,79,I2C3_ER,irq,I2C3 Error Interrupt,,#,reference,evt(ch32h417.h)
CH32H417,80,I2C4_EV,irq,I2C4 Event Interrupt,,#,reference,evt(ch32h417.h)
CH32H417,81,I2C4_ER,irq,I2C4 Error Interrupt,,#,reference,evt(ch32h417.h)
CH32H417,82,QSPI1,irq,QSPI1 Interrupt,,#,reference,evt(ch32h417.h)
CH32H417,83,SERDES,irq,SERDES Interrupt,,#,reference,evt(ch32h417.h)
CH32H417,84,USART3,irq,USART3 global Interrupt,,#,reference,evt(ch32h417.h)
CH32H417,85,USART4,irq,USART4 global Interrupt,,#,reference,evt(ch32h417.h)
CH32H417,86,TIM8_BRK,irq,TIM8 Break Interrupt,,#,reference,evt(ch32h417.h)
CH32H417,87,TIM8_UP,irq,TIM8 Update Interrupt,,#,reference,evt(ch32h417.h)
CH32H417,88,TIM8_TRG_COM,irq,TIM8 Trigger and Commutation Interrupt,,#,reference,evt(ch32h417.h)
CH32H417,89,TIM8_CC,irq,TIM8 Capture Compare Interrupt,,#,reference,evt(ch32h417.h)
CH32H417,90,TIM9,irq,TIM9 global Interrupt,,#,reference,evt(ch32h417.h)
CH32H417,91,TIM10,irq,TIM10 global Interrupt,,#,reference,evt(ch32h417.h)
CH32H417,92,TIM11,irq,TIM11 global Interrupt,,#,reference,evt(ch32h417.h)
CH32H417,93,TIM12,irq,TIM12 global Interrupt,,#,reference,evt(ch32h417.h)
CH32H417,94,FMC,irq,FMC global Interrupt,,#,reference,evt(ch32h417.h)
CH32H417,95,SDMMC,irq,SDMMC global Interrupt,,#,reference,evt(ch32h417.h)
CH32H417,96,LPTIM1,irq,LPTIM1 global Interrupt,,#,reference,evt(ch32h417.h)
CH32H417,97,LPTIM2,irq,LPTIM2 global Interrupt,,#,reference,evt(ch32h417.h)
CH32H417,98,USART5,irq,USART5 global Interrupt,,#,reference,evt(ch32h417.h)
CH32H417,99,USART6,irq,USART6 global Interrupt,,#,reference,evt(ch32h417.h)
CH32H417,100,TIM6,irq,TIM6 global Interrupt,,#,reference,evt(ch32h417.h)
CH32H417,101,TIM7,irq,TIM7 global Interrupt,,#,reference,evt(ch32h417.h)
CH32H417,102,DMA2_Channel1,irq,DMA2 Channel 1 global Interrupt,,#,reference,evt(ch32h417.h)
CH32H417,103,DMA2_Channel2,irq,DMA2 Channel 2 global Interrupt,,#,reference,evt(ch32h417.h)
CH32H417,104,DMA2_Channel3,irq,DMA2 Channel 3 global Interrupt,,#,reference,evt(ch32h417.h)
CH32H417,105,DMA2_Channel4,irq,DMA2 Channel 4 global Interrupt,,#,reference,evt(ch32h417.h)
CH32H417,106,DMA2_Channel5,irq,DMA2 Channel 5 global Interrupt,,#,reference,evt(ch32h417.h)
CH32H417,107,DMA2_Channel6,irq,DMA2 Channel 6 global Interrupt,,#,reference,evt(ch32h417.h)
CH32H417,108,DMA2_Channel7,irq,DMA2 Channel 7 global Interrupt,,#,reference,evt(ch32h417.h)
CH32H417,109,DMA2_Channel8,irq,DMA2 Channel 8 global Interrupt,,#,reference,evt(ch32h417.h)
CH32H417,110,ETH,irq,ETH global Interrupt,,#,reference,evt(ch32h417.h)
CH32H417,111,ETH_WKUP,irq,ETH WakeUp Interrupt,,#,reference,evt(ch32h417.h)
CH32H417,112,CAN2_SCE,irq,CAN2 SCE Interrupt,,#,reference,evt(ch32h417.h)
CH32H417,113,CAN2_TX,irq,CAN2 TX Interrupts,,#,reference,evt(ch32h417.h)
CH32H417,114,CAN2_RX0,irq,CAN2 RX0 Interrupts,,#,reference,evt(ch32h417.h)
CH32H417,115,CAN2_RX1,irq,CAN2 RX1 Interrupts,,#,reference,evt(ch32h417.h)
CH32H417,116,USART7,irq,USART7 global Interrupt,,#,reference,evt(ch32h417.h)
CH32H417,117,USART8,irq,USART8 global Interrupt,,#,reference,evt(ch32h417.h)
CH32H417,118,I3C_EV,irq,I3C Event Interrupt,,#,reference,evt(ch32h417.h)
CH32H417,119,I3C_ER,irq,I3C Error Interrupt,,#,reference,evt(ch32h417.h)
CH32H417,120,DVP,irq,DVP global Interrupt,,#,reference,evt(ch32h417.h)
CH32H417,121,ECDC,irq,ECDC global Interrupt,,#,reference,evt(ch32h417.h)
CH32H417,122,PIOC,irq,PIOC global Interrupt,,#,reference,evt(ch32h417.h)
CH32H417,123,SAI,irq,SAI global Interrupt,,#,reference,evt(ch32h417.h)
CH32H417,124,LTDC,irq,LTDC global Interrupt,,#,reference,evt(ch32h417.h)
CH32H417,125,GPHA,irq,GPHA global Interrupt,,#,reference,evt(ch32h417.h)
CH32H417,127,DFSDM0,irq,DFSDM0 global Interrupt,,#,reference,evt(ch32h417.h)
CH32H417,128,DFSDM1,irq,DFSDM1 global Interrupt,,#,reference,evt(ch32h417.h)
CH32H417,131,SWPMI,irq,SWPMI global Interrupt,,#,reference,evt(ch32h417.h)
CH32H417,134,QSPI2,irq,QSPI2 Interrupt,,#,reference,evt(ch32h417.h)
CH32H417,135,SWPMI_WKUP,irq,SWPMI WakeUp Interrupt,,#,reference,evt(ch32h417.h)
CH32H417,136,CAN3_SCE,irq,CAN3 SCE Interrupt,,#,reference,evt(ch32h417.h)
CH32H417,137,CAN3_TX,irq,CAN3 TX Interrupts,,#,reference,evt(ch32h417.h)
CH32H417,138,CAN3_RX0,irq,CAN3 RX0 Interrupts,,#,reference,evt(ch32h417.h)
CH32H417,139,CAN3_RX1,irq,CAN3 RX1 Interrupts,,#,reference,evt(ch32h417.h)
CH32H417,140,LPTIM2_WKUP,irq,LPTIM2 WakeUp Interrupt,,#,reference,evt(ch32h417.h)
CH32H417,141,LPTIM1_WKUP,irq,LPTIM1 WakeUp Interrupt,,#,reference,evt(ch32h417.h)
CH32H417,142,I3C_WKUP,irq,I3C WakeUp Interrupt,,#,reference,evt(ch32h417.h)
CH32H417,143,RTC,irq,RTC global Interrupt,,#,reference,evt(ch32h417.h)
CH32H417,144,HSADC,irq,HSADC global Interrupt,,#,reference,evt(ch32h417.h)
CH32H417,145,UHSIF,irq,UHSIF global Interrupt,,#,reference,evt(ch32h417.h)
CH32H417,146,RNG,irq,RNG global Interrupt,,#,reference,evt(ch32h417.h)
CH32H417,147,SDIO,irq,SDIO global Interrupt,,#,reference,evt(ch32h417.h)
CH32H417,148,USART_WKUP,irq,USART wakeup Interrupt,,#,reference,evt(ch32h417.h)
CH32L103,2,NonMaskableInt,exception,Non Maskable Interrupt,,#,reference,evt(ch32l103.h)
CH32L103,3,EXC,exception,Exception Interrupt,,#,reference,evt(ch32l103.h)
CH32L103,5,Ecall_M_Mode,exception,Ecall M Mode Interrupt,,#,reference,evt(ch32l103.h)
CH32L103,8,Ecall_U_Mode,exception,Ecall U Mode Interrupt,,#,reference,evt(ch32l103.h)
CH32L103,9,Break_Point,exception,Break Point Interrupt,,#,reference,evt(ch32l103.h)
CH32L103,12,SysTick,exception,System timer Interrupt,,#,reference,evt(ch32l103.h)
CH32L103,14,Software,exception,Software Interrupt,,#,reference,evt(ch32l103.h)
CH32L103,16,WWDG,irq,Window WatchDog Interrupt,,#,reference,evt(ch32l103.h)
CH32L103,17,PVD,irq,PVD through EXTI Line detection Interrupt,,#,reference,evt(ch32l103.h)
CH32L103,18,TAMPER,irq,Tamper Interrupt,,#,reference,evt(ch32l103.h)
CH32L103,19,RTC,irq,RTC global Interrupt,,#,reference,evt(ch32l103.h)
CH32L103,20,FLASH,irq,FLASH global Interrupt,,#,reference,evt(ch32l103.h)
CH32L103,21,RCC,irq,RCC global Interrupt,,#,reference,evt(ch32l103.h)
CH32L103,22,EXTI0,irq,EXTI Line0 Interrupt,,#,reference,evt(ch32l103.h)
CH32L103,23,EXTI1,irq,EXTI Line1 Interrupt,,#,reference,evt(ch32l103.h)
CH32L103,24,EXTI2,irq,EXTI Line2 Interrupt,,#,reference,evt(ch32l103.h)
CH32L103,25,EXTI3,irq,EXTI Line3 Interrupt,,#,reference,evt(ch32l103.h)
CH32L103,26,EXTI4,irq,EXTI Line4 Interrupt,,#,reference,evt(ch32l103.h)
CH32L103,27,DMA1_Channel1,irq,DMA1 Channel 1 global Interrupt,,#,reference,evt(ch32l103.h)
CH32L103,28,DMA1_Channel2,irq,DMA1 Channel 2 global Interrupt,,#,reference,evt(ch32l103.h)
CH32L103,29,DMA1_Channel3,irq,DMA1 Channel 3 global Interrupt,,#,reference,evt(ch32l103.h)
CH32L103,30,DMA1_Channel4,irq,DMA1 Channel 4 global Interrupt,,#,reference,evt(ch32l103.h)
CH32L103,31,DMA1_Channel5,irq,DMA1 Channel 5 global Interrupt,,#,reference,evt(ch32l103.h)
CH32L103,32,DMA1_Channel6,irq,DMA1 Channel 6 global Interrupt,,#,reference,evt(ch32l103.h)
CH32L103,33,DMA1_Channel7,irq,DMA1 Channel 7 global Interrupt,,#,reference,evt(ch32l103.h)
CH32L103,34,ADC,irq,ADC1 global Interrupt,,#,reference,evt(ch32l103.h)
CH32L103,35,USB_HP_CAN1_TX,irq,USB Device High Priority or CAN1 TX Interrupts,,#,reference,evt(ch32l103.h)
CH32L103,36,USB_LP_CAN1_RX0,irq,USB Device Low Priority or CAN1 RX0 Interrupts,,#,reference,evt(ch32l103.h)
CH32L103,38,CAN1_SCE,irq,CAN1 SCE Interrupt,,#,reference,evt(ch32l103.h)
CH32L103,39,EXTI9_5,irq,External Line[9:5] Interrupts,,#,reference,evt(ch32l103.h)
CH32L103,40,TIM1_BRK,irq,TIM1 Break Interrupt,,#,reference,evt(ch32l103.h)
CH32L103,41,TIM1_UP,irq,TIM1 Update Interrupt,,#,reference,evt(ch32l103.h)
CH32L103,42,TIM1_TRG_COM,irq,TIM1 Trigger and Commutation Interrupt,,#,reference,evt(ch32l103.h)
CH32L103,43,TIM1_CC,irq,TIM1 Capture Compare Interrupt,,#,reference,evt(ch32l103.h)
CH32L103,44,TIM2,irq,TIM2 global Interrupt,,#,reference,evt(ch32l103.h)
CH32L103,45,TIM3,irq,TIM3 global Interrupt,,#,reference,evt(ch32l103.h)
CH32L103,46,TIM4,irq,TIM4 global Interrupt,,#,reference,evt(ch32l103.h)
CH32L103,47,I2C1_EV,irq,I2C1 Event Interrupt,,#,reference,evt(ch32l103.h)
CH32L103,48,I2C1_ER,irq,I2C1 Error Interrupt,,#,reference,evt(ch32l103.h)
CH32L103,49,I2C2_EV,irq,I2C2 Event Interrupt,,#,reference,evt(ch32l103.h)
CH32L103,50,I2C2_ER,irq,I2C2 Error Interrupt,,#,reference,evt(ch32l103.h)
CH32L103,51,SPI1,irq,SPI1 global Interrupt,,#,reference,evt(ch32l103.h)
CH32L103,52,SPI2,irq,SPI2 global Interrupt,,#,reference,evt(ch32l103.h)
CH32L103,53,USART1,irq,USART1 global Interrupt,,#,reference,evt(ch32l103.h)
CH32L103,54,USART2,irq,USART2 global Interrupt,,#,reference,evt(ch32l103.h)
CH32L103,55,USART3,irq,USART3 global Interrupt,,#,reference,evt(ch32l103.h)
CH32L103,56,EXTI15_10,irq,External Line[15:10] Interrupts,,#,reference,evt(ch32l103.h)
CH32L103,57,RTCAlarm,irq,RTC Alarm through EXTI Line Interrupt,,#,reference,evt(ch32l103.h)
CH32L103,58,LPTIMWakeUp,irq,LPTIM WakeUp Interrupt,,#,reference,evt(ch32l103.h)
CH32L103,59,USBFS,irq,USBFS global Interrupt,,#,reference,evt(ch32l103.h)
CH32L103,60,USBFSWakeUp,irq,USBFS WakeUp Interrupt,,#,reference,evt(ch32l103.h)
CH32L103,61,USART4,irq,USART4 global Interrupt,,#,reference,evt(ch32l103.h)
CH32L103,62,DMA1_Channel8,irq,DMA1 Channel 8 global Interrupt,,#,reference,evt(ch32l103.h)
CH32L103,63,LPTIM,irq,LPTIM global Interrupt,,#,reference,evt(ch32l103.h)
CH32L103,64,OPA,irq,OPA global Interrupt,,#,reference,evt(ch32l103.h)
CH32L103,65,USBPD,irq,USBPD global Interrupt,,#,reference,evt(ch32l103.h)
CH32L103,67,USBPDWakeUp,irq,USBPD WakeUp Interrupt,,#,reference,evt(ch32l103.h)
CH32L103,68,CMPWakeUp,irq,CMP WakeUp Interrupt,,#,reference,evt(ch32l103.h)
CH32M030,2,NonMaskableInt,exception,Non Maskable Interrupt,,#,reference,evt(ch32m030.h)
CH32M030,3,EXC,exception,Exception Interrupt,,#,reference,evt(ch32m030.h)
CH32M030,5,Ecall_M_Mode,exception,Ecall M Mode Interrupt,,#,reference,evt(ch32m030.h)
CH32M030,8,Ecall_U_Mode,exception,Ecall U Mode Interrupt,,#,reference,evt(ch32m030.h)
CH32M030,9,Break_Point,exception,Break Point Interrupt,,#,reference,evt(ch32m030.h)
CH32M030,12,SysTick,exception,System timer Interrupt,,#,reference,evt(ch32m030.h)
CH32M030,14,Software,exception,software Interrupt,,#,reference,evt(ch32m030.h)
CH32M030,16,WWDG,irq,Window WatchDog Interrupt,,#,reference,evt(ch32m030.h)
CH32M030,17,OPA,irq,OPA global Interrupt,,#,reference,evt(ch32m030.h)
CH32M030,18,FLASH,irq,FLASH global Interrupt,,#,reference,evt(ch32m030.h)
CH32M030,19,RCC,irq,RCC global Interrupt,,#,reference,evt(ch32m030.h)
CH32M030,20,EXTI7_0,irq,External Line[7:0] Interrupts,,#,reference,evt(ch32m030.h)
CH32M030,21,AWU,irq,AWU global Interrupt,,#,reference,evt(ch32m030.h)
CH32M030,22,DMA1_Channel1,irq,DMA1 Channel 1 global Interrupt,,#,reference,evt(ch32m030.h)
CH32M030,23,DMA1_Channel2,irq,DMA1 Channel 2 global Interrupt,,#,reference,evt(ch32m030.h)
CH32M030,24,DMA1_Channel3,irq,DMA1 Channel 3 global Interrupt,,#,reference,evt(ch32m030.h)
CH32M030,25,DMA1_Channel4,irq,DMA1 Channel 4 global Interrupt,,#,reference,evt(ch32m030.h)
CH32M030,26,DMA1_Channel5,irq,DMA1 Channel 5 global Interrupt,,#,reference,evt(ch32m030.h)
CH32M030,27,DMA1_Channel6,irq,DMA1 Channel 6 global Interrupt,,#,reference,evt(ch32m030.h)
CH32M030,28,DMA1_Channel7,irq,DMA1 Channel 7 global Interrupt,,#,reference,evt(ch32m030.h)
CH32M030,29,ADC,irq,ADC1 global Interrupt,,#,reference,evt(ch32m030.h)
CH32M030,30,I2C1_EV,irq,I2C1 Event Interrupt,,#,reference,evt(ch32m030.h)
CH32M030,31,I2C1_ER,irq,I2C1 Error Interrupt,,#,reference,evt(ch32m030.h)
CH32M030,32,USART1,irq,USART1 global Interrupt,,#,reference,evt(ch32m030.h)
CH32M030,33,EXTI15_8,irq,External Line[15:8] Interrupts,,#,reference,evt(ch32m030.h)
CH32M030,34,TIM1_BRK,irq,TIM1 Break Interrupt,,#,reference,evt(ch32m030.h)
CH32M030,35,TIM1_UP,irq,TIM1 Update Interrupt,,#,reference,evt(ch32m030.h)
CH32M030,36,TIM1_TRG_COM,irq,TIM1 Trigger and Commutation Interrupt,,#,reference,evt(ch32m030.h)
CH32M030,37,TIM1_CC,irq,TIM1 Capture Compare Interrupt,,#,reference,evt(ch32m030.h)
CH32M030,38,TIM2,irq,TIM2 global Interrupt,,#,reference,evt(ch32m030.h)
CH32M030,39,USBPD0,irq,USBPD0 global Interrupt,,#,reference,evt(ch32m030.h)
CH32M030,40,USBPD0WakeUp,irq,USBPD0 WakeUp Interrupt,,#,reference,evt(ch32m030.h)
CH32M030,41,USBPD1,irq,USBPD1 global Interrupt,,#,reference,evt(ch32m030.h)
CH32M030,42,USBPD1WakeUp,irq,USBPD1 WakeUp Interrupt,,#,reference,evt(ch32m030.h)
CH32M030,43,TIM3,irq,TIM3 global Interrupt,,#,reference,evt(ch32m030.h)
CH32M030,44,SPI1,irq,SPI1 global Interrupt,,#,reference,evt(ch32m030.h)
CH32M030,45,USBFS,irq,USBFS Interrupt,,#,reference,evt(ch32m030.h)
CH32M030,46,USBFSWakeUp,irq,USBFS WakeUp from suspend through EXTI Line Interrupt,,#,reference,evt(ch32m030.h)
CH32V003,2,NonMaskableInt,exception,Non Maskable Interrupt,,#,reference,evt(ch32v00x.h)
CH32V003,3,EXC,exception,Exception Interrupt,,#,reference,evt(ch32v00x.h)
CH32V003,12,SysTick,exception,System timer Interrupt,,#,reference,evt(ch32v00x.h)
CH32V003,14,Software,exception,software Interrupt,,#,reference,evt(ch32v00x.h)
CH32V003,16,WWDG,irq,Window WatchDog Interrupt,,#,reference,evt(ch32v00x.h)
CH32V003,17,PVD,irq,PVD through EXTI Line detection Interrupt,,#,reference,evt(ch32v00x.h)
CH32V003,18,FLASH,irq,FLASH global Interrupt,,#,reference,evt(ch32v00x.h)
CH32V003,19,RCC,irq,RCC global Interrupt,,#,reference,evt(ch32v00x.h)
CH32V003,20,EXTI7_0,irq,External Line[7:0] Interrupts,,#,reference,evt(ch32v00x.h)
CH32V003,21,AWU,irq,AWU global Interrupt,,#,reference,evt(ch32v00x.h)
CH32V003,22,DMA1_Channel1,irq,DMA1 Channel 1 global Interrupt,,#,reference,evt(ch32v00x.h)
CH32V003,23,DMA1_Channel2,irq,DMA1 Channel 2 global Interrupt,,#,reference,evt(ch32v00x.h)
CH32V003,24,DMA1_Channel3,irq,DMA1 Channel 3 global Interrupt,,#,reference,evt(ch32v00x.h)
CH32V003,25,DMA1_Channel4,irq,DMA1 Channel 4 global Interrupt,,#,reference,evt(ch32v00x.h)
CH32V003,26,DMA1_Channel5,irq,DMA1 Channel 5 global Interrupt,,#,reference,evt(ch32v00x.h)
CH32V003,27,DMA1_Channel6,irq,DMA1 Channel 6 global Interrupt,,#,reference,evt(ch32v00x.h)
CH32V003,28,DMA1_Channel7,irq,DMA1 Channel 7 global Interrupt,,#,reference,evt(ch32v00x.h)
CH32V003,29,ADC,irq,ADC global Interrupt,,#,reference,evt(ch32v00x.h)
CH32V003,30,I2C1_EV,irq,I2C1 Event Interrupt,,#,reference,evt(ch32v00x.h)
CH32V003,31,I2C1_ER,irq,I2C1 Error Interrupt,,#,reference,evt(ch32v00x.h)
CH32V003,32,USART1,irq,USART1 global Interrupt,,#,reference,evt(ch32v00x.h)
CH32V003,33,SPI1,irq,SPI1 global Interrupt,,#,reference,evt(ch32v00x.h)
CH32V003,34,TIM1_BRK,irq,TIM1 Break Interrupt,,#,reference,evt(ch32v00x.h)
CH32V003,35,TIM1_UP,irq,TIM1 Update Interrupt,,#,reference,evt(ch32v00x.h)
CH32V003,36,TIM1_TRG_COM,irq,TIM1 Trigger and Commutation Interrupt,,#,reference,evt(ch32v00x.h)
CH32V003,37,TIM1_CC,irq,TIM1 Capture Compare Interrupt,,#,reference,evt(ch32v00x.h)
CH32V003,38,TIM2,irq,TIM2 global Interrupt,,#,reference,evt(ch32v00x.h)
CH32V006,2,NonMaskableInt,exception,Non Maskable Interrupt,,#,reference,evt(ch32v00X.h)
CH32V006,3,HardFault,exception,HardFault Interrupt,,#,reference,evt(ch32v00X.h)
CH32V006,12,SysTick,exception,System timer Interrupt,,#,reference,evt(ch32v00X.h)
CH32V006,14,Software,exception,software Interrupt,,#,reference,evt(ch32v00X.h)
CH32V006,16,WWDG,irq,Window WatchDog Interrupt,,#,reference,evt(ch32v00X.h)
CH32V006,17,PVD,irq,PVD through EXTI Line detection Interrupt,,#,reference,evt(ch32v00X.h)
CH32V006,18,FLASH,irq,FLASH global Interrupt,,#,reference,evt(ch32v00X.h)
CH32V006,19,RCC,irq,RCC global Interrupt,,#,reference,evt(ch32v00X.h)
CH32V006,20,EXTI7_0,irq,External Line[7:0] Interrupts,,#,reference,evt(ch32v00X.h)
CH32V006,21,AWU,irq,AWU global Interrupt,,#,reference,evt(ch32v00X.h)
CH32V006,22,DMA1_Channel1,irq,DMA1 Channel 1 global Interrupt,,#,reference,evt(ch32v00X.h)
CH32V006,23,DMA1_Channel2,irq,DMA1 Channel 2 global Interrupt,,#,reference,evt(ch32v00X.h)
CH32V006,24,DMA1_Channel3,irq,DMA1 Channel 3 global Interrupt,,#,reference,evt(ch32v00X.h)
CH32V006,25,DMA1_Channel4,irq,DMA1 Channel 4 global Interrupt,,#,reference,evt(ch32v00X.h)
CH32V006,26,DMA1_Channel5,irq,DMA1 Channel 5 global Interrupt,,#,reference,evt(ch32v00X.h)
CH32V006,27,DMA1_Channel6,irq,DMA1 Channel 6 global Interrupt,,#,reference,evt(ch32v00X.h)
CH32V006,28,DMA1_Channel7,irq,DMA1 Channel 7 global Interrupt,,#,reference,evt(ch32v00X.h)
CH32V006,29,ADC,irq,ADC global Interrupt,,#,reference,evt(ch32v00X.h)
CH32V006,30,I2C1_EV,irq,I2C1 Event Interrupt,,#,reference,evt(ch32v00X.h)
CH32V006,31,I2C1_ER,irq,I2C1 Error Interrupt,,#,reference,evt(ch32v00X.h)
CH32V006,32,USART1,irq,USART1 global Interrupt,,#,reference,evt(ch32v00X.h)
CH32V006,33,SPI1,irq,SPI1 global Interrupt,,#,reference,evt(ch32v00X.h)
CH32V006,34,TIM1_BRK,irq,TIM1 Break Interrupt,,#,reference,evt(ch32v00X.h)
CH32V006,35,TIM1_UP,irq,TIM1 Update Interrupt,,#,reference,evt(ch32v00X.h)
CH32V006,36,TIM1_TRG_COM,irq,TIM1 Trigger and Commutation Interrupt,,#,reference,evt(ch32v00X.h)
CH32V006,37,TIM1_CC,irq,TIM1 Capture Compare Interrupt,,#,reference,evt(ch32v00X.h)
CH32V006,38,TIM2,irq,TIM2 global Interrupt,,#,reference,evt(ch32v00X.h)
CH32V006,39,USART2,irq,USART2 global Interrupt,CH32V005,#,reference,evt(ch32v00X.h)
CH32V006,40,OPCM,irq,OPCM global Interrupt,CH32V005,#,reference,evt(ch32v00X.h)
CH32V103,2,NonMaskableInt,exception,Non Maskable Interrupt,,#,reference,evt(ch32v10x.h)
CH32V103,3,EXC,exception,4 Exception Interrupt,,#,reference,evt(ch32v10x.h)
CH32V103,12,SysTick,exception,System timer Interrupt,,#,reference,evt(ch32v10x.h)
CH32V103,14,Software,exception,software Interrupt,,#,reference,evt(ch32v10x.h)
CH32V103,16,WWDG,irq,Window WatchDog Interrupt,,#,reference,evt(ch32v10x.h)
CH32V103,17,PVD,irq,PVD through EXTI Line detection Interrupt,,#,reference,evt(ch32v10x.h)
CH32V103,18,TAMPER,irq,Tamper Interrupt,,#,reference,evt(ch32v10x.h)
CH32V103,19,RTC,irq,RTC global Interrupt,,#,reference,evt(ch32v10x.h)
CH32V103,20,FLASH,irq,FLASH global Interrupt,,#,reference,evt(ch32v10x.h)
CH32V103,21,RCC,irq,RCC global Interrupt,,#,reference,evt(ch32v10x.h)
CH32V103,22,EXTI0,irq,EXTI Line0 Interrupt,,#,reference,evt(ch32v10x.h)
CH32V103,23,EXTI1,irq,EXTI Line1 Interrupt,,#,reference,evt(ch32v10x.h)
CH32V103,24,EXTI2,irq,EXTI Line2 Interrupt,,#,reference,evt(ch32v10x.h)
CH32V103,25,EXTI3,irq,EXTI Line3 Interrupt,,#,reference,evt(ch32v10x.h)
CH32V103,26,EXTI4,irq,EXTI Line4 Interrupt,,#,reference,evt(ch32v10x.h)
CH32V103,27,DMA1_Channel1,irq,DMA1 Channel 1 global Interrupt,,#,reference,evt(ch32v10x.h)
CH32V103,28,DMA1_Channel2,irq,DMA1 Channel 2 global Interrupt,,#,reference,evt(ch32v10x.h)
CH32V103,29,DMA1_Channel3,irq,DMA1 Channel 3 global Interrupt,,#,reference,evt(ch32v10x.h)
CH32V103,30,DMA1_Channel4,irq,DMA1 Channel 4 global Interrupt,,#,reference,evt(ch32v10x.h)
CH32V103,31,DMA1_Channel5,irq,DMA1 Channel 5 global Interrupt,,#,reference,evt(ch32v10x.h)
CH32V103,32,DMA1_Channel6,irq,DMA1 Channel 6 global Interrupt,,#,reference,evt(ch32v10x.h)
CH32V103,33,DMA1_Channel7,irq,DMA1 Channel 7 global Interrupt,,#,reference,evt(ch32v10x.h)
CH32V103,34,ADC,irq,ADC1 global Interrupt,,#,reference,evt(ch32v10x.h)
CH32V103,39,EXTI9_5,irq,External Line[9:5] Interrupts,,#,reference,evt(ch32v10x.h)
CH32V103,40,TIM1_BRK,irq,TIM1 Break Interrupt,,#,reference,evt(ch32v10x.h)
CH32V103,41,TIM1_UP,irq,TIM1 Update Interrupt,,#,reference,evt(ch32v10x.h)
CH32V103,42,TIM1_TRG_COM,irq,TIM1 Trigger and Commutation Interrupt,,#,reference,evt(ch32v10x.h)
CH32V103,43,TIM1_CC,irq,TIM1 Capture Compare Interrupt,,#,reference,evt(ch32v10x.h)
CH32V103,44,TIM2,irq,TIM2 global Interrupt,,#,reference,evt(ch32v10x.h)
CH32V103,45,TIM3,irq,TIM3 global Interrupt,,#,reference,evt(ch32v10x.h)
CH32V103,46,TIM4,irq,TIM4 global Interrupt,,#,reference,evt(ch32v10x.h)
CH32V103,47,I2C1_EV,irq,I2C1 Event Interrupt,,#,reference,evt(ch32v10x.h)
CH32V103,48,I2C1_ER,irq,I2C1 Error Interrupt,,#,reference,evt(ch32v10x.h)
CH32V103,49,I2C2_EV,irq,I2C2 Event Interrupt,,#,reference,evt(ch32v10x.h)
CH32V103,50,I2C2_ER,irq,I2C2 Error Interrupt,,#,reference,evt(ch32v10x.h)
CH32V103,51,SPI1,irq,SPI1 global Interrupt,,#,reference,evt(ch32v10x.h)
CH32V103,52,SPI2,irq,SPI2 global Interrupt,,#,reference,evt(ch32v10x.h)
CH32V103,53,USART1,irq,USART1 global Interrupt,,#,reference,evt(ch32v10x.h)
CH32V103,54,USART2,irq,USART2 global Interrupt,,#,reference,evt(ch32v10x.h)
CH32V103,55,USART3,irq,USART3 global Interrupt,,#,reference,evt(ch32v10x.h)
CH32V103,56,EXTI15_10,irq,External Line[15:10] Interrupts,,#,reference,evt(ch32v10x.h)
CH32V103,57,RTCAlarm,irq,RTC Alarm through EXTI Line Interrupt,,#,reference,evt(ch32v10x.h)
CH32V103,58,USBWakeUp,irq,USB WakeUp from suspend through EXTI Line Interrupt,,#,reference,evt(ch32v10x.h)
CH32V103,59,USBFS,irq,USBFS Interrupt,,#,reference,evt(ch32v10x.h)
CH32V205,2,NonMaskableInt,exception,Non Maskable Interrupt,,#,reference,evt(ch32v205.h)
CH32V205,3,EXC,exception,Exception Interrupt,,#,reference,evt(ch32v205.h)
CH32V205,5,Ecall_M_Mode,exception,Ecall M Mode Interrupt,,#,reference,evt(ch32v205.h)
CH32V205,8,Ecall_U_Mode,exception,Ecall U Mode Interrupt,,#,reference,evt(ch32v205.h)
CH32V205,9,Break_Point,exception,Break Point Interrupt,,#,reference,evt(ch32v205.h)
CH32V205,12,SysTick,exception,System timer Interrupt,,#,reference,evt(ch32v205.h)
CH32V205,14,Software,exception,Software Interrupt,,#,reference,evt(ch32v205.h)
CH32V205,16,WWDG,irq,Window WatchDog Interrupt,,#,reference,evt(ch32v205.h)
CH32V205,17,PVD,irq,PVD through EXTI Line detection Interrupt,,#,reference,evt(ch32v205.h)
CH32V205,18,TAMPER,irq,Tamper Interrupt,,#,reference,evt(ch32v205.h)
CH32V205,19,RTC,irq,RTC global Interrupt,,#,reference,evt(ch32v205.h)
CH32V205,20,FLASH,irq,FLASH global Interrupt,,#,reference,evt(ch32v205.h)
CH32V205,21,RCC,irq,RCC global Interrupt,,#,reference,evt(ch32v205.h)
CH32V205,22,EXTI0,irq,EXTI Line0 Interrupt,,#,reference,evt(ch32v205.h)
CH32V205,23,EXTI1,irq,EXTI Line1 Interrupt,,#,reference,evt(ch32v205.h)
CH32V205,24,EXTI2,irq,EXTI Line2 Interrupt,,#,reference,evt(ch32v205.h)
CH32V205,25,EXTI3,irq,EXTI Line3 Interrupt,,#,reference,evt(ch32v205.h)
CH32V205,26,EXTI4,irq,EXTI Line4 Interrupt,,#,reference,evt(ch32v205.h)
CH32V205,27,DMA1_Channel1,irq,DMA1 Channel 1 global Interrupt,,#,reference,evt(ch32v205.h)
CH32V205,28,DMA1_Channel2,irq,DMA1 Channel 2 global Interrupt,,#,reference,evt(ch32v205.h)
CH32V205,29,DMA1_Channel3,irq,DMA1 Channel 3 global Interrupt,,#,reference,evt(ch32v205.h)
CH32V205,30,DMA1_Channel4,irq,DMA1 Channel 4 global Interrupt,,#,reference,evt(ch32v205.h)
CH32V205,31,DMA1_Channel5,irq,DMA1 Channel 5 global Interrupt,,#,reference,evt(ch32v205.h)
CH32V205,32,DMA1_Channel6,irq,DMA1 Channel 6 global Interrupt,,#,reference,evt(ch32v205.h)
CH32V205,33,DMA1_Channel7,irq,DMA1 Channel 7 global Interrupt,,#,reference,evt(ch32v205.h)
CH32V205,34,ADC,irq,ADC1 global Interrupt,,#,reference,evt(ch32v205.h)
CH32V205,35,USB_HP_CAN1_TX,irq,USB Device High Priority or CAN1 TX Interrupts,,#,reference,evt(ch32v205.h)
CH32V205,36,USB_LP_CAN1_RX0,irq,USB Device Low Priority or CAN1 RX0 Interrupts,,#,reference,evt(ch32v205.h)
CH32V205,37,CAN1_RX1,irq,CAN1 RX1 Interrupt,,#,reference,evt(ch32v205.h)
CH32V205,38,CAN1_SCE,irq,CAN1 SCE Interrupt,,#,reference,evt(ch32v205.h)
CH32V205,39,EXTI9_5,irq,External Line[9:5] Interrupts,,#,reference,evt(ch32v205.h)
CH32V205,40,TIM1_BRK,irq,TIM1 Break Interrupt,,#,reference,evt(ch32v205.h)
CH32V205,41,TIM1_UP,irq,TIM1 Update Interrupt,,#,reference,evt(ch32v205.h)
CH32V205,42,TIM1_TRG_COM,irq,TIM1 Trigger and Commutation Interrupt,,#,reference,evt(ch32v205.h)
CH32V205,43,TIM1_CC,irq,TIM1 Capture Compare Interrupt,,#,reference,evt(ch32v205.h)
CH32V205,44,TIM2,irq,TIM2 global Interrupt,,#,reference,evt(ch32v205.h)
CH32V205,45,TIM3,irq,TIM3 global Interrupt,,#,reference,evt(ch32v205.h)
CH32V205,46,TIM4,irq,TIM4 global Interrupt,,#,reference,evt(ch32v205.h)
CH32V205,47,I2C1_EV,irq,I2C1 Event Interrupt,,#,reference,evt(ch32v205.h)
CH32V205,48,I2C1_ER,irq,I2C1 Error Interrupt,,#,reference,evt(ch32v205.h)
CH32V205,49,I2C2_EV,irq,I2C2 Event Interrupt,,#,reference,evt(ch32v205.h)
CH32V205,50,I2C2_ER,irq,I2C2 Error Interrupt,,#,reference,evt(ch32v205.h)
CH32V205,51,SPI1,irq,SPI1 global Interrupt,,#,reference,evt(ch32v205.h)
CH32V205,52,SPI2,irq,SPI2 global Interrupt,,#,reference,evt(ch32v205.h)
CH32V205,53,USART1,irq,USART1 global Interrupt,,#,reference,evt(ch32v205.h)
CH32V205,54,USART2,irq,USART2 global Interrupt,,#,reference,evt(ch32v205.h)
CH32V205,55,USART3,irq,USART3 global Interrupt,,#,reference,evt(ch32v205.h)
CH32V205,56,EXTI15_10,irq,External Line[15:10] Interrupts,,#,reference,evt(ch32v205.h)
CH32V205,57,RTCAlarm,irq,RTC Alarm through EXTI Line Interrupt,,#,reference,evt(ch32v205.h)
CH32V205,58,QSPI1,irq,QSPI1 Interrupt,,#,reference,evt(ch32v205.h)
CH32V205,59,USBFS,irq,USBFS global Interrupt,,#,reference,evt(ch32v205.h)
CH32V205,60,USBFSWakeUp,irq,USBFS WakeUp Interrupt,,#,reference,evt(ch32v205.h)
CH32V205,61,USART4,irq,USART4 global Interrupt,,#,reference,evt(ch32v205.h)
CH32V205,62,DMA1_Channel8,irq,DMA1 Channel 8 global Interrupt,,#,reference,evt(ch32v205.h)
CH32V205,63,PIOC,irq,PIOC global Interrupt,,#,reference,evt(ch32v205.h)
CH32V205,64,OPA,irq,OPA global Interrupt,,#,reference,evt(ch32v205.h)
CH32V205,65,USBPD,irq,USBPD global Interrupt,,#,reference,evt(ch32v205.h)
CH32V205,67,USBPDWakeUp,irq,USBPD WakeUp Interrupt,,#,reference,evt(ch32v205.h)
CH32V205,68,CMPWakeUp,irq,CMP WakeUp Interrupt,,#,reference,evt(ch32v205.h)
CH32V205,69,USBHS,irq,USBHS global Interrupt,,#,reference,evt(ch32v205.h)
CH32V205,70,LVDS,irq,LVDS global Interrupt,,#,reference,evt(ch32v205.h)
CH32V205,71,USBHSWakeup,irq,USBHS WakeUp Interrupt,,#,reference,evt(ch32v205.h)
CH32V205,72,LVDSWakeup,irq,LVDS WakeUp Interrupt,,#,reference,evt(ch32v205.h)
CH32V205,73,USART5,irq,USART5 global Interrupt,,#,reference,evt(ch32v205.h)
CH32V205,74,USART6,irq,USART6 global Interrupt,,#,reference,evt(ch32v205.h)
CH32V205,75,USART7,irq,USART7 global Interrupt,,#,reference,evt(ch32v205.h)
CH32V205,76,USART8,irq,USART8 global Interrupt,,#,reference,evt(ch32v205.h)
CH32V205,77,DMA2_Channel1,irq,DMA2 Channel 1 global Interrupt,,#,reference,evt(ch32v205.h)
CH32V205,78,DMA2_Channel2,irq,DMA2 Channel 2 global Interrupt,,#,reference,evt(ch32v205.h)
CH32V205,79,DMA2_Channel3,irq,DMA2 Channel 3 global Interrupt,,#,reference,evt(ch32v205.h)
CH32V205,80,DMA2_Channel4,irq,DMA2 Channel 4 global Interrupt,,#,reference,evt(ch32v205.h)
CH32V205,81,DMA2_Channel5,irq,DMA2 Channel 5 global Interrupt,,#,reference,evt(ch32v205.h)
CH32V205,82,DMA2_Channel6,irq,DMA2 Channel 6 global Interrupt,,#,reference,evt(ch32v205.h)
CH32V205,83,DMA2_Channel7,irq,DMA2 Channel 7 global Interrupt,,#,reference,evt(ch32v205.h)
CH32V205,84,DMA2_Channel8,irq,DMA2 Channel 8 global Interrupt,,#,reference,evt(ch32v205.h)
CH32V20x,2,NonMaskableInt,exception,Non Maskable Interrupt,,#,reference,evt(ch32v20x.h)
CH32V20x,3,EXC,exception,Exception Interrupt,,#,reference,evt(ch32v20x.h)
CH32V20x,5,Ecall_M_Mode,exception,Ecall M Mode Interrupt,,#,reference,evt(ch32v20x.h)
CH32V20x,8,Ecall_U_Mode,exception,Ecall U Mode Interrupt,,#,reference,evt(ch32v20x.h)
CH32V20x,9,Break_Point,exception,Break Point Interrupt,,#,reference,evt(ch32v20x.h)
CH32V20x,12,SysTick,exception,System timer Interrupt,,#,reference,evt(ch32v20x.h)
CH32V20x,14,Software,exception,software Interrupt,,#,reference,evt(ch32v20x.h)
CH32V20x,16,WWDG,irq,Window WatchDog Interrupt,,#,reference,evt(ch32v20x.h)
CH32V20x,17,PVD,irq,PVD through EXTI Line detection Interrupt,,#,reference,evt(ch32v20x.h)
CH32V20x,18,TAMPER,irq,Tamper Interrupt,,#,reference,evt(ch32v20x.h)
CH32V20x,19,RTC,irq,RTC global Interrupt,,#,reference,evt(ch32v20x.h)
CH32V20x,20,FLASH,irq,FLASH global Interrupt,,#,reference,evt(ch32v20x.h)
CH32V20x,21,RCC,irq,RCC global Interrupt,,#,reference,evt(ch32v20x.h)
CH32V20x,22,EXTI0,irq,EXTI Line0 Interrupt,,#,reference,evt(ch32v20x.h)
CH32V20x,23,EXTI1,irq,EXTI Line1 Interrupt,,#,reference,evt(ch32v20x.h)
CH32V20x,24,EXTI2,irq,EXTI Line2 Interrupt,,#,reference,evt(ch32v20x.h)
CH32V20x,25,EXTI3,irq,EXTI Line3 Interrupt,,#,reference,evt(ch32v20x.h)
CH32V20x,26,EXTI4,irq,EXTI Line4 Interrupt,,#,reference,evt(ch32v20x.h)
CH32V20x,27,DMA1_Channel1,irq,DMA1 Channel 1 global Interrupt,,#,reference,evt(ch32v20x.h)
CH32V20x,28,DMA1_Channel2,irq,DMA1 Channel 2 global Interrupt,,#,reference,evt(ch32v20x.h)
CH32V20x,29,DMA1_Channel3,irq,DMA1 Channel 3 global Interrupt,,#,reference,evt(ch32v20x.h)
CH32V20x,30,DMA1_Channel4,irq,DMA1 Channel 4 global Interrupt,,#,reference,evt(ch32v20x.h)
CH32V20x,31,DMA1_Channel5,irq,DMA1 Channel 5 global Interrupt,,#,reference,evt(ch32v20x.h)
CH32V20x,32,DMA1_Channel6,irq,DMA1 Channel 6 global Interrupt,,#,reference,evt(ch32v20x.h)
CH32V20x,33,DMA1_Channel7,irq,DMA1 Channel 7 global Interrupt,,#,reference,evt(ch32v20x.h)
CH32V20x,34,ADC,irq,ADC1 and ADC2 global Interrupt,,#,reference,evt(ch32v20x.h)
CH32V20x,35,USB_HP_CAN1_TX,irq,USB Device High Priority or CAN1 TX Interrupts,,#,reference,evt(ch32v20x.h)
CH32V20x,36,USB_LP_CAN1_RX0,irq,USB Device Low Priority or CAN1 RX0 Interrupts,,#,reference,evt(ch32v20x.h)
CH32V20x,37,CAN1_RX1,irq,CAN1 RX1 Interrupt,,#,reference,evt(ch32v20x.h)
CH32V20x,38,CAN1_SCE,irq,CAN1 SCE Interrupt,,#,reference,evt(ch32v20x.h)
CH32V20x,39,EXTI9_5,irq,External Line[9:5] Interrupts,,#,reference,evt(ch32v20x.h)
CH32V20x,40,TIM1_BRK,irq,TIM1 Break Interrupt,,#,reference,evt(ch32v20x.h)
CH32V20x,41,TIM1_UP,irq,TIM1 Update Interrupt,,#,reference,evt(ch32v20x.h)
CH32V20x,42,TIM1_TRG_COM,irq,TIM1 Trigger and Commutation Interrupt,,#,reference,evt(ch32v20x.h)
CH32V20x,43,TIM1_CC,irq,TIM1 Capture Compare Interrupt,,#,reference,evt(ch32v20x.h)
CH32V20x,44,TIM2,irq,TIM2 global Interrupt,,#,reference,evt(ch32v20x.h)
CH32V20x,45,TIM3,irq,TIM3 global Interrupt,,#,reference,evt(ch32v20x.h)
CH32V20x,46,TIM4,irq,TIM4 global Interrupt,,#,reference,evt(ch32v20x.h)
CH32V20x,47,I2C1_EV,irq,I2C1 Event Interrupt,,#,reference,evt(ch32v20x.h)
CH32V20x,48,I2C1_ER,irq,I2C1 Error Interrupt,,#,reference,evt(ch32v20x.h)
CH32V20x,49,I2C2_EV,irq,I2C2 Event Interrupt,,#,reference,evt(ch32v20x.h)
CH32V20x,50,I2C2_ER,irq,I2C2 Error Interrupt,,#,reference,evt(ch32v20x.h)
CH32V20x,51,SPI1,irq,SPI1 global Interrupt,,#,reference,evt(ch32v20x.h)
CH32V20x,52,SPI2,irq,SPI2 global Interrupt,,#,reference,evt(ch32v20x.h)
CH32V20x,53,USART1,irq,USART1 global Interrupt,,#,reference,evt(ch32v20x.h)
CH32V20x,54,USART2,irq,USART2 global Interrupt,,#,reference,evt(ch32v20x.h)
CH32V20x,55,USART3,irq,USART3 global Interrupt,,#,reference,evt(ch32v20x.h)
CH32V20x,56,EXTI15_10,irq,External Line[15:10] Interrupts,,#,reference,evt(ch32v20x.h)
CH32V20x,57,RTCAlarm,irq,RTC Alarm through EXTI Line Interrupt,,#,reference,evt(ch32v20x.h)
CH32V20x,58,USBWakeUp,irq,USB Device WakeUp from suspend through EXTI Line Interrupt,,#,reference,evt(ch32v20x.h)
CH32V20x,59,USBFS,irq,USBFS global Interrupt,,#,reference,evt(ch32v20x.h)
CH32V20x,60,USBFSWakeUp,irq,USB Host/Device WakeUp Interrupt,,#,reference,evt(ch32v20x.h)
CH32V20x,61,UART4,irq,UART4 global Interrupt,CH32V20x_D6,#,reference,evt(ch32v20x.h)
CH32V20x,61,ETH,irq,ETH global Interrupt,CH32V20x_D8,#,reference,evt(ch32v20x.h)
CH32V20x,61,ETH,irq,ETH global Interrupt,CH32V20x_D8W,#,reference,evt(ch32v20x.h)
CH32V20x,62,DMA1_Channel8,irq,DMA1 Channel 8 global Interrupt,CH32V20x_D6,#,reference,evt(ch32v20x.h)
CH32V20x,62,ETHWakeUp,irq,ETH WakeUp Interrupt,CH32V20x_D8,#,reference,evt(ch32v20x.h)
CH32V20x,62,ETHWakeUp,irq,ETH WakeUp Interrupt,CH32V20x_D8W,#,reference,evt(ch32v20x.h)
CH32V20x,63,BB,irq,BLE BB global Interrupt,CH32V20x_D8W,#,reference,evt(ch32v20x.h)
CH32V20x,64,LLE,irq,BLE LLE global Interrupt,CH32V20x_D8W,#,reference,evt(ch32v20x.h)
CH32V20x,65,TIM5,irq,TIM5 global Interrupt,CH32V20x_D8,#,reference,evt(ch32v20x.h)
CH32V20x,65,TIM5,irq,TIM5 global Interrupt,CH32V20x_D8W,#,reference,evt(ch32v20x.h)
CH32V20x,66,UART4,irq,UART4 global Interrupt,CH32V20x_D8,#,reference,evt(ch32v20x.h)
CH32V20x,66,UART4,irq,UART4 global Interrupt,CH32V20x_D8W,#,reference,evt(ch32v20x.h)
CH32V20x,67,DMA1_Channel8,irq,DMA1 Channel 8 global Interrupt,CH32V20x_D8,#,reference,evt(ch32v20x.h)
CH32V20x,67,DMA1_Channel8,irq,DMA1 Channel 8 global Interrupt,CH32V20x_D8W,#,reference,evt(ch32v20x.h)
CH32V20x,68,OSC32KCal,irq,OSC32K global Interrupt,CH32V20x_D8,#,reference,evt(ch32v20x.h)
CH32V20x,68,OSC32KCal,irq,OSC32K global Interrupt,CH32V20x_D8W,#,reference,evt(ch32v20x.h)
CH32V20x,69,OSCWakeUp,irq,OSC32K WakeUp Interrupt,CH32V20x_D8,#,reference,evt(ch32v20x.h)
CH32V20x,69,OSCWakeUp,irq,OSC32K WakeUp Interrupt,CH32V20x_D8W,#,reference,evt(ch32v20x.h)
CH32V307,2,NonMaskableInt,exception,Non Maskable Interrupt,,#,reference,evt(ch32v30x.h)
CH32V307,3,EXC,exception,Exception Interrupt,,#,reference,evt(ch32v30x.h)
CH32V307,5,Ecall_M_Mode,exception,Ecall M Mode Interrupt,,#,reference,evt(ch32v30x.h)
CH32V307,8,Ecall_U_Mode,exception,Ecall U Mode Interrupt,,#,reference,evt(ch32v30x.h)
CH32V307,9,Break_Point,exception,Break Point Interrupt,,#,reference,evt(ch32v30x.h)
CH32V307,12,SysTick,exception,System timer Interrupt,,#,reference,evt(ch32v30x.h)
CH32V307,14,Software,exception,software Interrupt,,#,reference,evt(ch32v30x.h)
CH32V307,16,WWDG,irq,Window WatchDog Interrupt,,#,reference,evt(ch32v30x.h)
CH32V307,17,PVD,irq,PVD through EXTI Line detection Interrupt,,#,reference,evt(ch32v30x.h)
CH32V307,18,TAMPER,irq,Tamper Interrupt,,#,reference,evt(ch32v30x.h)
CH32V307,19,RTC,irq,RTC global Interrupt,,#,reference,evt(ch32v30x.h)
CH32V307,20,FLASH,irq,FLASH global Interrupt,,#,reference,evt(ch32v30x.h)
CH32V307,21,RCC,irq,RCC global Interrupt,,#,reference,evt(ch32v30x.h)
CH32V307,22,EXTI0,irq,EXTI Line0 Interrupt,,#,reference,evt(ch32v30x.h)
CH32V307,23,EXTI1,irq,EXTI Line1 Interrupt,,#,reference,evt(ch32v30x.h)
CH32V307,24,EXTI2,irq,EXTI Line2 Interrupt,,#,reference,evt(ch32v30x.h)
CH32V307,25,EXTI3,irq,EXTI Line3 Interrupt,,#,reference,evt(ch32v30x.h)
CH32V307,26,EXTI4,irq,EXTI Line4 Interrupt,,#,reference,evt(ch32v30x.h)
CH32V307,27,DMA1_Channel1,irq,DMA1 Channel 1 global Interrupt,,#,reference,evt(ch32v30x.h)
CH32V307,28,DMA1_Channel2,irq,DMA1 Channel 2 global Interrupt,,#,reference,evt(ch32v30x.h)
CH32V307,29,DMA1_Channel3,irq,DMA1 Channel 3 global Interrupt,,#,reference,evt(ch32v30x.h)
CH32V307,30,DMA1_Channel4,irq,DMA1 Channel 4 global Interrupt,,#,reference,evt(ch32v30x.h)
CH32V307,31,DMA1_Channel5,irq,DMA1 Channel 5 global Interrupt,,#,reference,evt(ch32v30x.h)
CH32V307,32,DMA1_Channel6,irq,DMA1 Channel 6 global Interrupt,,#,reference,evt(ch32v30x.h)
CH32V307,33,DMA1_Channel7,irq,DMA1 Channel 7 global Interrupt,,#,reference,evt(ch32v30x.h)
CH32V307,34,ADC,irq,ADC1 and ADC2 global Interrupt,,#,reference,evt(ch32v30x.h)
CH32V307,35,USB_HP_CAN1_TX,irq,USB Device High Priority or CAN1 TX Interrupts,,#,reference,evt(ch32v30x.h)
CH32V307,36,USB_LP_CAN1_RX0,irq,USB Device Low Priority or CAN1 RX0 Interrupts,,#,reference,evt(ch32v30x.h)
CH32V307,37,CAN1_RX1,irq,CAN1 RX1 Interrupt,,#,reference,evt(ch32v30x.h)
CH32V307,38,CAN1_SCE,irq,CAN1 SCE Interrupt,,#,reference,evt(ch32v30x.h)
CH32V307,39,EXTI9_5,irq,External Line[9:5] Interrupts,,#,reference,evt(ch32v30x.h)
CH32V307,40,TIM1_BRK,irq,TIM1 Break Interrupt,,#,reference,evt(ch32v30x.h)
CH32V307,41,TIM1_UP,irq,TIM1 Update Interrupt,,#,reference,evt(ch32v30x.h)
CH32V307,42,TIM1_TRG_COM,irq,TIM1 Trigger and Commutation Interrupt,,#,reference,evt(ch32v30x.h)
CH32V307,43,TIM1_CC,irq,TIM1 Capture Compare Interrupt,,#,reference,evt(ch32v30x.h)
CH32V307,44,TIM2,irq,TIM2 global Interrupt,,#,reference,evt(ch32v30x.h)
CH32V307,45,TIM3,irq,TIM3 global Interrupt,,#,reference,evt(ch32v30x.h)
CH32V307,46,TIM4,irq,TIM4 global Interrupt,,#,reference,evt(ch32v30x.h)
CH32V307,47,I2C1_EV,irq,I2C1 Event Interrupt,,#,reference,evt(ch32v30x.h)
CH32V307,48,I2C1_ER,irq,I2C1 Error Interrupt,,#,reference,evt(ch32v30x.h)
CH32V307,49,I2C2_EV,irq,I2C2 Event Interrupt,,#,reference,evt(ch32v30x.h)
CH32V307,50,I2C2_ER,irq,I2C2 Error Interrupt,,#,reference,evt(ch32v30x.h)
CH32V307,51,SPI1,irq,SPI1 global Interrupt,,#,reference,evt(ch32v30x.h)
CH32V307,52,SPI2,irq,SPI2 global Interrupt,,#,reference,evt(ch32v30x.h)
CH32V307,53,USART1,irq,USART1 global Interrupt,,#,reference,evt(ch32v30x.h)
CH32V307,54,USART2,irq,USART2 global Interrupt,,#,reference,evt(ch32v30x.h)
CH32V307,55,USART3,irq,USART3 global Interrupt,,#,reference,evt(ch32v30x.h)
CH32V307,56,EXTI15_10,irq,External Line[15:10] Interrupts,,#,reference,evt(ch32v30x.h)
CH32V307,57,RTCAlarm,irq,RTC Alarm through EXTI Line Interrupt,,#,reference,evt(ch32v30x.h)
CH32V307,58,USBWakeUp,irq,USB Device WakeUp from suspend through EXTI Line Interrupt,CH32V30x_D8C,#,reference,evt(ch32v30x.h)
CH32V307,59,TIM8_BRK,irq,TIM8 Break Interrupt,CH32V30x_D8,#,reference,evt(ch32v30x.h)
CH32V307,59,TIM8_BRK,irq,TIM8 Break Interrupt,CH32V30x_D8C,#,reference,evt(ch32v30x.h)
CH32V307,60,TIM8_UP,irq,TIM8 Update Interrupt,CH32V30x_D8,#,reference,evt(ch32v30x.h)
CH32V307,60,TIM8_UP,irq,TIM8 Update Interrupt,CH32V30x_D8C,#,reference,evt(ch32v30x.h)
CH32V307,61,TIM8_TRG_COM,irq,TIM8 Trigger and Commutation Interrupt,CH32V30x_D8,#,reference,evt(ch32v30x.h)
CH32V307,61,TIM8_TRG_COM,irq,TIM8 Trigger and Commutation Interrupt,CH32V30x_D8C,#,reference,evt(ch32v30x.h)
CH32V307,62,TIM8_CC,irq,TIM8 Capture Compare Interrupt,CH32V30x_D8,#,reference,evt(ch32v30x.h)
CH32V307,62,TIM8_CC,irq,TIM8 Capture Compare Interrupt,CH32V30x_D8C,#,reference,evt(ch32v30x.h)
CH32V307,63,RNG,irq,RNG global Interrupt,CH32V30x_D8,#,reference,evt(ch32v30x.h)
CH32V307,63,RNG,irq,RNG global Interrupt,CH32V30x_D8C,#,reference,evt(ch32v30x.h)
CH32V307,65,SDIO,irq,SDIO global Interrupt,CH32V30x_D8,#,reference,evt(ch32v30x.h)
CH32V307,65,SDIO,irq,SDIO global Interrupt,CH32V30x_D8C,#,reference,evt(ch32v30x.h)
CH32V307,66,TIM5,irq,TIM5 global Interrupt,CH32V30x_D8,#,reference,evt(ch32v30x.h)
CH32V307,66,TIM5,irq,TIM5 global Interrupt,CH32V30x_D8C,#,reference,evt(ch32v30x.h)
CH32V307,67,SPI3,irq,SPI3 global Interrupt,CH32V30x_D8,#,reference,evt(ch32v30x.h)
CH32V307,67,SPI3,irq,SPI3 global Interrupt,CH32V30x_D8C,#,reference,evt(ch32v30x.h)
CH32V307,68,UART4,irq,UART4 global Interrupt,CH32V30x_D8,#,reference,evt(ch32v30x.h)
CH32V307,68,UART4,irq,UART4 global Interrupt,CH32V30x_D8C,#,reference,evt(ch32v30x.h)
CH32V307,69,UART5,irq,UART5 global Interrupt,CH32V30x_D8,#,reference,evt(ch32v30x.h)
CH32V307,69,UART5,irq,UART5 global Interrupt,CH32V30x_D8C,#,reference,evt(ch32v30x.h)
CH32V307,70,TIM6,irq,TIM6 global Interrupt,CH32V30x_D8,#,reference,evt(ch32v30x.h)
CH32V307,70,TIM6,irq,TIM6 global Interrupt,CH32V30x_D8C,#,reference,evt(ch32v30x.h)
CH32V307,71,TIM7,irq,TIM7 global Interrupt,CH32V30x_D8,#,reference,evt(ch32v30x.h)
CH32V307,71,TIM7,irq,TIM7 global Interrupt,CH32V30x_D8C,#,reference,evt(ch32v30x.h)
CH32V307,72,DMA2_Channel1,irq,DMA2 Channel 1 global Interrupt,CH32V30x_D8,#,reference,evt(ch32v30x.h)
CH32V307,72,DMA2_Channel1,irq,DMA2 Channel 1 global Interrupt,CH32V30x_D8C,#,reference,evt(ch32v30x.h)
CH32V307,73,DMA2_Channel2,irq,DMA2 Channel 2 global Interrupt,CH32V30x_D8,#,reference,evt(ch32v30x.h)
CH32V307,73,DMA2_Channel2,irq,DMA2 Channel 2 global Interrupt,CH32V30x_D8C,#,reference,evt(ch32v30x.h)
CH32V307,74,DMA2_Channel3,irq,DMA2 Channel 3 global Interrupt,CH32V30x_D8,#,reference,evt(ch32v30x.h)
CH32V307,74,DMA2_Channel3,irq,DMA2 Channel 3 global Interrupt,CH32V30x_D8C,#,reference,evt(ch32v30x.h)
CH32V307,75,DMA2_Channel4,irq,DMA2 Channel 4 global Interrupt,CH32V30x_D8,#,reference,evt(ch32v30x.h)
CH32V307,75,DMA2_Channel4,irq,DMA2 Channel 4 global Interrupt,CH32V30x_D8C,#,reference,evt(ch32v30x.h)
CH32V307,76,DMA2_Channel5,irq,DMA2 Channel 5 global Interrupt,CH32V30x_D8,#,reference,evt(ch32v30x.h)
CH32V307,76,DMA2_Channel5,irq,DMA2 Channel 5 global Interrupt,CH32V30x_D8C,#,reference,evt(ch32v30x.h)
CH32V307,77,ETH,irq,ETH global Interrupt,CH32V30x_D8C,#,reference,evt(ch32v30x.h)
CH32V307,78,ETH_WKUP,irq,ETH WakeUp Interrupt,CH32V30x_D8C,#,reference,evt(ch32v30x.h)
CH32V307,79,CAN2_TX,irq,CAN2 TX Interrupts,CH32V30x_D8C,#,reference,evt(ch32v30x.h)
CH32V307,80,CAN2_RX0,irq,CAN2 RX0 Interrupts,CH32V30x_D8C,#,reference,evt(ch32v30x.h)
CH32V307,81,CAN2_RX1,irq,CAN2 RX1 Interrupt,CH32V30x_D8C,#,reference,evt(ch32v30x.h)
CH32V307,82,CAN2_SCE,irq,CAN2 SCE Interrupt,CH32V30x_D8C,#,reference,evt(ch32v30x.h)
CH32V307,83,USBFS,irq,USBFS global Interrupt,CH32V30x_D8,#,reference,evt(ch32v30x.h)
CH32V307,83,USBFS,irq,USBFS global Interrupt,CH32V30x_D8C,#,reference,evt(ch32v30x.h)
CH32V307,84,USBHSWakeup,irq,USBHS WakeUp Interrupt,CH32V30x_D8C,#,reference,evt(ch32v30x.h)
CH32V307,85,USBHS,irq,USBHS global Interrupt,CH32V30x_D8C,#,reference,evt(ch32v30x.h)
CH32V307,86,DVP,irq,DVP global Interrupt,CH32V30x_D8C,#,reference,evt(ch32v30x.h)
CH32V307,87,UART6,irq,UART6 global Interrupt,CH32V30x_D8,#,reference,evt(ch32v30x.h)
CH32V307,87,UART6,irq,UART6 global Interrupt,CH32V30x_D8C,#,reference,evt(ch32v30x.h)
CH32V307,88,UART7,irq,UART7 global Interrupt,CH32V30x_D8,#,reference,evt(ch32v30x.h)
CH32V307,88,UART7,irq,UART7 global Interrupt,CH32V30x_D8C,#,reference,evt(ch32v30x.h)
CH32V307,89,UART8,irq,UART8 global Interrupt,CH32V30x_D8,#,reference,evt(ch32v30x.h)
CH32V307,89,UART8,irq,UART8 global Interrupt,CH32V30x_D8C,#,reference,evt(ch32v30x.h)
CH32V307,90,TIM9_BRK,irq,TIM9 Break Interrupt,CH32V30x_D8,#,reference,evt(ch32v30x.h)
CH32V307,90,TIM9_BRK,irq,TIM9 Break Interrupt,CH32V30x_D8C,#,reference,evt(ch32v30x.h)
CH32V307,91,TIM9_UP,irq,TIM9 Update Interrupt,CH32V30x_D8,#,reference,evt(ch32v30x.h)
CH32V307,91,TIM9_UP,irq,TIM9 Update Interrupt,CH32V30x_D8C,#,reference,evt(ch32v30x.h)
CH32V307,92,TIM9_TRG_COM,irq,TIM9 Trigger and Commutation Interrupt,CH32V30x_D8,#,reference,evt(ch32v30x.h)
CH32V307,92,TIM9_TRG_COM,irq,TIM9 Trigger and Commutation Interrupt,CH32V30x_D8C,#,reference,evt(ch32v30x.h)
CH32V307,93,TIM9_CC,irq,TIM9 Capture Compare Interrupt,CH32V30x_D8,#,reference,evt(ch32v30x.h)
CH32V307,93,TIM9_CC,irq,TIM9 Capture Compare Interrupt,CH32V30x_D8C,#,reference,evt(ch32v30x.h)
CH32V307,94,TIM10_BRK,irq,TIM10 Break Interrupt,CH32V30x_D8,#,reference,evt(ch32v30x.h)
CH32V307,94,TIM10_BRK,irq,TIM10 Break Interrupt,CH32V30x_D8C,#,reference,evt(ch32v30x.h)
CH32V307,95,TIM10_UP,irq,TIM10 Update Interrupt,CH32V30x_D8,#,reference,evt(ch32v30x.h)
CH32V307,95,TIM10_UP,irq,TIM10 Update Interrupt,CH32V30x_D8C,#,reference,evt(ch32v30x.h)
CH32V307,96,TIM10_TRG_COM,irq,TIM10 Trigger and Commutation Interrupt,CH32V30x_D8,#,reference,evt(ch32v30x.h)
CH32V307,96,TIM10_TRG_COM,irq,TIM10 Trigger and Commutation Interrupt,CH32V30x_D8C,#,reference,evt(ch32v30x.h)
CH32V307,97,TIM10_CC,irq,TIM10 Capture Compare Interrupt,CH32V30x_D8,#,reference,evt(ch32v30x.h)
CH32V307,97,TIM10_CC,irq,TIM10 Capture Compare Interrupt,CH32V30x_D8C,#,reference,evt(ch32v30x.h)
CH32V307,98,DMA2_Channel6,irq,DMA2 Channel 6 global Interrupt,CH32V30x_D8,#,reference,evt(ch32v30x.h)
CH32V307,98,DMA2_Channel6,irq,DMA2 Channel 6 global Interrupt,CH32V30x_D8C,#,reference,evt(ch32v30x.h)
CH32V307,99,DMA2_Channel7,irq,DMA2 Channel 7 global Interrupt,CH32V30x_D8,#,reference,evt(ch32v30x.h)
CH32V307,99,DMA2_Channel7,irq,DMA2 Channel 7 global Interrupt,CH32V30x_D8C,#,reference,evt(ch32v30x.h)
CH32V307,100,DMA2_Channel8,irq,DMA2 Channel 8 global Interrupt,CH32V30x_D8,#,reference,evt(ch32v30x.h)
CH32V307,100,DMA2_Channel8,irq,DMA2 Channel 8 global Interrupt,CH32V30x_D8C,#,reference,evt(ch32v30x.h)
CH32V307,101,DMA2_Channel9,irq,DMA2 Channel 9 global Interrupt,CH32V30x_D8,#,reference,evt(ch32v30x.h)
CH32V307,101,DMA2_Channel9,irq,DMA2 Channel 9 global Interrupt,CH32V30x_D8C,#,reference,evt(ch32v30x.h)
CH32V307,102,DMA2_Channel10,irq,DMA2 Channel 10 global Interrupt,CH32V30x_D8,#,reference,evt(ch32v30x.h)
CH32V307,102,DMA2_Channel10,irq,DMA2 Channel 10 global Interrupt,CH32V30x_D8C,#,reference,evt(ch32v30x.h)
CH32V307,103,DMA2_Channel11,irq,DMA2 Channel 11 global Interrupt,CH32V30x_D8,#,reference,evt(ch32v30x.h)
CH32V307,103,DMA2_Channel11,irq,DMA2 Channel 11 global Interrupt,CH32V30x_D8C,#,reference,evt(ch32v30x.h)
CH32V407,2,NonMaskableInt,exception,Non Maskable Interrupt,,#,reference,evt(ch32v4x7.h)
CH32V407,3,HardFault,exception,Exception Interrupt,,#,reference,evt(ch32v4x7.h)
CH32V407,5,Ecall_M_Mode,exception,Ecall M Mode Interrupt,,#,reference,evt(ch32v4x7.h)
CH32V407,8,Ecall_U_Mode,exception,Ecall U Mode Interrupt,,#,reference,evt(ch32v4x7.h)
CH32V407,9,Break_Point,exception,Break Point Interrupt,,#,reference,evt(ch32v4x7.h)
CH32V407,12,SysTick,exception,System timer Interrupt,,#,reference,evt(ch32v4x7.h)
CH32V407,14,Software,exception,software Interrupt,,#,reference,evt(ch32v4x7.h)
CH32V407,16,WWDG,irq,Window WatchDog Interrupt,,#,reference,evt(ch32v4x7.h)
CH32V407,17,PVD,irq,PVD through EXTI Line detection Interrupt,,#,reference,evt(ch32v4x7.h)
CH32V407,18,TAMPER,irq,Tamper Interrupt,,#,reference,evt(ch32v4x7.h)
CH32V407,19,RTC,irq,RTC global Interrupt,,#,reference,evt(ch32v4x7.h)
CH32V407,20,FLASH,irq,FLASH global Interrupt,,#,reference,evt(ch32v4x7.h)
CH32V407,21,RCC,irq,RCC global Interrupt,,#,reference,evt(ch32v4x7.h)
CH32V407,22,EXTI0,irq,EXTI Line0 Interrupt,,#,reference,evt(ch32v4x7.h)
CH32V407,23,EXTI1,irq,EXTI Line1 Interrupt,,#,reference,evt(ch32v4x7.h)
CH32V407,24,EXTI2,irq,EXTI Line2 Interrupt,,#,reference,evt(ch32v4x7.h)
CH32V407,25,EXTI3,irq,EXTI Line3 Interrupt,,#,reference,evt(ch32v4x7.h)
CH32V407,26,EXTI4,irq,EXTI Line4 Interrupt,,#,reference,evt(ch32v4x7.h)
CH32V407,27,DMA1_Channel1,irq,DMA1 Channel 1 global Interrupt,,#,reference,evt(ch32v4x7.h)
CH32V407,28,DMA1_Channel2,irq,DMA1 Channel 2 global Interrupt,,#,reference,evt(ch32v4x7.h)
CH32V407,29,DMA1_Channel3,irq,DMA1 Channel 3 global Interrupt,,#,reference,evt(ch32v4x7.h)
CH32V407,30,DMA1_Channel4,irq,DMA1 Channel 4 global Interrupt,,#,reference,evt(ch32v4x7.h)
CH32V407,31,DMA1_Channel5,irq,DMA1 Channel 5 global Interrupt,,#,reference,evt(ch32v4x7.h)
CH32V407,32,DMA1_Channel6,irq,DMA1 Channel 6 global Interrupt,,#,reference,evt(ch32v4x7.h)
CH32V407,33,DMA1_Channel7,irq,DMA1 Channel 7 global Interrupt,,#,reference,evt(ch32v4x7.h)
CH32V407,34,ADC1_2,irq,ADC1 and ADC2 global Interrupt,,#,reference,evt(ch32v4x7.h)
CH32V407,35,CAN1_TX,irq,CAN1 TX Interrupts,,#,reference,evt(ch32v4x7.h)
CH32V407,36,CAN1_RX0,irq,CAN1 RX0 Interrupts,,#,reference,evt(ch32v4x7.h)
CH32V407,37,CAN1_RX1,irq,CAN1 RX1 Interrupt,,#,reference,evt(ch32v4x7.h)
CH32V407,38,CAN1_SCE,irq,CAN1 SCE Interrupt,,#,reference,evt(ch32v4x7.h)
CH32V407,39,EXTI9_5,irq,External Line[9:5] Interrupts,,#,reference,evt(ch32v4x7.h)
CH32V407,40,TIM1_BRK,irq,TIM1 Break Interrupt,,#,reference,evt(ch32v4x7.h)
CH32V407,41,TIM1_UP,irq,TIM1 Update Interrupt,,#,reference,evt(ch32v4x7.h)
CH32V407,42,TIM1_TRG_COM,irq,TIM1 Trigger and Commutation Interrupt,,#,reference,evt(ch32v4x7.h)
CH32V407,43,TIM1_CC,irq,TIM1 Capture Compare Interrupt,,#,reference,evt(ch32v4x7.h)
CH32V407,44,TIM2,irq,TIM2 global Interrupt,,#,reference,evt(ch32v4x7.h)
CH32V407,45,TIM3,irq,TIM3 global Interrupt,,#,reference,evt(ch32v4x7.h)
CH32V407,46,TIM4,irq,TIM4 global Interrupt,,#,reference,evt(ch32v4x7.h)
CH32V407,47,I2C1_EV,irq,I2C1 Event Interrupt,,#,reference,evt(ch32v4x7.h)
CH32V407,48,I2C1_ER,irq,I2C1 Error Interrupt,,#,reference,evt(ch32v4x7.h)
CH32V407,49,I3C_EV,irq,I3C Event Interrupt,,#,reference,evt(ch32v4x7.h)
CH32V407,50,I3C_ER,irq,I3C Error Interrupt,,#,reference,evt(ch32v4x7.h)
CH32V407,51,SPI1,irq,SPI1 global Interrupt,,#,reference,evt(ch32v4x7.h)
CH32V407,52,SPI2,irq,SPI2 global Interrupt,,#,reference,evt(ch32v4x7.h)
CH32V407,53,USART1,irq,USART1 global Interrupt,,#,reference,evt(ch32v4x7.h)
CH32V407,54,USART2,irq,USART2 global Interrupt,,#,reference,evt(ch32v4x7.h)
CH32V407,55,USART3,irq,USART3 global Interrupt,,#,reference,evt(ch32v4x7.h)
CH32V407,56,EXTI15_10,irq,External Line[15:10] Interrupts,,#,reference,evt(ch32v4x7.h)
CH32V407,57,RTCAlarm,irq,RTC Alarm through EXTI Line Interrupt,,#,reference,evt(ch32v4x7.h)
CH32V407,58,USBHS2Wakeup,irq,USBHS2 WakeUp Interrupt,,#,reference,evt(ch32v4x7.h)
CH32V407,59,TIM8_BRK,irq,TIM8 Break Interrupt,,#,reference,evt(ch32v4x7.h)
CH32V407,60,TIM8_UP,irq,TIM8 Update Interrupt,,#,reference,evt(ch32v4x7.h)
CH32V407,61,TIM8_TRG_COM,irq,TIM8 Trigger and Commutation Interrupt,,#,reference,evt(ch32v4x7.h)
CH32V407,62,TIM8_CC,irq,TIM8 Capture Compare Interrupt,,#,reference,evt(ch32v4x7.h)
CH32V407,63,RNG,irq,RNG global Interrupt,,#,reference,evt(ch32v4x7.h)
CH32V407,65,SDIO,irq,SDIO global Interrupt,,#,reference,evt(ch32v4x7.h)
CH32V407,66,TIM5,irq,TIM5 global Interrupt,,#,reference,evt(ch32v4x7.h)
CH32V407,67,SPI3,irq,SPI3 global Interrupt,,#,reference,evt(ch32v4x7.h)
CH32V407,68,USART4,irq,USART4 global Interrupt,,#,reference,evt(ch32v4x7.h)
CH32V407,69,USART5,irq,USART5 global Interrupt,,#,reference,evt(ch32v4x7.h)
CH32V407,70,TIM6,irq,TIM6 global Interrupt,,#,reference,evt(ch32v4x7.h)
CH32V407,71,TIM7,irq,TIM7 global Interrupt,,#,reference,evt(ch32v4x7.h)
CH32V407,72,DMA2_Channel1,irq,DMA2 Channel 1 global Interrupt,,#,reference,evt(ch32v4x7.h)
CH32V407,73,DMA2_Channel2,irq,DMA2 Channel 2 global Interrupt,,#,reference,evt(ch32v4x7.h)
CH32V407,74,DMA2_Channel3,irq,DMA2 Channel 3 global Interrupt,,#,reference,evt(ch32v4x7.h)
CH32V407,75,DMA2_Channel4,irq,DMA2 Channel 4 global Interrupt,,#,reference,evt(ch32v4x7.h)
CH32V407,76,DMA2_Channel5,irq,DMA2 Channel 5 global Interrupt,,#,reference,evt(ch32v4x7.h)
CH32V407,77,ETH,irq,ETH global Interrupt,,#,reference,evt(ch32v4x7.h)
CH32V407,78,ETH_WKUP,irq,ETH WakeUp Interrupt,,#,reference,evt(ch32v4x7.h)
CH32V407,79,LTDC,irq,LTDC Interrupts,,#,reference,evt(ch32v4x7.h)
CH32V407,80,PSRAM,irq,PSRAM Interrupts,,#,reference,evt(ch32v4x7.h)
CH32V407,81,USART9,irq,USART9 global Interrupt,,#,reference,evt(ch32v4x7.h)
CH32V407,82,USART10,irq,USART10 global Interrupt,,#,reference,evt(ch32v4x7.h)
CH32V407,83,USBHS1,irq,USBHS1 Interrupt,,#,reference,evt(ch32v4x7.h)
CH32V407,84,USBHS1Wakeup,irq,USBHS1 WakeUp Interrupt,,#,reference,evt(ch32v4x7.h)
CH32V407,85,USBHS2,irq,USBHS2 global Interrupt,,#,reference,evt(ch32v4x7.h)
CH32V407,86,DVP,irq,DVP global Interrupt,,#,reference,evt(ch32v4x7.h)
CH32V407,87,USART6,irq,USART6 global Interrupt,,#,reference,evt(ch32v4x7.h)
CH32V407,88,USART7,irq,USART7 global Interrupt,,#,reference,evt(ch32v4x7.h)
CH32V407,89,USART8,irq,USART8 global Interrupt,,#,reference,evt(ch32v4x7.h)
CH32V407,90,DMA1_Channel8,irq,DMA1 Channel 8 global Interrupt,,#,reference,evt(ch32v4x7.h)
CH32V407,91,DMA1_Channel9,irq,DMA1 Channel 9 global Interrupt,,#,reference,evt(ch32v4x7.h)
CH32V407,92,DMA1_Channel10,irq,DMA1 Channel 10 global Interrupt,,#,reference,evt(ch32v4x7.h)
CH32V407,93,DMA1_Channel11,irq,DMA1 Channel 11 global Interrupt,,#,reference,evt(ch32v4x7.h)
CH32V407,94,DMA1_Channel12,irq,DMA1 Channel 12 global Interrupt,,#,reference,evt(ch32v4x7.h)
CH32V407,95,DMA1_Channel13,irq,DMA1 Channel 13 global Interrupt,,#,reference,evt(ch32v4x7.h)
CH32V407,96,I3C_Wakeup,irq,I3C Wakeup global Interrupt,,#,reference,evt(ch32v4x7.h)
CH32V407,97,ARGB,irq,ARGB global Interrupt,,#,reference,evt(ch32v4x7.h)
CH32V407,98,DMA2_Channel6,irq,DMA2 Channel 6 global Interrupt,,#,reference,evt(ch32v4x7.h)
CH32V407,99,DMA2_Channel7,irq,DMA2 Channel 7 global Interrupt,,#,reference,evt(ch32v4x7.h)
CH32V407,100,DMA2_Channel8,irq,DMA2 Channel 8 global Interrupt,,#,reference,evt(ch32v4x7.h)
CH32V407,101,DMA2_Channel9,irq,DMA2 Channel 9 global Interrupt,,#,reference,evt(ch32v4x7.h)
CH32V407,102,DMA2_Channel10,irq,DMA2 Channel 10 global Interrupt,,#,reference,evt(ch32v4x7.h)
CH32V407,103,DMA2_Channel11,irq,DMA2 Channel 11 global Interrupt,,#,reference,evt(ch32v4x7.h)
CH32X035,2,NonMaskableInt,exception,Non Maskable Interrupt,,#,reference,evt(ch32x035.h)
CH32X035,3,EXC,exception,Exception Interrupt,,#,reference,evt(ch32x035.h)
CH32X035,5,Ecall_M_Mode,exception,Ecall M Mode Interrupt,,#,reference,evt(ch32x035.h)
CH32X035,8,Ecall_U_Mode,exception,Ecall U Mode Interrupt,,#,reference,evt(ch32x035.h)
CH32X035,9,Break_Point,exception,Break Point Interrupt,,#,reference,evt(ch32x035.h)
CH32X035,12,SysTick,exception,System timer Interrupt,,#,reference,evt(ch32x035.h)
CH32X035,14,Software,exception,software Interrupt,,#,reference,evt(ch32x035.h)
CH32X035,16,WWDG,irq,Window WatchDog Interrupt,,#,reference,evt(ch32x035.h)
CH32X035,17,PVD,irq,PVD through EXTI Line detection Interrupt,,#,reference,evt(ch32x035.h)
CH32X035,18,FLASH,irq,FLASH global Interrupt,,#,reference,evt(ch32x035.h)
CH32X035,20,EXTI7_0,irq,External Line[7:0] Interrupts,,#,reference,evt(ch32x035.h)
CH32X035,21,AWU,irq,AWU global Interrupt,,#,reference,evt(ch32x035.h)
CH32X035,22,DMA1_Channel1,irq,DMA1 Channel 1 global Interrupt,,#,reference,evt(ch32x035.h)
CH32X035,23,DMA1_Channel2,irq,DMA1 Channel 2 global Interrupt,,#,reference,evt(ch32x035.h)
CH32X035,24,DMA1_Channel3,irq,DMA1 Channel 3 global Interrupt,,#,reference,evt(ch32x035.h)
CH32X035,25,DMA1_Channel4,irq,DMA1 Channel 4 global Interrupt,,#,reference,evt(ch32x035.h)
CH32X035,26,DMA1_Channel5,irq,DMA1 Channel 5 global Interrupt,,#,reference,evt(ch32x035.h)
CH32X035,27,DMA1_Channel6,irq,DMA1 Channel 6 global Interrupt,,#,reference,evt(ch32x035.h)
CH32X035,28,DMA1_Channel7,irq,DMA1 Channel 7 global Interrupt,,#,reference,evt(ch32x035.h)
CH32X035,29,ADC1,irq,ADC1 global Interrupt,,#,reference,evt(ch32x035.h)
CH32X035,30,I2C1_EV,irq,I2C1 Event Interrupt,,#,reference,evt(ch32x035.h)
CH32X035,31,I2C1_ER,irq,I2C1 Error Interrupt,,#,reference,evt(ch32x035.h)
CH32X035,32,USART1,irq,USART1 global Interrupt,,#,reference,evt(ch32x035.h)
CH32X035,33,SPI1,irq,SPI1 global Interrupt,,#,reference,evt(ch32x035.h)
CH32X035,34,TIM1_BRK,irq,TIM1 Break Interrupt,,#,reference,evt(ch32x035.h)
CH32X035,35,TIM1_UP,irq,TIM1 Update Interrupt,,#,reference,evt(ch32x035.h)
CH32X035,36,TIM1_TRG_COM,irq,TIM1 Trigger and Commutation Interrupt,,#,reference,evt(ch32x035.h)
CH32X035,37,TIM1_CC,irq,TIM1 Capture Compare Interrupt,,#,reference,evt(ch32x035.h)
CH32X035,38,TIM2_UP,irq,TIM2 Update Interrupt,,#,reference,evt(ch32x035.h)
CH32X035,39,USART2,irq,USART2 global Interrupt,,#,reference,evt(ch32x035.h)
CH32X035,40,EXTI15_8,irq,External Line[15:8] Interrupts,,#,reference,evt(ch32x035.h)
CH32X035,41,EXTI25_16,irq,External Line[25:16] Interrupts,,#,reference,evt(ch32x035.h)
CH32X035,42,USART3,irq,USART3 global Interrupt,,#,reference,evt(ch32x035.h)
CH32X035,43,USART4,irq,USART4 global Interrupt,,#,reference,evt(ch32x035.h)
CH32X035,44,DMA1_Channel8,irq,DMA1 Channel 8 global Interrupt,,#,reference,evt(ch32x035.h)
CH32X035,45,USBFS,irq,USBFS Host/Device global Interrupt,,#,reference,evt(ch32x035.h)
CH32X035,46,USBFSWakeUp,irq,USBFS Host/Device WakeUp Interrupt,,#,reference,evt(ch32x035.h)
CH32X035,47,PIOC,irq,PIOC global Interrupt,,#,reference,evt(ch32x035.h)
CH32X035,48,OPA,irq,OPA global Interrupt,,#,reference,evt(ch32x035.h)
CH32X035,49,USBPD,irq,USBPD global Interrupt,,#,reference,evt(ch32x035.h)
CH32X035,50,USBPDWakeUp,irq,USBPD WakeUp Interrupt,,#,reference,evt(ch32x035.h)
CH32X035,51,TIM2_CC,irq,TIM2 Capture Compare Interrupt,,#,reference,evt(ch32x035.h)
CH32X035,52,TIM2_TRG_COM,irq,TIM2 Trigger and Commutation Interrupt,,#,reference,evt(ch32x035.h)
CH32X035,53,TIM2_BRK,irq,TIM2 Break Interrupt,,#,reference,evt(ch32x035.h)
CH32X035,54,TIM3,irq,TIM3 global Interrupt,,#,reference,evt(ch32x035.h)
CH32X315,2,NonMaskableInt,exception,Non Maskable Interrupt,,#,reference,evt(ch32x3x5.h)
CH32X315,3,HardFault,exception,Exception Interrupt,,#,reference,evt(ch32x3x5.h)
CH32X315,5,Ecall_M_Mode,exception,Ecall M Mode Interrupt,,#,reference,evt(ch32x3x5.h)
CH32X315,8,Ecall_U_Mode,exception,Ecall U Mode Interrupt,,#,reference,evt(ch32x3x5.h)
CH32X315,9,Break_Point,exception,Break Point Interrupt,,#,reference,evt(ch32x3x5.h)
CH32X315,12,SysTick,exception,System timer Interrupt,,#,reference,evt(ch32x3x5.h)
CH32X315,14,Software,exception,software Interrupt,,#,reference,evt(ch32x3x5.h)
CH32X315,16,WWDG,irq,Window WatchDog Interrupt,,#,reference,evt(ch32x3x5.h)
CH32X315,17,EXTI15_8,irq,EXTI Line[15:8] Interrupt,,#,reference,evt(ch32x3x5.h)
CH32X315,18,FLASH,irq,FLASH global Interrupt,,#,reference,evt(ch32x3x5.h)
CH32X315,19,RCC,irq,RCC global Interrupt,,#,reference,evt(ch32x3x5.h)
CH32X315,20,EXTI7_0,irq,EXTI Line[7:0] Interrupt,,#,reference,evt(ch32x3x5.h)
CH32X315,21,SPI2,irq,SPI2 global Interrupt,,#,reference,evt(ch32x3x5.h)
CH32X315,22,DMA1_Channel1,irq,DMA1 Channel 1 global Interrupt,,#,reference,evt(ch32x3x5.h)
CH32X315,23,DMA1_Channel2,irq,DMA1 Channel 2 global Interrupt,,#,reference,evt(ch32x3x5.h)
CH32X315,24,DMA1_Channel3,irq,DMA1 Channel 3 global Interrupt,,#,reference,evt(ch32x3x5.h)
CH32X315,25,DMA1_Channel4,irq,DMA1 Channel 4 global Interrupt,,#,reference,evt(ch32x3x5.h)
CH32X315,26,DMA1_Channel5,irq,DMA1 Channel 5 global Interrupt,,#,reference,evt(ch32x3x5.h)
CH32X315,27,DMA1_Channel6,irq,DMA1 Channel 6 global Interrupt,,#,reference,evt(ch32x3x5.h)
CH32X315,28,DMA1_Channel7,irq,DMA1 Channel 7 global Interrupt,,#,reference,evt(ch32x3x5.h)
CH32X315,29,DMA1_Channel8,irq,DMA1 Channel 8 global Interrupt,,#,reference,evt(ch32x3x5.h)
CH32X315,30,DMA1_Channel9,irq,DMA1 Channel 9 global Interrupt,,#,reference,evt(ch32x3x5.h)
CH32X315,31,DMA1_Channel10,irq,DMA1 Channel 10 global Interrupt,,#,reference,evt(ch32x3x5.h)
CH32X315,32,DMA1_Channel11,irq,DMA1 Channel 11 global Interrupt,,#,reference,evt(ch32x3x5.h)
CH32X315,33,USART2,irq,USART2 global Interrupt,,#,reference,evt(ch32x3x5.h)
CH32X315,34,I2C1_EV,irq,I2C1 Event Interrupt,,#,reference,evt(ch32x3x5.h)
CH32X315,35,I2C1_ER,irq,I2C1 Error Interrupt,,#,reference,evt(ch32x3x5.h)
CH32X315,36,USART1,irq,USART1 global Interrupt,,#,reference,evt(ch32x3x5.h)
CH32X315,37,SPI1,irq,SPI1 global Interrupt,,#,reference,evt(ch32x3x5.h)
CH32X315,38,TIM1_UP,irq,TIM1 Update Interrupt,,#,reference,evt(ch32x3x5.h)
CH32X315,39,TIM1_CC,irq,TIM1 Capture Compare Interrupt,,#,reference,evt(ch32x3x5.h)
CH32X315,40,TIM1_TRG_COM,irq,TIM1 Trigger and Commutation Interrupt,,#,reference,evt(ch32x3x5.h)
CH32X315,41,TIM1_BRK,irq,TIM1 Break Interrupt,,#,reference,evt(ch32x3x5.h)
CH32X315,42,TIM2,irq,TIM2 global Interrupt,,#,reference,evt(ch32x3x5.h)
CH32X315,43,I2C2_EV,irq,I2C2 Event Interrupt,,#,reference,evt(ch32x3x5.h)
CH32X315,44,I2C2_ER,irq,I2C2 Error Interrupt,,#,reference,evt(ch32x3x5.h)
CH32X315,45,USBPD,irq,USBPD global Interrupt,,#,reference,evt(ch32x3x5.h)
CH32X315,46,USBPDWakeUP,irq,USBPD wakeup Interrupt,,#,reference,evt(ch32x3x5.h)
CH32X315,47,ARGB,irq,ARGB global Interrupt,,#,reference,evt(ch32x3x5.h)
CH32X315,48,TIM3,irq,TIM3 global Interrupt,,#,reference,evt(ch32x3x5.h)
CH32X315,49,TIM4,irq,TIM4 global Interrupt,,#,reference,evt(ch32x3x5.h)
CH32X315,50,SPI3,irq,SPI3 global Interrupt,,#,reference,evt(ch32x3x5.h)
CH32X315,51,USART3,irq,USART3 global Interrupt,,#,reference,evt(ch32x3x5.h)
CH32X315,52,USART4,irq,USART4 global Interrupt,,#,reference,evt(ch32x3x5.h)
CH32X315,53,USBSS,irq,USBSS global Interrupt,,#,reference,evt(ch32x3x5.h)
CH32X315,54,USBSS_LINK,irq,USBSS Link global Interrupt,,#,reference,evt(ch32x3x5.h)
CH32X315,55,USBHS,irq,USBHS global Interrupt,,#,reference,evt(ch32x3x5.h)
CH32X315,56,USBHSWakeup,irq,USBHS wakeup Interrupt,,#,reference,evt(ch32x3x5.h)
CH32X315,57,USBSSWakeup,irq,USBSS wakeup Interrupt,,#,reference,evt(ch32x3x5.h)
CH32X315,58,PVD,irq,PVD Interrupt,,#,reference,evt(ch32x3x5.h)
CH32X315,59,ADC1,irq,ADC1 global Interrupt,,#,reference,evt(ch32x3x5.h)
CH32X315,60,ADC2,irq,ADC2 global Interrupt,,#,reference,evt(ch32x3x5.h)
CH32X315,61,ADC3,irq,ADC3 global Interrupt,,#,reference,evt(ch32x3x5.h)
CH32X315,62,RTCAlarm,irq,RTCAlarm_IRQn global Interrupt,,#,reference,evt(ch32x3x5.h)
CH32X315,63,RTC,irq,RTC global Interrupt,,#,reference,evt(ch32x3x5.h)
CH32X315,64,USART_WKUP,irq,USART wakeup Interrupt,,#,reference,evt(ch32x3x5.h)
CH32X315,65,ADC4,irq,ADC4 global Interrupt,,#,reference,evt(ch32x3x5.h)
