family,variant,dma,channel,request_id,request,request_en,note,#,confidence,basis
CH32H417,,,,1,TIM1_CH1,,,#,confirmed,rm:zh(CH32H417RM.PDF p.154)+rm:en(CH32H417RM.PDF p.182)
CH32H417,,,,2,TIM1_CH2,,,#,confirmed,rm:zh(CH32H417RM.PDF p.154)+rm:en(CH32H417RM.PDF p.182)
CH32H417,,,,3,TIM1_CH3,,,#,confirmed,rm:zh(CH32H417RM.PDF p.154)+rm:en(CH32H417RM.PDF p.182)
CH32H417,,,,4,TIM1_CH4,,,#,confirmed,rm:zh(CH32H417RM.PDF p.154)+rm:en(CH32H417RM.PDF p.182)
CH32H417,,,,5,TIM1_UP,,,#,confirmed,rm:zh(CH32H417RM.PDF p.154)+rm:en(CH32H417RM.PDF p.182)
CH32H417,,,,6,TIM1_COM,,,#,confirmed,rm:zh(CH32H417RM.PDF p.154)+rm:en(CH32H417RM.PDF p.182)
CH32H417,,,,7,TIM1_TRIG,,,#,confirmed,rm:zh(CH32H417RM.PDF p.154)+rm:en(CH32H417RM.PDF p.182)
CH32H417,,,,8,TIM2_CH1,,,#,confirmed,rm:zh(CH32H417RM.PDF p.154)+rm:en(CH32H417RM.PDF p.182)
CH32H417,,,,9,TIM2_CH2,,,#,confirmed,rm:zh(CH32H417RM.PDF p.154)+rm:en(CH32H417RM.PDF p.182)
CH32H417,,,,10,TIM2_CH3,,,#,confirmed,rm:zh(CH32H417RM.PDF p.154)+rm:en(CH32H417RM.PDF p.182)
CH32H417,,,,11,TIM2_CH4,,,#,confirmed,rm:zh(CH32H417RM.PDF p.154)+rm:en(CH32H417RM.PDF p.182)
CH32H417,,,,12,TIM2_UP,,,#,confirmed,rm:zh(CH32H417RM.PDF p.154)+rm:en(CH32H417RM.PDF p.182)
CH32H417,,,,13,TIM2_TRIG,,,#,confirmed,rm:zh(CH32H417RM.PDF p.154)+rm:en(CH32H417RM.PDF p.182)
CH32H417,,,,14,TIM3_CH1,,,#,confirmed,rm:zh(CH32H417RM.PDF p.154)+rm:en(CH32H417RM.PDF p.182)
CH32H417,,,,15,TIM3_CH2,,,#,confirmed,rm:zh(CH32H417RM.PDF p.154)+rm:en(CH32H417RM.PDF p.182)
CH32H417,,,,16,TIM3_CH3,,,#,confirmed,rm:zh(CH32H417RM.PDF p.154)+rm:en(CH32H417RM.PDF p.182)
CH32H417,,,,17,TIM3_CH4,,,#,confirmed,rm:zh(CH32H417RM.PDF p.154)+rm:en(CH32H417RM.PDF p.182)
CH32H417,,,,18,TIM3_UP,,,#,confirmed,rm:zh(CH32H417RM.PDF p.154)+rm:en(CH32H417RM.PDF p.182)
CH32H417,,,,19,TIM3_TRIG,,,#,confirmed,rm:zh(CH32H417RM.PDF p.154)+rm:en(CH32H417RM.PDF p.182)
CH32H417,,,,20,TIM4_CH1,,,#,confirmed,rm:zh(CH32H417RM.PDF p.154)+rm:en(CH32H417RM.PDF p.182)
CH32H417,,,,21,TIM4_CH2,,,#,confirmed,rm:zh(CH32H417RM.PDF p.154)+rm:en(CH32H417RM.PDF p.182)
CH32H417,,,,22,TIM4_CH3,,,#,confirmed,rm:zh(CH32H417RM.PDF p.154)+rm:en(CH32H417RM.PDF p.182)
CH32H417,,,,23,TIM4_CH4,,,#,confirmed,rm:zh(CH32H417RM.PDF p.154)+rm:en(CH32H417RM.PDF p.182)
CH32H417,,,,24,TIM4_UP,,,#,confirmed,rm:zh(CH32H417RM.PDF p.154)+rm:en(CH32H417RM.PDF p.182)
CH32H417,,,,25,TIM4_TRIG,,,#,confirmed,rm:zh(CH32H417RM.PDF p.154)+rm:en(CH32H417RM.PDF p.182)
CH32H417,,,,26,TIM5_CH1,,,#,confirmed,rm:zh(CH32H417RM.PDF p.154)+rm:en(CH32H417RM.PDF p.182)
CH32H417,,,,27,TIM5_CH2,,,#,confirmed,rm:zh(CH32H417RM.PDF p.154)+rm:en(CH32H417RM.PDF p.182)
CH32H417,,,,28,TIM5_CH3,,,#,confirmed,rm:zh(CH32H417RM.PDF p.154)+rm:en(CH32H417RM.PDF p.182)
CH32H417,,,,29,TIM5_CH4,,,#,confirmed,rm:zh(CH32H417RM.PDF p.154)+rm:en(CH32H417RM.PDF p.182)
CH32H417,,,,30,TIM5_UP,,,#,confirmed,rm:zh(CH32H417RM.PDF p.154)+rm:en(CH32H417RM.PDF p.183)
CH32H417,,,,31,TIM5_TRIG,,,#,confirmed,rm:zh(CH32H417RM.PDF p.154)+rm:en(CH32H417RM.PDF p.183)
CH32H417,,,,32,TIM8_CH1,,,#,confirmed,rm:zh(CH32H417RM.PDF p.154)+rm:en(CH32H417RM.PDF p.183)
CH32H417,,,,33,TIM8_CH2,,,#,confirmed,rm:zh(CH32H417RM.PDF p.154)+rm:en(CH32H417RM.PDF p.183)
CH32H417,,,,34,TIM8_CH3,,,#,confirmed,rm:zh(CH32H417RM.PDF p.154)+rm:en(CH32H417RM.PDF p.183)
CH32H417,,,,35,TIM8_CH4,,,#,confirmed,rm:zh(CH32H417RM.PDF p.154)+rm:en(CH32H417RM.PDF p.183)
CH32H417,,,,36,TIM8_UP,,,#,confirmed,rm:zh(CH32H417RM.PDF p.154)+rm:en(CH32H417RM.PDF p.183)
CH32H417,,,,37,TIM8_COM,,,#,confirmed,rm:zh(CH32H417RM.PDF p.154)+rm:en(CH32H417RM.PDF p.183)
CH32H417,,,,38,TIM8_TRIG,,,#,confirmed,rm:zh(CH32H417RM.PDF p.154)+rm:en(CH32H417RM.PDF p.183)
CH32H417,,,,39,TIM9_CH1,,,#,confirmed,rm:zh(CH32H417RM.PDF p.154)+rm:en(CH32H417RM.PDF p.183)
CH32H417,,,,40,TIM9_CH2,,,#,confirmed,rm:zh(CH32H417RM.PDF p.154)+rm:en(CH32H417RM.PDF p.183)
CH32H417,,,,41,TIM9_CH3,,,#,confirmed,rm:zh(CH32H417RM.PDF p.154)+rm:en(CH32H417RM.PDF p.183)
CH32H417,,,,42,TIM9_CH4,,,#,confirmed,rm:zh(CH32H417RM.PDF p.154)+rm:en(CH32H417RM.PDF p.182)
CH32H417,,,,43,TIM9_UP,,,#,confirmed,rm:zh(CH32H417RM.PDF p.154)+rm:en(CH32H417RM.PDF p.182)
CH32H417,,,,44,TIM9_TRIG,,,#,confirmed,rm:zh(CH32H417RM.PDF p.154)+rm:en(CH32H417RM.PDF p.182)
CH32H417,,,,45,TIM10_CH1,,,#,confirmed,rm:zh(CH32H417RM.PDF p.154)+rm:en(CH32H417RM.PDF p.182)
CH32H417,,,,46,TIM10_CH2,,,#,confirmed,rm:zh(CH32H417RM.PDF p.154)+rm:en(CH32H417RM.PDF p.182)
CH32H417,,,,47,TIM10_CH3,,,#,confirmed,rm:zh(CH32H417RM.PDF p.154)+rm:en(CH32H417RM.PDF p.182)
CH32H417,,,,48,TIM10_CH4,,,#,confirmed,rm:zh(CH32H417RM.PDF p.154)+rm:en(CH32H417RM.PDF p.182)
CH32H417,,,,49,TIM10_UP,,,#,confirmed,rm:zh(CH32H417RM.PDF p.154)+rm:en(CH32H417RM.PDF p.182)
CH32H417,,,,50,TIM10_TRIG,,,#,confirmed,rm:zh(CH32H417RM.PDF p.154)+rm:en(CH32H417RM.PDF p.182)
CH32H417,,,,51,TIM11_CH1,,,#,confirmed,rm:zh(CH32H417RM.PDF p.154)+rm:en(CH32H417RM.PDF p.182)
CH32H417,,,,52,TIM11_CH2,,,#,confirmed,rm:zh(CH32H417RM.PDF p.154)+rm:en(CH32H417RM.PDF p.182)
CH32H417,,,,53,TIM11_CH3,,,#,confirmed,rm:zh(CH32H417RM.PDF p.154)+rm:en(CH32H417RM.PDF p.182)
CH32H417,,,,54,TIM11_CH4,,,#,confirmed,rm:zh(CH32H417RM.PDF p.154)+rm:en(CH32H417RM.PDF p.182)
CH32H417,,,,55,TIM11_UP,,,#,confirmed,rm:zh(CH32H417RM.PDF p.154)+rm:en(CH32H417RM.PDF p.182)
CH32H417,,,,56,TIM11_TRIG,,,#,confirmed,rm:zh(CH32H417RM.PDF p.154)+rm:en(CH32H417RM.PDF p.182)
CH32H417,,,,57,TIM12_CH1,,,#,confirmed,rm:zh(CH32H417RM.PDF p.154)+rm:en(CH32H417RM.PDF p.182)
CH32H417,,,,58,TIM12_CH2,,,#,confirmed,rm:zh(CH32H417RM.PDF p.154)+rm:en(CH32H417RM.PDF p.182)
CH32H417,,,,59,TIM12_CH3,,,#,confirmed,rm:zh(CH32H417RM.PDF p.154)+rm:en(CH32H417RM.PDF p.182)
CH32H417,,,,60,TIM12_CH4,,,#,confirmed,rm:zh(CH32H417RM.PDF p.154)+rm:en(CH32H417RM.PDF p.182)
CH32H417,,,,61,TIM12_UP,,,#,confirmed,rm:zh(CH32H417RM.PDF p.154)+rm:en(CH32H417RM.PDF p.182)
CH32H417,,,,62,TIM12_TRIG,,,#,confirmed,rm:zh(CH32H417RM.PDF p.154)+rm:en(CH32H417RM.PDF p.182)
CH32H417,,,,63,SPI1_TX,,,#,confirmed,rm:zh(CH32H417RM.PDF p.154)+rm:en(CH32H417RM.PDF p.182)
CH32H417,,,,64,SPI1_RX,,,#,confirmed,rm:zh(CH32H417RM.PDF p.154)+rm:en(CH32H417RM.PDF p.182)
CH32H417,,,,65,SPI2_TX,,,#,confirmed,rm:zh(CH32H417RM.PDF p.154)+rm:en(CH32H417RM.PDF p.182)
CH32H417,,,,66,SPI2_RX,,,#,confirmed,rm:zh(CH32H417RM.PDF p.154)+rm:en(CH32H417RM.PDF p.182)
CH32H417,,,,67,SPI3_TX,,,#,confirmed,rm:zh(CH32H417RM.PDF p.154)+rm:en(CH32H417RM.PDF p.182)
CH32H417,,,,68,SPI3_RX,,,#,confirmed,rm:zh(CH32H417RM.PDF p.154)+rm:en(CH32H417RM.PDF p.182)
CH32H417,,,,69,SPI4_TX,,,#,confirmed,rm:zh(CH32H417RM.PDF p.154)+rm:en(CH32H417RM.PDF p.182)
CH32H417,,,,70,SPI4_RX,,,#,confirmed,rm:zh(CH32H417RM.PDF p.154)+rm:en(CH32H417RM.PDF p.182)
CH32H417,,,,71,QSPI1_DMA,,,#,confirmed,rm:zh(CH32H417RM.PDF p.154)+rm:en(CH32H417RM.PDF p.183)
CH32H417,,,,72,QSPI2_DMA,,,#,confirmed,rm:zh(CH32H417RM.PDF p.154)+rm:en(CH32H417RM.PDF p.183)
CH32H417,,,,73,I2C1_TX,,,#,confirmed,rm:zh(CH32H417RM.PDF p.154)+rm:en(CH32H417RM.PDF p.183)
CH32H417,,,,74,I2C1_RX,,,#,confirmed,rm:zh(CH32H417RM.PDF p.154)+rm:en(CH32H417RM.PDF p.183)
CH32H417,,,,75,I2C2_TX,,,#,confirmed,rm:zh(CH32H417RM.PDF p.154)+rm:en(CH32H417RM.PDF p.183)
CH32H417,,,,76,I2C2_RX,,,#,confirmed,rm:zh(CH32H417RM.PDF p.154)+rm:en(CH32H417RM.PDF p.183)
CH32H417,,,,77,I2C3_TX,,,#,confirmed,rm:zh(CH32H417RM.PDF p.154)+rm:en(CH32H417RM.PDF p.183)
CH32H417,,,,78,I2C3_RX,,,#,confirmed,rm:zh(CH32H417RM.PDF p.154)+rm:en(CH32H417RM.PDF p.183)
CH32H417,,,,79,I2C4_TX,,,#,confirmed,rm:zh(CH32H417RM.PDF p.154)+rm:en(CH32H417RM.PDF p.183)
CH32H417,,,,80,I2C4_RX,,,#,confirmed,rm:zh(CH32H417RM.PDF p.154)+rm:en(CH32H417RM.PDF p.183)
CH32H417,,,,81,I3C_RS,,,#,confirmed,rm:zh(CH32H417RM.PDF p.154)+rm:en(CH32H417RM.PDF p.183)
CH32H417,,,,82,I3C_TC,,,#,confirmed,rm:zh(CH32H417RM.PDF p.154)+rm:en(CH32H417RM.PDF p.183)
CH32H417,,,,83,I3C_TX,,,#,confirmed,rm:zh(CH32H417RM.PDF p.154)+rm:en(CH32H417RM.PDF p.182)
CH32H417,,,,84,I3X_RX,,as printed; RM typo for I3C_RX,#,confirmed,rm:zh(CH32H417RM.PDF p.154)+rm:en(CH32H417RM.PDF p.182)
CH32H417,,,,85,USART1_TX,,,#,confirmed,rm:zh(CH32H417RM.PDF p.154)+rm:en(CH32H417RM.PDF p.182)
CH32H417,,,,86,USART1_RX,,,#,confirmed,rm:zh(CH32H417RM.PDF p.154)+rm:en(CH32H417RM.PDF p.182)
CH32H417,,,,87,USART2_TX,,,#,confirmed,rm:zh(CH32H417RM.PDF p.154)+rm:en(CH32H417RM.PDF p.182)
CH32H417,,,,88,USART2_RX,,,#,confirmed,rm:zh(CH32H417RM.PDF p.154)+rm:en(CH32H417RM.PDF p.182)
CH32H417,,,,89,USART3_TX,,,#,confirmed,rm:zh(CH32H417RM.PDF p.154)+rm:en(CH32H417RM.PDF p.182)
CH32H417,,,,90,USART3_RX,,,#,confirmed,rm:zh(CH32H417RM.PDF p.154)+rm:en(CH32H417RM.PDF p.182)
CH32H417,,,,91,USART4_TX,,,#,confirmed,rm:zh(CH32H417RM.PDF p.154)+rm:en(CH32H417RM.PDF p.182)
CH32H417,,,,92,USART4_RX,,,#,confirmed,rm:zh(CH32H417RM.PDF p.154)+rm:en(CH32H417RM.PDF p.182)
CH32H417,,,,93,USART5_TX,,,#,confirmed,rm:zh(CH32H417RM.PDF p.154)+rm:en(CH32H417RM.PDF p.182)
CH32H417,,,,94,USART5_RX,,,#,confirmed,rm:zh(CH32H417RM.PDF p.154)+rm:en(CH32H417RM.PDF p.182)
CH32H417,,,,95,USART6_TX,,,#,confirmed,rm:zh(CH32H417RM.PDF p.154)+rm:en(CH32H417RM.PDF p.182)
CH32H417,,,,96,USART6_RX,,,#,confirmed,rm:zh(CH32H417RM.PDF p.154)+rm:en(CH32H417RM.PDF p.182)
CH32H417,,,,97,USART7_TX,,,#,confirmed,rm:zh(CH32H417RM.PDF p.154)+rm:en(CH32H417RM.PDF p.182)
CH32H417,,,,98,USART7_RX,,,#,confirmed,rm:zh(CH32H417RM.PDF p.154)+rm:en(CH32H417RM.PDF p.182)
CH32H417,,,,99,USART8_TX,,,#,confirmed,rm:zh(CH32H417RM.PDF p.154)+rm:en(CH32H417RM.PDF p.182)
CH32H417,,,,100,USART8_RX,,,#,confirmed,rm:zh(CH32H417RM.PDF p.154)+rm:en(CH32H417RM.PDF p.182)
CH32H417,,,,101,SWPMI_TX,,,#,confirmed,rm:zh(CH32H417RM.PDF p.154)+rm:en(CH32H417RM.PDF p.182)
CH32H417,,,,102,SWPMI_RX,,,#,confirmed,rm:zh(CH32H417RM.PDF p.154)+rm:en(CH32H417RM.PDF p.182)
CH32H417,,,,103,DAC1,,,#,confirmed,rm:zh(CH32H417RM.PDF p.154)+rm:en(CH32H417RM.PDF p.182)
CH32H417,,,,104,DAC2,,,#,confirmed,rm:zh(CH32H417RM.PDF p.154)+rm:en(CH32H417RM.PDF p.182)
CH32H417,,,,107,DFSDM_DMA0,,,#,confirmed,rm:zh(CH32H417RM.PDF p.154)+rm:en(CH32H417RM.PDF p.182)
CH32H417,,,,108,DFSDM_DMA1,,,#,confirmed,rm:zh(CH32H417RM.PDF p.154)+rm:en(CH32H417RM.PDF p.182)
CH32H417,,,,111,SDIO,,,#,confirmed,rm:zh(CH32H417RM.PDF p.154)+rm:en(CH32H417RM.PDF p.182)
CH32H417,,,,112,SAI_A_TX,,,#,confirmed,rm:zh(CH32H417RM.PDF p.154)+rm:en(CH32H417RM.PDF p.183)
CH32H417,,,,113,SAI_A_RX,,,#,confirmed,rm:zh(CH32H417RM.PDF p.154)+rm:en(CH32H417RM.PDF p.183)
CH32H417,,,,114,SAI_B_TX,,,#,confirmed,rm:zh(CH32H417RM.PDF p.154)+rm:en(CH32H417RM.PDF p.183)
CH32H417,,,,115,SAI_B_RX,,,#,confirmed,rm:zh(CH32H417RM.PDF p.154)+rm:en(CH32H417RM.PDF p.183)
CH32H417,,,,120,ADC1,,,#,confirmed,rm:zh(CH32H417RM.PDF p.154)+rm:en(CH32H417RM.PDF p.183)
CH32H417,,,,121,ADC2,,,#,confirmed,rm:zh(CH32H417RM.PDF p.154)+rm:en(CH32H417RM.PDF p.183)
CH32H417,,,,122,TIM6_UP,,,#,confirmed,rm:zh(CH32H417RM.PDF p.154)+rm:en(CH32H417RM.PDF p.183)
CH32H417,,,,123,TIM7_UP,,,#,confirmed,rm:zh(CH32H417RM.PDF p.154)+rm:en(CH32H417RM.PDF p.183)
CH32L103,,DMA1,1,,ADC,,,#,confirmed,rm:zh(CH32L103RM.PDF p.102)+rm:en(CH32L103RM.PDF p.120)
CH32L103,,DMA1,1,,TIM2_CH3,,,#,confirmed,rm:zh(CH32L103RM.PDF p.103)+rm:en(CH32L103RM.PDF p.121)
CH32L103,,DMA1,1,,TIM4_CH1,,,#,confirmed,rm:zh(CH32L103RM.PDF p.103)+rm:en(CH32L103RM.PDF p.121)
CH32L103,,DMA1,1,,USART4_TX,,,#,confirmed,rm:zh(CH32L103RM.PDF p.102)+rm:en(CH32L103RM.PDF p.121)
CH32L103,,DMA1,2,,SPI1_RX,,,#,confirmed,rm:zh(CH32L103RM.PDF p.102)+rm:en(CH32L103RM.PDF p.120)
CH32L103,,DMA1,2,,TIM1_CH1,,,#,confirmed,rm:zh(CH32L103RM.PDF p.103)+rm:en(CH32L103RM.PDF p.121)
CH32L103,,DMA1,2,,TIM2_UP,,,#,confirmed,rm:zh(CH32L103RM.PDF p.103)+rm:en(CH32L103RM.PDF p.121)
CH32L103,,DMA1,2,,TIM3_CH3,,,#,confirmed,rm:zh(CH32L103RM.PDF p.103)+rm:en(CH32L103RM.PDF p.121)
CH32L103,,DMA1,2,,USART3_TX,,,#,confirmed,rm:zh(CH32L103RM.PDF p.102)+rm:en(CH32L103RM.PDF p.121)
CH32L103,,DMA1,3,,SPI1_TX,,,#,confirmed,rm:zh(CH32L103RM.PDF p.102)+rm:en(CH32L103RM.PDF p.120)
CH32L103,,DMA1,3,,TIM1_CH2,,,#,confirmed,rm:zh(CH32L103RM.PDF p.103)+rm:en(CH32L103RM.PDF p.121)
CH32L103,,DMA1,3,,TIM3_CH4,,,#,confirmed,rm:zh(CH32L103RM.PDF p.103)+rm:en(CH32L103RM.PDF p.121)
CH32L103,,DMA1,3,,TIM3_UP,,,#,confirmed,rm:zh(CH32L103RM.PDF p.103)+rm:en(CH32L103RM.PDF p.121)
CH32L103,,DMA1,3,,USART3_RX,,,#,confirmed,rm:zh(CH32L103RM.PDF p.102)+rm:en(CH32L103RM.PDF p.121)
CH32L103,,DMA1,4,,I2C2_TX,,,#,confirmed,rm:zh(CH32L103RM.PDF p.103)+rm:en(CH32L103RM.PDF p.121)
CH32L103,,DMA1,4,,SPI2_RX,,,#,confirmed,rm:zh(CH32L103RM.PDF p.102)+rm:en(CH32L103RM.PDF p.120)
CH32L103,,DMA1,4,,TIM1_CH4,,,#,confirmed,rm:zh(CH32L103RM.PDF p.103)+rm:en(CH32L103RM.PDF p.121)
CH32L103,,DMA1,4,,TIM1_COM,,,#,confirmed,rm:zh(CH32L103RM.PDF p.103)+rm:en(CH32L103RM.PDF p.121)
CH32L103,,DMA1,4,,TIM1_TRIG,,,#,confirmed,rm:zh(CH32L103RM.PDF p.103)+rm:en(CH32L103RM.PDF p.121)
CH32L103,,DMA1,4,,TIM4_CH2,,,#,confirmed,rm:zh(CH32L103RM.PDF p.103)+rm:en(CH32L103RM.PDF p.121)
CH32L103,,DMA1,4,,USART1_TX,,,#,confirmed,rm:zh(CH32L103RM.PDF p.102)+rm:en(CH32L103RM.PDF p.120)
CH32L103,,DMA1,5,,I2C2_RX,,,#,confirmed,rm:zh(CH32L103RM.PDF p.103)+rm:en(CH32L103RM.PDF p.121)
CH32L103,,DMA1,5,,SPI2_TX,,,#,confirmed,rm:zh(CH32L103RM.PDF p.102)+rm:en(CH32L103RM.PDF p.120)
CH32L103,,DMA1,5,,TIM1_UP,,,#,confirmed,rm:zh(CH32L103RM.PDF p.103)+rm:en(CH32L103RM.PDF p.121)
CH32L103,,DMA1,5,,TIM2_CH1,,,#,confirmed,rm:zh(CH32L103RM.PDF p.103)+rm:en(CH32L103RM.PDF p.121)
CH32L103,,DMA1,5,,TIM4_CH3,,,#,confirmed,rm:zh(CH32L103RM.PDF p.103)+rm:en(CH32L103RM.PDF p.121)
CH32L103,,DMA1,5,,USART1_RX,,,#,confirmed,rm:zh(CH32L103RM.PDF p.102)+rm:en(CH32L103RM.PDF p.120)
CH32L103,,DMA1,6,,I2C1_TX,,,#,confirmed,rm:zh(CH32L103RM.PDF p.102)+rm:en(CH32L103RM.PDF p.121)
CH32L103,,DMA1,6,,TIM1_CH3,,,#,confirmed,rm:zh(CH32L103RM.PDF p.103)+rm:en(CH32L103RM.PDF p.121)
CH32L103,,DMA1,6,,TIM3_CH1,,,#,confirmed,rm:zh(CH32L103RM.PDF p.103)+rm:en(CH32L103RM.PDF p.121)
CH32L103,,DMA1,6,,TIM3_TRIG,,,#,confirmed,rm:zh(CH32L103RM.PDF p.103)+rm:en(CH32L103RM.PDF p.121)
CH32L103,,DMA1,6,,USART2_RX,,,#,confirmed,rm:zh(CH32L103RM.PDF p.102)+rm:en(CH32L103RM.PDF p.121)
CH32L103,,DMA1,7,,I2C1_RX,,,#,confirmed,rm:zh(CH32L103RM.PDF p.102)+rm:en(CH32L103RM.PDF p.121)
CH32L103,,DMA1,7,,TIM2_CH2,,,#,confirmed,rm:zh(CH32L103RM.PDF p.103)+rm:en(CH32L103RM.PDF p.121)
CH32L103,,DMA1,7,,TIM4_UP,,,#,confirmed,rm:zh(CH32L103RM.PDF p.103)+rm:en(CH32L103RM.PDF p.121)
CH32L103,,DMA1,7,,USART2_TX,,,#,confirmed,rm:zh(CH32L103RM.PDF p.102)+rm:en(CH32L103RM.PDF p.121)
CH32L103,,DMA1,8,,TIM2_CH4,,,#,confirmed,rm:zh(CH32L103RM.PDF p.103)+rm:en(CH32L103RM.PDF p.121)
CH32L103,,DMA1,8,,USART4_RX,,,#,confirmed,rm:zh(CH32L103RM.PDF p.102)+rm:en(CH32L103RM.PDF p.121)
CH32M030,,DMA1,1,,ADC,,,#,confirmed,rm:zh(CH32M030RM.PDF p.66)+rm:en(CH32M030RM.PDF p.74)
CH32M030,,DMA1,1,,TIM1_CH1,,,#,confirmed,rm:zh(CH32M030RM.PDF p.66)+rm:en(CH32M030RM.PDF p.74)
CH32M030,,DMA1,1,,TIM3_CH1,,,#,confirmed,rm:zh(CH32M030RM.PDF p.66)+rm:en(CH32M030RM.PDF p.75)
CH32M030,,DMA1,2,,SPI1_RX,,,#,confirmed,rm:zh(CH32M030RM.PDF p.66)+rm:en(CH32M030RM.PDF p.74)
CH32M030,,DMA1,2,,TIM1_CH2,,,#,confirmed,rm:zh(CH32M030RM.PDF p.66)+rm:en(CH32M030RM.PDF p.74)
CH32M030,,DMA1,2,,TIM2_TRIG,,,#,confirmed,rm:zh(CH32M030RM.PDF p.66)+rm:en(CH32M030RM.PDF p.75)
CH32M030,,DMA1,2,,TIM3_CH2,,,#,confirmed,rm:zh(CH32M030RM.PDF p.66)+rm:en(CH32M030RM.PDF p.75)
CH32M030,,DMA1,3,,SPI1_TX,,,#,confirmed,rm:zh(CH32M030RM.PDF p.66)+rm:en(CH32M030RM.PDF p.74)
CH32M030,,DMA1,3,,TIM1_CH3,,,#,confirmed,rm:zh(CH32M030RM.PDF p.66)+rm:en(CH32M030RM.PDF p.74)
CH32M030,,DMA1,3,,TIM2_UP,,,#,confirmed,rm:zh(CH32M030RM.PDF p.66)+rm:en(CH32M030RM.PDF p.75)
CH32M030,,DMA1,3,,TIM3_UP,,,#,confirmed,rm:zh(CH32M030RM.PDF p.66)+rm:en(CH32M030RM.PDF p.75)
CH32M030,,DMA1,4,,I2C1_TX,,,#,confirmed,rm:zh(CH32M030RM.PDF p.66)+rm:en(CH32M030RM.PDF p.74)
CH32M030,,DMA1,4,,TIM1_CH4,,,#,confirmed,rm:zh(CH32M030RM.PDF p.66)+rm:en(CH32M030RM.PDF p.74)
CH32M030,,DMA1,4,,TIM1_COM,,,#,confirmed,rm:zh(CH32M030RM.PDF p.66)+rm:en(CH32M030RM.PDF p.75)
CH32M030,,DMA1,4,,TIM2_CH4,,,#,confirmed,rm:zh(CH32M030RM.PDF p.66)+rm:en(CH32M030RM.PDF p.75)
CH32M030,,DMA1,4,,TIM3_TRIG,,,#,confirmed,rm:zh(CH32M030RM.PDF p.66)+rm:en(CH32M030RM.PDF p.75)
CH32M030,,DMA1,5,,I2C1_RX,,,#,confirmed,rm:zh(CH32M030RM.PDF p.66)+rm:en(CH32M030RM.PDF p.74)
CH32M030,,DMA1,5,,TIM1_CH5,,,#,confirmed,rm:zh(CH32M030RM.PDF p.66)+rm:en(CH32M030RM.PDF p.74)
CH32M030,,DMA1,5,,TIM2_CH3,,,#,confirmed,rm:zh(CH32M030RM.PDF p.66)+rm:en(CH32M030RM.PDF p.75)
CH32M030,,DMA1,6,,TIM1_UP,,,#,confirmed,rm:zh(CH32M030RM.PDF p.66)+rm:en(CH32M030RM.PDF p.74)
CH32M030,,DMA1,6,,TIM2_CH2,,,#,confirmed,rm:zh(CH32M030RM.PDF p.66)+rm:en(CH32M030RM.PDF p.75)
CH32M030,,DMA1,6,,UART1_TX,,,#,confirmed,rm:zh(CH32M030RM.PDF p.66)+rm:en(CH32M030RM.PDF p.74)
CH32M030,,DMA1,7,,TIM1_TRIG,,,#,confirmed,rm:zh(CH32M030RM.PDF p.66)+rm:en(CH32M030RM.PDF p.74)
CH32M030,,DMA1,7,,TIM2_CH1,,,#,confirmed,rm:zh(CH32M030RM.PDF p.66)+rm:en(CH32M030RM.PDF p.75)
CH32M030,,DMA1,7,,UART1_RX,,,#,confirmed,rm:zh(CH32M030RM.PDF p.66)+rm:en(CH32M030RM.PDF p.74)
CH32V003,,DMA1,1,,ADC1,,,#,confirmed,rm:zh(CH32V003RM.PDF p.67)+rm:en(CH32V003RM.PDF p.65)
CH32V003,,DMA1,1,,TIM2_CH3,,,#,confirmed,rm:zh(CH32V003RM.PDF p.67)+rm:en(CH32V003RM.PDF p.65)
CH32V003,,DMA1,2,,SPI1_RX,,,#,confirmed,rm:zh(CH32V003RM.PDF p.67)+rm:en(CH32V003RM.PDF p.65)
CH32V003,,DMA1,2,,TIM1_CH1,,,#,confirmed,rm:zh(CH32V003RM.PDF p.67)+rm:en(CH32V003RM.PDF p.65)
CH32V003,,DMA1,2,,TIM2_UP,,,#,confirmed,rm:zh(CH32V003RM.PDF p.67)+rm:en(CH32V003RM.PDF p.65)
CH32V003,,DMA1,3,,SPI1_TX,,,#,confirmed,rm:zh(CH32V003RM.PDF p.67)+rm:en(CH32V003RM.PDF p.65)
CH32V003,,DMA1,3,,TIM1_CH2,,,#,confirmed,rm:zh(CH32V003RM.PDF p.67)+rm:en(CH32V003RM.PDF p.65)
CH32V003,,DMA1,4,,TIM1_CH4,,,#,confirmed,rm:zh(CH32V003RM.PDF p.67)+rm:en(CH32V003RM.PDF p.65)
CH32V003,,DMA1,4,,TIM1_COM,,,#,confirmed,rm:zh(CH32V003RM.PDF p.67)+rm:en(CH32V003RM.PDF p.65)
CH32V003,,DMA1,4,,TIM1_TRIG,,,#,confirmed,rm:zh(CH32V003RM.PDF p.67)+rm:en(CH32V003RM.PDF p.65)
CH32V003,,DMA1,4,,USART1_TX,,,#,confirmed,rm:zh(CH32V003RM.PDF p.67)+rm:en(CH32V003RM.PDF p.65)
CH32V003,,DMA1,5,,TIM1_UP,,,#,confirmed,rm:zh(CH32V003RM.PDF p.67)+rm:en(CH32V003RM.PDF p.65)
CH32V003,,DMA1,5,,TIM2_CH1,,,#,confirmed,rm:zh(CH32V003RM.PDF p.67)+rm:en(CH32V003RM.PDF p.65)
CH32V003,,DMA1,5,,USART1_RX,,,#,confirmed,rm:zh(CH32V003RM.PDF p.67)+rm:en(CH32V003RM.PDF p.65)
CH32V003,,DMA1,6,,I2C1_TX,,,#,confirmed,rm:zh(CH32V003RM.PDF p.67)+rm:en(CH32V003RM.PDF p.65)
CH32V003,,DMA1,6,,TIM1_CH3,,,#,confirmed,rm:zh(CH32V003RM.PDF p.67)+rm:en(CH32V003RM.PDF p.65)
CH32V003,,DMA1,7,,I2C1_RX,,,#,confirmed,rm:zh(CH32V003RM.PDF p.67)+rm:en(CH32V003RM.PDF p.65)
CH32V003,,DMA1,7,,TIM2_CH2,,,#,confirmed,rm:zh(CH32V003RM.PDF p.67)+rm:en(CH32V003RM.PDF p.65)
CH32V003,,DMA1,7,,TIM2_CH4,,,#,confirmed,rm:zh(CH32V003RM.PDF p.67)+rm:en(CH32V003RM.PDF p.65)
CH32V006,,DMA1,1,,ADC,,,#,confirmed,rm:zh(CH32V00XRM.PDF p.79)+rm:en(CH32V00XRM.PDF p.94)
CH32V006,,DMA1,1,,TIM2_CH3,,,#,confirmed,rm:zh(CH32V00XRM.PDF p.79)+rm:en(CH32V00XRM.PDF p.94)
CH32V006,,DMA1,1,,TIM3_CH3,,（1）（2）,#,confirmed,rm:zh(CH32V00XRM.PDF p.79)+rm:en(CH32V00XRM.PDF p.94)
CH32V006,,DMA1,2,,SPI1_RX,,,#,confirmed,rm:zh(CH32V00XRM.PDF p.79)+rm:en(CH32V00XRM.PDF p.94)
CH32V006,,DMA1,2,,TIM1_CH1,,,#,confirmed,rm:zh(CH32V00XRM.PDF p.79)+rm:en(CH32V00XRM.PDF p.94)
CH32V006,,DMA1,2,,TIM2_UP,,,#,confirmed,rm:zh(CH32V00XRM.PDF p.79)+rm:en(CH32V00XRM.PDF p.94)
CH32V006,,DMA1,2,,TIM3_CH3,,（1）,#,confirmed,rm:zh(CH32V00XRM.PDF p.79)+rm:en(CH32V00XRM.PDF p.94)
CH32V006,,DMA1,3,,SPI1_TX,,,#,confirmed,rm:zh(CH32V00XRM.PDF p.79)+rm:en(CH32V00XRM.PDF p.94)
CH32V006,,DMA1,3,,TIM1_CH2,,,#,confirmed,rm:zh(CH32V00XRM.PDF p.79)+rm:en(CH32V00XRM.PDF p.94)
CH32V006,,DMA1,3,,TIM3_CH3,,（1）,#,confirmed,rm:zh(CH32V00XRM.PDF p.79)+rm:en(CH32V00XRM.PDF p.94)
CH32V006,,DMA1,4,,TIM1_CH4,,,#,confirmed,rm:zh(CH32V00XRM.PDF p.79)+rm:en(CH32V00XRM.PDF p.94)
CH32V006,,DMA1,4,,TIM1_COM,,,#,confirmed,rm:zh(CH32V00XRM.PDF p.79)+rm:en(CH32V00XRM.PDF p.94)
CH32V006,,DMA1,4,,TIM1_TRIG,,,#,confirmed,rm:zh(CH32V00XRM.PDF p.79)+rm:en(CH32V00XRM.PDF p.94)
CH32V006,,DMA1,4,,TIM3_CH4,,（1）（2）,#,confirmed,rm:zh(CH32V00XRM.PDF p.79)+rm:en(CH32V00XRM.PDF p.94)
CH32V006,,DMA1,4,,USART1_TX,,,#,confirmed,rm:zh(CH32V00XRM.PDF p.79)+rm:en(CH32V00XRM.PDF p.94)
CH32V006,,DMA1,5,,TIM1_UP,,,#,confirmed,rm:zh(CH32V00XRM.PDF p.79)+rm:en(CH32V00XRM.PDF p.94)
CH32V006,,DMA1,5,,TIM2_CH1,,,#,confirmed,rm:zh(CH32V00XRM.PDF p.79)+rm:en(CH32V00XRM.PDF p.94)
CH32V006,,DMA1,5,,TIM3_CH4,,（1）,#,confirmed,rm:zh(CH32V00XRM.PDF p.79)+rm:en(CH32V00XRM.PDF p.94)
CH32V006,,DMA1,5,,USART1_RX,,,#,confirmed,rm:zh(CH32V00XRM.PDF p.79)+rm:en(CH32V00XRM.PDF p.94)
CH32V006,,DMA1,6,,I2C1_TX,,,#,confirmed,rm:zh(CH32V00XRM.PDF p.79)+rm:en(CH32V00XRM.PDF p.94)
CH32V006,,DMA1,6,,TIM1_CH3,,,#,confirmed,rm:zh(CH32V00XRM.PDF p.79)+rm:en(CH32V00XRM.PDF p.94)
CH32V006,,DMA1,6,,TIM3_CH4,,（1）,#,confirmed,rm:zh(CH32V00XRM.PDF p.79)+rm:en(CH32V00XRM.PDF p.94)
CH32V006,,DMA1,6,,USART2_TX,,,#,confirmed,rm:zh(CH32V00XRM.PDF p.79)+rm:en(CH32V00XRM.PDF p.94)
CH32V006,,DMA1,7,,I2C1_RX,,,#,confirmed,rm:zh(CH32V00XRM.PDF p.79)+rm:en(CH32V00XRM.PDF p.94)
CH32V006,,DMA1,7,,TIM2_CH2,,,#,confirmed,rm:zh(CH32V00XRM.PDF p.79)+rm:en(CH32V00XRM.PDF p.94)
CH32V006,,DMA1,7,,TIM2_CH4,,,#,confirmed,rm:zh(CH32V00XRM.PDF p.79)+rm:en(CH32V00XRM.PDF p.94)
CH32V006,,DMA1,7,,USART2_RX,,,#,confirmed,rm:zh(CH32V00XRM.PDF p.79)+rm:en(CH32V00XRM.PDF p.94)
CH32V103,,DMA1,1,,ADC,,,#,confirmed,rm:zh(CH32xRM.PDF p.89)+rm:en(CH32xRM.PDF p.104)
CH32V103,,DMA1,1,,TIM2_CH3,,,#,confirmed,rm:zh(CH32xRM.PDF p.89)+rm:en(CH32xRM.PDF p.104)
CH32V103,,DMA1,1,,TIM4_CH1,,,#,confirmed,rm:zh(CH32xRM.PDF p.90)+rm:en(CH32xRM.PDF p.105)
CH32V103,,DMA1,2,,SPI1_RX,,,#,confirmed,rm:zh(CH32xRM.PDF p.89)+rm:en(CH32xRM.PDF p.104)
CH32V103,,DMA1,2,,TIM1_CH1,,,#,confirmed,rm:zh(CH32xRM.PDF p.89)+rm:en(CH32xRM.PDF p.104)
CH32V103,,DMA1,2,,TIM2_UP,,,#,confirmed,rm:zh(CH32xRM.PDF p.89)+rm:en(CH32xRM.PDF p.104)
CH32V103,,DMA1,2,,TIM3_CH3,,,#,confirmed,rm:zh(CH32xRM.PDF p.89)+rm:en(CH32xRM.PDF p.104)
CH32V103,,DMA1,2,,USART3_TX,,,#,confirmed,rm:zh(CH32xRM.PDF p.89)+rm:en(CH32xRM.PDF p.104)
CH32V103,,DMA1,3,,DAC_CH1,,,#,confirmed,rm:zh(CH32xRM.PDF p.89)+rm:en(CH32xRM.PDF p.104)
CH32V103,,DMA1,3,,SPI1_TX,,,#,confirmed,rm:zh(CH32xRM.PDF p.89)+rm:en(CH32xRM.PDF p.104)
CH32V103,,DMA1,3,,TIM1_CH2,,,#,confirmed,rm:zh(CH32xRM.PDF p.89)+rm:en(CH32xRM.PDF p.104)
CH32V103,,DMA1,3,,TIM3_CH4,,,#,confirmed,rm:zh(CH32xRM.PDF p.89)+rm:en(CH32xRM.PDF p.104)
CH32V103,,DMA1,3,,TIM3_UP,,,#,confirmed,rm:zh(CH32xRM.PDF p.89)+rm:en(CH32xRM.PDF p.104)
CH32V103,,DMA1,3,,USART3_RX,,,#,confirmed,rm:zh(CH32xRM.PDF p.89)+rm:en(CH32xRM.PDF p.104)
CH32V103,,DMA1,4,,DAC_CH2,,,#,confirmed,rm:zh(CH32xRM.PDF p.89)+rm:en(CH32xRM.PDF p.104)
CH32V103,,DMA1,4,,I2C2_TX,,,#,confirmed,rm:zh(CH32xRM.PDF p.90)+rm:en(CH32xRM.PDF p.105)
CH32V103,,DMA1,4,,SPI2_RX,,,#,confirmed,rm:zh(CH32xRM.PDF p.89)+rm:en(CH32xRM.PDF p.104)
CH32V103,,DMA1,4,,TIM1_CH4,,,#,confirmed,rm:zh(CH32xRM.PDF p.89)+rm:en(CH32xRM.PDF p.104)
CH32V103,,DMA1,4,,TIM1_COM,,,#,confirmed,rm:zh(CH32xRM.PDF p.89)+rm:en(CH32xRM.PDF p.104)
CH32V103,,DMA1,4,,TIM1_TRIG,,,#,confirmed,rm:zh(CH32xRM.PDF p.89)+rm:en(CH32xRM.PDF p.104)
CH32V103,,DMA1,4,,TIM4_CH2,,,#,confirmed,rm:zh(CH32xRM.PDF p.90)+rm:en(CH32xRM.PDF p.105)
CH32V103,,DMA1,4,,USART1_TX,,,#,confirmed,rm:zh(CH32xRM.PDF p.89)+rm:en(CH32xRM.PDF p.104)
CH32V103,,DMA1,5,,I2C2_RX,,,#,confirmed,rm:zh(CH32xRM.PDF p.90)+rm:en(CH32xRM.PDF p.105)
CH32V103,,DMA1,5,,SPI2_TX,,,#,confirmed,rm:zh(CH32xRM.PDF p.89)+rm:en(CH32xRM.PDF p.104)
CH32V103,,DMA1,5,,TIM1_UP,,,#,confirmed,rm:zh(CH32xRM.PDF p.89)+rm:en(CH32xRM.PDF p.104)
CH32V103,,DMA1,5,,TIM2_CH1,,,#,confirmed,rm:zh(CH32xRM.PDF p.89)+rm:en(CH32xRM.PDF p.104)
CH32V103,,DMA1,5,,TIM4_CH3,,,#,confirmed,rm:zh(CH32xRM.PDF p.90)+rm:en(CH32xRM.PDF p.105)
CH32V103,,DMA1,5,,USART1_RX,,,#,confirmed,rm:zh(CH32xRM.PDF p.89)+rm:en(CH32xRM.PDF p.104)
CH32V103,,DMA1,6,,I2C1_TX,,,#,confirmed,rm:zh(CH32xRM.PDF p.90)+rm:en(CH32xRM.PDF p.105)
CH32V103,,DMA1,6,,TIM1_CH3,,,#,confirmed,rm:zh(CH32xRM.PDF p.89)+rm:en(CH32xRM.PDF p.104)
CH32V103,,DMA1,6,,TIM3_CH1,,,#,confirmed,rm:zh(CH32xRM.PDF p.89)+rm:en(CH32xRM.PDF p.104)
CH32V103,,DMA1,6,,TIM3_TRIG,,,#,confirmed,rm:zh(CH32xRM.PDF p.89)+rm:en(CH32xRM.PDF p.104)
CH32V103,,DMA1,6,,USART2_RX,,,#,confirmed,rm:zh(CH32xRM.PDF p.89)+rm:en(CH32xRM.PDF p.104)
CH32V103,,DMA1,7,,I2C1_RX,,,#,confirmed,rm:zh(CH32xRM.PDF p.90)+rm:en(CH32xRM.PDF p.105)
CH32V103,,DMA1,7,,TIM2_CH2,,,#,confirmed,rm:zh(CH32xRM.PDF p.89)+rm:en(CH32xRM.PDF p.104)
CH32V103,,DMA1,7,,TIM2_CH4,,,#,confirmed,rm:zh(CH32xRM.PDF p.89)+rm:en(CH32xRM.PDF p.104)
CH32V103,,DMA1,7,,TIM4_UP,,,#,confirmed,rm:zh(CH32xRM.PDF p.90)+rm:en(CH32xRM.PDF p.105)
CH32V103,,DMA1,7,,USART2_TX,,,#,confirmed,rm:zh(CH32xRM.PDF p.89)+rm:en(CH32xRM.PDF p.104)
CH32V205,,DMA1,1,,ADC*,,,#,confirmed,rm:zh(CH32V205RM.PDF p.99)+rm:en(CH32V205RM.PDF p.115)
CH32V205,,DMA1,1,,TIM2_CH3,,,#,confirmed,rm:zh(CH32V205RM.PDF p.100)+rm:en(CH32V205RM.PDF p.116)
CH32V205,,DMA1,1,,TIM4_CH1*,,,#,confirmed,rm:zh(CH32V205RM.PDF p.100)+rm:en(CH32V205RM.PDF p.116)
CH32V205,,DMA1,1,,USART4_TX,,,#,confirmed,rm:zh(CH32V205RM.PDF p.99)+rm:en(CH32V205RM.PDF p.116)
CH32V205,,DMA1,2,,SPI1_RX*,,,#,confirmed,rm:zh(CH32V205RM.PDF p.99)+rm:en(CH32V205RM.PDF p.115)
CH32V205,,DMA1,2,,TIM1_CH1,,,#,confirmed,rm:zh(CH32V205RM.PDF p.99)+rm:en(CH32V205RM.PDF p.116)
CH32V205,,DMA1,2,,TIM2_UP*,,,#,confirmed,rm:zh(CH32V205RM.PDF p.100)+rm:en(CH32V205RM.PDF p.116)
CH32V205,,DMA1,2,,TIM3_CH3*,,,#,confirmed,rm:zh(CH32V205RM.PDF p.100)+rm:en(CH32V205RM.PDF p.116)
CH32V205,,DMA1,2,,USART3_TX,,,#,confirmed,rm:zh(CH32V205RM.PDF p.99)+rm:en(CH32V205RM.PDF p.115)
CH32V205,,DMA1,3,,SPI1_TX*,,,#,confirmed,rm:zh(CH32V205RM.PDF p.99)+rm:en(CH32V205RM.PDF p.115)
CH32V205,,DMA1,3,,TIM1_CH2,,,#,confirmed,rm:zh(CH32V205RM.PDF p.99)+rm:en(CH32V205RM.PDF p.116)
CH32V205,,DMA1,3,,TIM3_CH4*,,,#,confirmed,rm:zh(CH32V205RM.PDF p.100)+rm:en(CH32V205RM.PDF p.116)
CH32V205,,DMA1,3,,TIM3_UP,,,#,confirmed,rm:zh(CH32V205RM.PDF p.100)+rm:en(CH32V205RM.PDF p.116)
CH32V205,,DMA1,3,,USART3_RX,,,#,confirmed,rm:zh(CH32V205RM.PDF p.99)+rm:en(CH32V205RM.PDF p.115)
CH32V205,,DMA1,4,,I2C2_TX,,,#,confirmed,rm:zh(CH32V205RM.PDF p.99)+rm:en(CH32V205RM.PDF p.116)
CH32V205,,DMA1,4,,SPI2_RX*,,,#,confirmed,rm:zh(CH32V205RM.PDF p.99)+rm:en(CH32V205RM.PDF p.115)
CH32V205,,DMA1,4,,TIM1_CH4,,,#,confirmed,rm:zh(CH32V205RM.PDF p.99)+rm:en(CH32V205RM.PDF p.116)
CH32V205,,DMA1,4,,TIM1_COM,,,#,confirmed,rm:zh(CH32V205RM.PDF p.100)+rm:en(CH32V205RM.PDF p.116)
CH32V205,,DMA1,4,,TIM1_TRIG,,,#,confirmed,rm:zh(CH32V205RM.PDF p.99)+rm:en(CH32V205RM.PDF p.116)
CH32V205,,DMA1,4,,USART1_TX,,,#,confirmed,rm:zh(CH32V205RM.PDF p.99)+rm:en(CH32V205RM.PDF p.115)
CH32V205,,DMA1,5,,I2C2_RX,,,#,confirmed,rm:zh(CH32V205RM.PDF p.99)+rm:en(CH32V205RM.PDF p.116)
CH32V205,,DMA1,5,,SPI2_TX*,,,#,confirmed,rm:zh(CH32V205RM.PDF p.99)+rm:en(CH32V205RM.PDF p.115)
CH32V205,,DMA1,5,,TIM1_UP*,,,#,confirmed,rm:zh(CH32V205RM.PDF p.99)+rm:en(CH32V205RM.PDF p.116)
CH32V205,,DMA1,5,,TIM2_CH1,,,#,confirmed,rm:zh(CH32V205RM.PDF p.100)+rm:en(CH32V205RM.PDF p.116)
CH32V205,,DMA1,5,,TIM4_CH3*,,,#,confirmed,rm:zh(CH32V205RM.PDF p.100)+rm:en(CH32V205RM.PDF p.116)
CH32V205,,DMA1,5,,USART1_RX,,,#,confirmed,rm:zh(CH32V205RM.PDF p.99)+rm:en(CH32V205RM.PDF p.115)
CH32V205,,DMA1,6,,I2C1_TX,,,#,confirmed,rm:zh(CH32V205RM.PDF p.99)+rm:en(CH32V205RM.PDF p.116)
CH32V205,,DMA1,6,,TIM1_CH3,,,#,confirmed,rm:zh(CH32V205RM.PDF p.99)+rm:en(CH32V205RM.PDF p.116)
CH32V205,,DMA1,6,,TIM3_CH1*,,,#,confirmed,rm:zh(CH32V205RM.PDF p.100)+rm:en(CH32V205RM.PDF p.116)
CH32V205,,DMA1,6,,TIM3_TRIG,,,#,confirmed,rm:zh(CH32V205RM.PDF p.100)+rm:en(CH32V205RM.PDF p.116)
CH32V205,,DMA1,6,,USART2_RX,,,#,confirmed,rm:zh(CH32V205RM.PDF p.99)+rm:en(CH32V205RM.PDF p.115)
CH32V205,,DMA1,7,,I2C1_RX,,,#,confirmed,rm:zh(CH32V205RM.PDF p.99)+rm:en(CH32V205RM.PDF p.116)
CH32V205,,DMA1,7,,TIM2_CH2,,,#,confirmed,rm:zh(CH32V205RM.PDF p.100)+rm:en(CH32V205RM.PDF p.116)
CH32V205,,DMA1,7,,TIM2_CH4*,,,#,confirmed,rm:zh(CH32V205RM.PDF p.100)+rm:en(CH32V205RM.PDF p.116)
CH32V205,,DMA1,7,,TIM4_UP*,,,#,confirmed,rm:zh(CH32V205RM.PDF p.100)+rm:en(CH32V205RM.PDF p.116)
CH32V205,,DMA1,7,,USART2_TX,,,#,confirmed,rm:zh(CH32V205RM.PDF p.99)+rm:en(CH32V205RM.PDF p.115)
CH32V205,,DMA1,8,,TIM2_CH4*,,,#,confirmed,rm:zh(CH32V205RM.PDF p.100)+rm:en(CH32V205RM.PDF p.116)
CH32V205,,DMA1,8,,USART4_RX,,,#,confirmed,rm:zh(CH32V205RM.PDF p.99)+rm:en(CH32V205RM.PDF p.116)
CH32V205,,DMA2,1,,QSPI1,,,#,confirmed,rm:zh(CH32V205RM.PDF p.100)+rm:en(CH32V205RM.PDF p.116)
CH32V205,,DMA2,1,,TIM3_CH3*,,,#,confirmed,rm:zh(CH32V205RM.PDF p.100)+rm:en(CH32V205RM.PDF p.116)
CH32V205,,DMA2,1,,USART7_RX,,,#,confirmed,rm:zh(CH32V205RM.PDF p.100)+rm:en(CH32V205RM.PDF p.116)
CH32V205,,DMA2,2,,TIM3_CH4*,,,#,confirmed,rm:zh(CH32V205RM.PDF p.100)+rm:en(CH32V205RM.PDF p.116)
CH32V205,,DMA2,2,,USART5_RX,,,#,confirmed,rm:zh(CH32V205RM.PDF p.100)+rm:en(CH32V205RM.PDF p.116)
CH32V205,,DMA2,3,,TIM3_CH1*,,,#,confirmed,rm:zh(CH32V205RM.PDF p.100)+rm:en(CH32V205RM.PDF p.116)
CH32V205,,DMA2,3,,USART8_RX,,,#,confirmed,rm:zh(CH32V205RM.PDF p.100)+rm:en(CH32V205RM.PDF p.116)
CH32V205,,DMA2,4,,SPI2_RX*,,,#,confirmed,rm:zh(CH32V205RM.PDF p.100)+rm:en(CH32V205RM.PDF p.116)
CH32V205,,DMA2,4,,TIM4_CH1*,,,#,confirmed,rm:zh(CH32V205RM.PDF p.100)+rm:en(CH32V205RM.PDF p.116)
CH32V205,,DMA2,4,,USART5_TX,,,#,confirmed,rm:zh(CH32V205RM.PDF p.100)+rm:en(CH32V205RM.PDF p.116)
CH32V205,,DMA2,5,,SPI2_TX*,,,#,confirmed,rm:zh(CH32V205RM.PDF p.100)+rm:en(CH32V205RM.PDF p.116)
CH32V205,,DMA2,5,,TIM4_CH3*,,,#,confirmed,rm:zh(CH32V205RM.PDF p.100)+rm:en(CH32V205RM.PDF p.116)
CH32V205,,DMA2,5,,USART8_TX,,,#,confirmed,rm:zh(CH32V205RM.PDF p.100)+rm:en(CH32V205RM.PDF p.116)
CH32V205,,DMA2,6,,SPI1_RX*,,,#,confirmed,rm:zh(CH32V205RM.PDF p.100)+rm:en(CH32V205RM.PDF p.116)
CH32V205,,DMA2,6,,TIM1_UP*,,,#,confirmed,rm:zh(CH32V205RM.PDF p.100)+rm:en(CH32V205RM.PDF p.116)
CH32V205,,DMA2,6,,TIM4_CH2,,,#,confirmed,rm:zh(CH32V205RM.PDF p.100)+rm:en(CH32V205RM.PDF p.116)
CH32V205,,DMA2,6,,USART6_TX,,,#,confirmed,rm:zh(CH32V205RM.PDF p.100)+rm:en(CH32V205RM.PDF p.116)
CH32V205,,DMA2,7,,SPI1_TX*,,,#,confirmed,rm:zh(CH32V205RM.PDF p.100)+rm:en(CH32V205RM.PDF p.116)
CH32V205,,DMA2,7,,TIM2_UP*,,,#,confirmed,rm:zh(CH32V205RM.PDF p.100)+rm:en(CH32V205RM.PDF p.116)
CH32V205,,DMA2,7,,TIM4_CH4,,,#,confirmed,rm:zh(CH32V205RM.PDF p.100)+rm:en(CH32V205RM.PDF p.116)
CH32V205,,DMA2,7,,USART6_RX,,,#,confirmed,rm:zh(CH32V205RM.PDF p.100)+rm:en(CH32V205RM.PDF p.116)
CH32V205,,DMA2,8,,ADC*,,,#,confirmed,rm:zh(CH32V205RM.PDF p.100)+rm:en(CH32V205RM.PDF p.116)
CH32V205,,DMA2,8,,TIM3_CH2,,,#,confirmed,rm:zh(CH32V205RM.PDF p.100)+rm:en(CH32V205RM.PDF p.116)
CH32V205,,DMA2,8,,TIM4_UP*,,,#,confirmed,rm:zh(CH32V205RM.PDF p.100)+rm:en(CH32V205RM.PDF p.116)
CH32V205,,DMA2,8,,USART7_TX,,,#,confirmed,rm:zh(CH32V205RM.PDF p.100)+rm:en(CH32V205RM.PDF p.116)
CH32V20x,CH32V20x_D6,DMA1,1,,ADC1,,,#,confirmed,rm:zh(CH32FV2x_V3xRM.PDF p.152)+rm:en(CH32FV2x_V3xRM.PDF p.168)
CH32V20x,CH32V20x_D6,DMA1,1,,TIM2_CH3,,,#,confirmed,rm:zh(CH32FV2x_V3xRM.PDF p.152)+rm:en(CH32FV2x_V3xRM.PDF p.168)
CH32V20x,CH32V20x_D6,DMA1,1,,TIM4_CH1,,,#,confirmed,rm:zh(CH32FV2x_V3xRM.PDF p.152)+rm:en(CH32FV2x_V3xRM.PDF p.168)
CH32V20x,CH32V20x_D6,DMA1,1,,USART4_TX,,,#,confirmed,rm:zh(CH32FV2x_V3xRM.PDF p.152)+rm:en(CH32FV2x_V3xRM.PDF p.168)
CH32V20x,CH32V20x_D6,DMA1,2,,SPI1_RX,,,#,confirmed,rm:zh(CH32FV2x_V3xRM.PDF p.152)+rm:en(CH32FV2x_V3xRM.PDF p.168)
CH32V20x,CH32V20x_D6,DMA1,2,,TIM1_CH1,,,#,confirmed,rm:zh(CH32FV2x_V3xRM.PDF p.152)+rm:en(CH32FV2x_V3xRM.PDF p.168)
CH32V20x,CH32V20x_D6,DMA1,2,,TIM2_UP,,,#,confirmed,rm:zh(CH32FV2x_V3xRM.PDF p.152)+rm:en(CH32FV2x_V3xRM.PDF p.168)
CH32V20x,CH32V20x_D6,DMA1,2,,TIM3_CH3,,,#,confirmed,rm:zh(CH32FV2x_V3xRM.PDF p.152)+rm:en(CH32FV2x_V3xRM.PDF p.168)
CH32V20x,CH32V20x_D6,DMA1,2,,USART3_TX,,,#,confirmed,rm:zh(CH32FV2x_V3xRM.PDF p.152)+rm:en(CH32FV2x_V3xRM.PDF p.168)
CH32V20x,CH32V20x_D6,DMA1,3,,SPI1_TX,,,#,confirmed,rm:zh(CH32FV2x_V3xRM.PDF p.152)+rm:en(CH32FV2x_V3xRM.PDF p.168)
CH32V20x,CH32V20x_D6,DMA1,3,,TIM1_CH2,,,#,confirmed,rm:zh(CH32FV2x_V3xRM.PDF p.152)+rm:en(CH32FV2x_V3xRM.PDF p.168)
CH32V20x,CH32V20x_D6,DMA1,3,,TIM3_CH4,,,#,confirmed,rm:zh(CH32FV2x_V3xRM.PDF p.152)+rm:en(CH32FV2x_V3xRM.PDF p.168)
CH32V20x,CH32V20x_D6,DMA1,3,,TIM3_UP,,,#,confirmed,rm:zh(CH32FV2x_V3xRM.PDF p.152)+rm:en(CH32FV2x_V3xRM.PDF p.168)
CH32V20x,CH32V20x_D6,DMA1,3,,USART3_RX,,,#,confirmed,rm:zh(CH32FV2x_V3xRM.PDF p.152)+rm:en(CH32FV2x_V3xRM.PDF p.168)
CH32V20x,CH32V20x_D6,DMA1,4,,I2C2_TX,,,#,confirmed,rm:zh(CH32FV2x_V3xRM.PDF p.152)+rm:en(CH32FV2x_V3xRM.PDF p.168)
CH32V20x,CH32V20x_D6,DMA1,4,,SPI2_RX,,,#,confirmed,rm:zh(CH32FV2x_V3xRM.PDF p.152)+rm:en(CH32FV2x_V3xRM.PDF p.168)
CH32V20x,CH32V20x_D6,DMA1,4,,TIM1_CH4,,,#,confirmed,rm:zh(CH32FV2x_V3xRM.PDF p.152)+rm:en(CH32FV2x_V3xRM.PDF p.168)
CH32V20x,CH32V20x_D6,DMA1,4,,TIM1_COM,,,#,confirmed,rm:zh(CH32FV2x_V3xRM.PDF p.152)+rm:en(CH32FV2x_V3xRM.PDF p.168)
CH32V20x,CH32V20x_D6,DMA1,4,,TIM1_TRIG,,,#,confirmed,rm:zh(CH32FV2x_V3xRM.PDF p.152)+rm:en(CH32FV2x_V3xRM.PDF p.168)
CH32V20x,CH32V20x_D6,DMA1,4,,TIM4_CH2,,,#,confirmed,rm:zh(CH32FV2x_V3xRM.PDF p.152)+rm:en(CH32FV2x_V3xRM.PDF p.168)
CH32V20x,CH32V20x_D6,DMA1,4,,USART1_TX,,,#,confirmed,rm:zh(CH32FV2x_V3xRM.PDF p.152)+rm:en(CH32FV2x_V3xRM.PDF p.168)
CH32V20x,CH32V20x_D6,DMA1,5,,I2C2_RX,,,#,confirmed,rm:zh(CH32FV2x_V3xRM.PDF p.152)+rm:en(CH32FV2x_V3xRM.PDF p.168)
CH32V20x,CH32V20x_D6,DMA1,5,,SPI2_TX,,,#,confirmed,rm:zh(CH32FV2x_V3xRM.PDF p.152)+rm:en(CH32FV2x_V3xRM.PDF p.168)
CH32V20x,CH32V20x_D6,DMA1,5,,TIM1_UP,,,#,confirmed,rm:zh(CH32FV2x_V3xRM.PDF p.152)+rm:en(CH32FV2x_V3xRM.PDF p.168)
CH32V20x,CH32V20x_D6,DMA1,5,,TIM2_CH1,,,#,confirmed,rm:zh(CH32FV2x_V3xRM.PDF p.152)+rm:en(CH32FV2x_V3xRM.PDF p.168)
CH32V20x,CH32V20x_D6,DMA1,5,,TIM4_CH3,,,#,confirmed,rm:zh(CH32FV2x_V3xRM.PDF p.152)+rm:en(CH32FV2x_V3xRM.PDF p.168)
CH32V20x,CH32V20x_D6,DMA1,5,,USART1_RX,,,#,confirmed,rm:zh(CH32FV2x_V3xRM.PDF p.152)+rm:en(CH32FV2x_V3xRM.PDF p.168)
CH32V20x,CH32V20x_D6,DMA1,6,,I2C1_TX,,,#,confirmed,rm:zh(CH32FV2x_V3xRM.PDF p.152)+rm:en(CH32FV2x_V3xRM.PDF p.168)
CH32V20x,CH32V20x_D6,DMA1,6,,TIM1_CH3,,,#,confirmed,rm:zh(CH32FV2x_V3xRM.PDF p.152)+rm:en(CH32FV2x_V3xRM.PDF p.168)
CH32V20x,CH32V20x_D6,DMA1,6,,TIM3_CH1,,,#,confirmed,rm:zh(CH32FV2x_V3xRM.PDF p.152)+rm:en(CH32FV2x_V3xRM.PDF p.168)
CH32V20x,CH32V20x_D6,DMA1,6,,TIM3_TRIG,,,#,confirmed,rm:zh(CH32FV2x_V3xRM.PDF p.152)+rm:en(CH32FV2x_V3xRM.PDF p.168)
CH32V20x,CH32V20x_D6,DMA1,6,,USART2_RX,,,#,confirmed,rm:zh(CH32FV2x_V3xRM.PDF p.152)+rm:en(CH32FV2x_V3xRM.PDF p.168)
CH32V20x,CH32V20x_D6,DMA1,7,,I2C1_RX,,,#,confirmed,rm:zh(CH32FV2x_V3xRM.PDF p.152)+rm:en(CH32FV2x_V3xRM.PDF p.168)
CH32V20x,CH32V20x_D6,DMA1,7,,TIM2_CH2,,,#,confirmed,rm:zh(CH32FV2x_V3xRM.PDF p.152)+rm:en(CH32FV2x_V3xRM.PDF p.168)
CH32V20x,CH32V20x_D6,DMA1,7,,TIM2_CH4,,,#,confirmed,rm:zh(CH32FV2x_V3xRM.PDF p.152)+rm:en(CH32FV2x_V3xRM.PDF p.168)
CH32V20x,CH32V20x_D6,DMA1,7,,TIM4_UP,,,#,confirmed,rm:zh(CH32FV2x_V3xRM.PDF p.152)+rm:en(CH32FV2x_V3xRM.PDF p.168)
CH32V20x,CH32V20x_D6,DMA1,7,,USART2_TX,,,#,confirmed,rm:zh(CH32FV2x_V3xRM.PDF p.152)+rm:en(CH32FV2x_V3xRM.PDF p.168)
CH32V20x,CH32V20x_D6,DMA1,8,,USART4_RX,,,#,confirmed,rm:zh(CH32FV2x_V3xRM.PDF p.152)+rm:en(CH32FV2x_V3xRM.PDF p.168)
CH32V20x,CH32V20x_D8W|CH32V20x_D8,DMA1,1,,ADC1,,,#,confirmed,rm:zh(CH32FV2x_V3xRM.PDF p.153)+rm:en(CH32FV2x_V3xRM.PDF p.169)
CH32V20x,CH32V20x_D8W|CH32V20x_D8,DMA1,1,,TIM2_CH3,,,#,confirmed,rm:zh(CH32FV2x_V3xRM.PDF p.154)+rm:en(CH32FV2x_V3xRM.PDF p.170)
CH32V20x,CH32V20x_D8W|CH32V20x_D8,DMA1,1,,TIM4_CH1,,,#,confirmed,rm:zh(CH32FV2x_V3xRM.PDF p.154)+rm:en(CH32FV2x_V3xRM.PDF p.170)
CH32V20x,CH32V20x_D8W|CH32V20x_D8,DMA1,1,,TIM5_CH2,,,#,confirmed,rm:zh(CH32FV2x_V3xRM.PDF p.154)+rm:en(CH32FV2x_V3xRM.PDF p.170)
CH32V20x,CH32V20x_D8W|CH32V20x_D8,DMA1,1,,USART4_TX,,,#,confirmed,rm:zh(CH32FV2x_V3xRM.PDF p.153)+rm:en(CH32FV2x_V3xRM.PDF p.169)
CH32V20x,CH32V20x_D8W|CH32V20x_D8,DMA1,2,,SPI1_RX,,,#,confirmed,rm:zh(CH32FV2x_V3xRM.PDF p.153)+rm:en(CH32FV2x_V3xRM.PDF p.169)
CH32V20x,CH32V20x_D8W|CH32V20x_D8,DMA1,2,,TIM1_CH1,,,#,confirmed,rm:zh(CH32FV2x_V3xRM.PDF p.153)+rm:en(CH32FV2x_V3xRM.PDF p.170)
CH32V20x,CH32V20x_D8W|CH32V20x_D8,DMA1,2,,TIM2_UP,,,#,confirmed,rm:zh(CH32FV2x_V3xRM.PDF p.154)+rm:en(CH32FV2x_V3xRM.PDF p.170)
CH32V20x,CH32V20x_D8W|CH32V20x_D8,DMA1,2,,TIM3_CH3,,,#,confirmed,rm:zh(CH32FV2x_V3xRM.PDF p.154)+rm:en(CH32FV2x_V3xRM.PDF p.170)
CH32V20x,CH32V20x_D8W|CH32V20x_D8,DMA1,2,,USART3_TX,,,#,confirmed,rm:zh(CH32FV2x_V3xRM.PDF p.153)+rm:en(CH32FV2x_V3xRM.PDF p.169)
CH32V20x,CH32V20x_D8W|CH32V20x_D8,DMA1,3,,SPI1_TX,,,#,confirmed,rm:zh(CH32FV2x_V3xRM.PDF p.153)+rm:en(CH32FV2x_V3xRM.PDF p.169)
CH32V20x,CH32V20x_D8W|CH32V20x_D8,DMA1,3,,TIM1_CH2,,,#,confirmed,rm:zh(CH32FV2x_V3xRM.PDF p.153)+rm:en(CH32FV2x_V3xRM.PDF p.170)
CH32V20x,CH32V20x_D8W|CH32V20x_D8,DMA1,3,,TIM3_CH4,,,#,confirmed,rm:zh(CH32FV2x_V3xRM.PDF p.154)+rm:en(CH32FV2x_V3xRM.PDF p.170)
CH32V20x,CH32V20x_D8W|CH32V20x_D8,DMA1,3,,TIM3_UP,,,#,confirmed,rm:zh(CH32FV2x_V3xRM.PDF p.154)+rm:en(CH32FV2x_V3xRM.PDF p.170)
CH32V20x,CH32V20x_D8W|CH32V20x_D8,DMA1,3,,TIM5_CH3,,,#,confirmed,rm:zh(CH32FV2x_V3xRM.PDF p.154)+rm:en(CH32FV2x_V3xRM.PDF p.170)
CH32V20x,CH32V20x_D8W|CH32V20x_D8,DMA1,3,,USART3_RX,,,#,confirmed,rm:zh(CH32FV2x_V3xRM.PDF p.153)+rm:en(CH32FV2x_V3xRM.PDF p.169)
CH32V20x,CH32V20x_D8W|CH32V20x_D8,DMA1,4,,I2C2_TX,,,#,confirmed,rm:zh(CH32FV2x_V3xRM.PDF p.153)+rm:en(CH32FV2x_V3xRM.PDF p.169)
CH32V20x,CH32V20x_D8W|CH32V20x_D8,DMA1,4,,SPI2_RX,,,#,confirmed,rm:zh(CH32FV2x_V3xRM.PDF p.153)+rm:en(CH32FV2x_V3xRM.PDF p.169)
CH32V20x,CH32V20x_D8W|CH32V20x_D8,DMA1,4,,TIM1_CH4,,,#,confirmed,rm:zh(CH32FV2x_V3xRM.PDF p.153)+rm:en(CH32FV2x_V3xRM.PDF p.170)
CH32V20x,CH32V20x_D8W|CH32V20x_D8,DMA1,4,,TIM1_COM,,,#,confirmed,rm:zh(CH32FV2x_V3xRM.PDF p.154)+rm:en(CH32FV2x_V3xRM.PDF p.170)
CH32V20x,CH32V20x_D8W|CH32V20x_D8,DMA1,4,,TIM1_TRIG,,,#,confirmed,rm:zh(CH32FV2x_V3xRM.PDF p.154)+rm:en(CH32FV2x_V3xRM.PDF p.170)
CH32V20x,CH32V20x_D8W|CH32V20x_D8,DMA1,4,,TIM4_CH2,,,#,confirmed,rm:zh(CH32FV2x_V3xRM.PDF p.154)+rm:en(CH32FV2x_V3xRM.PDF p.170)
CH32V20x,CH32V20x_D8W|CH32V20x_D8,DMA1,4,,USART1_TX,,,#,confirmed,rm:zh(CH32FV2x_V3xRM.PDF p.153)+rm:en(CH32FV2x_V3xRM.PDF p.169)
CH32V20x,CH32V20x_D8W|CH32V20x_D8,DMA1,5,,I2C2_RX,,,#,confirmed,rm:zh(CH32FV2x_V3xRM.PDF p.153)+rm:en(CH32FV2x_V3xRM.PDF p.169)
CH32V20x,CH32V20x_D8W|CH32V20x_D8,DMA1,5,,SPI2_TX,,,#,confirmed,rm:zh(CH32FV2x_V3xRM.PDF p.153)+rm:en(CH32FV2x_V3xRM.PDF p.169)
CH32V20x,CH32V20x_D8W|CH32V20x_D8,DMA1,5,,TIM1_UP,,,#,confirmed,rm:zh(CH32FV2x_V3xRM.PDF p.153)+rm:en(CH32FV2x_V3xRM.PDF p.170)
CH32V20x,CH32V20x_D8W|CH32V20x_D8,DMA1,5,,TIM2_CH1,,,#,confirmed,rm:zh(CH32FV2x_V3xRM.PDF p.154)+rm:en(CH32FV2x_V3xRM.PDF p.170)
CH32V20x,CH32V20x_D8W|CH32V20x_D8,DMA1,5,,TIM4_CH3,,,#,confirmed,rm:zh(CH32FV2x_V3xRM.PDF p.154)+rm:en(CH32FV2x_V3xRM.PDF p.170)
CH32V20x,CH32V20x_D8W|CH32V20x_D8,DMA1,5,,USART1_RX,,,#,confirmed,rm:zh(CH32FV2x_V3xRM.PDF p.153)+rm:en(CH32FV2x_V3xRM.PDF p.169)
CH32V20x,CH32V20x_D8W|CH32V20x_D8,DMA1,6,,I2C1_TX,,,#,confirmed,rm:zh(CH32FV2x_V3xRM.PDF p.153)+rm:en(CH32FV2x_V3xRM.PDF p.169)
CH32V20x,CH32V20x_D8W|CH32V20x_D8,DMA1,6,,TIM1_CH3,,,#,confirmed,rm:zh(CH32FV2x_V3xRM.PDF p.153)+rm:en(CH32FV2x_V3xRM.PDF p.170)
CH32V20x,CH32V20x_D8W|CH32V20x_D8,DMA1,6,,TIM3_CH1,,,#,confirmed,rm:zh(CH32FV2x_V3xRM.PDF p.154)+rm:en(CH32FV2x_V3xRM.PDF p.170)
CH32V20x,CH32V20x_D8W|CH32V20x_D8,DMA1,6,,TIM3_TRIG,,,#,confirmed,rm:zh(CH32FV2x_V3xRM.PDF p.154)+rm:en(CH32FV2x_V3xRM.PDF p.170)
CH32V20x,CH32V20x_D8W|CH32V20x_D8,DMA1,6,,TIM5_CH4,,,#,confirmed,rm:zh(CH32FV2x_V3xRM.PDF p.154)+rm:en(CH32FV2x_V3xRM.PDF p.170)
CH32V20x,CH32V20x_D8W|CH32V20x_D8,DMA1,6,,USART2_RX,,,#,confirmed,rm:zh(CH32FV2x_V3xRM.PDF p.153)+rm:en(CH32FV2x_V3xRM.PDF p.169)
CH32V20x,CH32V20x_D8W|CH32V20x_D8,DMA1,7,,I2C1_RX,,,#,confirmed,rm:zh(CH32FV2x_V3xRM.PDF p.153)+rm:en(CH32FV2x_V3xRM.PDF p.169)
CH32V20x,CH32V20x_D8W|CH32V20x_D8,DMA1,7,,TIM2_CH2,,,#,confirmed,rm:zh(CH32FV2x_V3xRM.PDF p.154)+rm:en(CH32FV2x_V3xRM.PDF p.170)
CH32V20x,CH32V20x_D8W|CH32V20x_D8,DMA1,7,,TIM2_CH4,,,#,confirmed,rm:zh(CH32FV2x_V3xRM.PDF p.154)+rm:en(CH32FV2x_V3xRM.PDF p.170)
CH32V20x,CH32V20x_D8W|CH32V20x_D8,DMA1,7,,TIM4_UP,,,#,confirmed,rm:zh(CH32FV2x_V3xRM.PDF p.154)+rm:en(CH32FV2x_V3xRM.PDF p.170)
CH32V20x,CH32V20x_D8W|CH32V20x_D8,DMA1,7,,TIM5_CH1,,,#,confirmed,rm:zh(CH32FV2x_V3xRM.PDF p.154)+rm:en(CH32FV2x_V3xRM.PDF p.170)
CH32V20x,CH32V20x_D8W|CH32V20x_D8,DMA1,7,,TIM5_TRIG,,,#,confirmed,rm:zh(CH32FV2x_V3xRM.PDF p.154)+rm:en(CH32FV2x_V3xRM.PDF p.170)
CH32V20x,CH32V20x_D8W|CH32V20x_D8,DMA1,7,,USART2_TX,,,#,confirmed,rm:zh(CH32FV2x_V3xRM.PDF p.153)+rm:en(CH32FV2x_V3xRM.PDF p.169)
CH32V20x,CH32V20x_D8W|CH32V20x_D8,DMA1,8,,TIM5_UP,,,#,confirmed,rm:zh(CH32FV2x_V3xRM.PDF p.154)+rm:en(CH32FV2x_V3xRM.PDF p.170)
CH32V20x,CH32V20x_D8W|CH32V20x_D8,DMA1,8,,USART4_RX,,,#,confirmed,rm:zh(CH32FV2x_V3xRM.PDF p.153)+rm:en(CH32FV2x_V3xRM.PDF p.169)
CH32V307,CH32V30x_D8|CH32V30x_D8C,DMA1,1,,ADC1,,,#,confirmed,rm:zh(CH32FV2x_V3xRM.PDF p.150)+rm:en(CH32FV2x_V3xRM.PDF p.167)
CH32V307,CH32V30x_D8|CH32V30x_D8C,DMA1,1,,TIM2_CH3,,,#,confirmed,rm:zh(CH32FV2x_V3xRM.PDF p.151)+rm:en(CH32FV2x_V3xRM.PDF p.167)
CH32V307,CH32V30x_D8|CH32V30x_D8C,DMA1,1,,TIM4_CH1,,,#,confirmed,rm:zh(CH32FV2x_V3xRM.PDF p.151)+rm:en(CH32FV2x_V3xRM.PDF p.167)
CH32V307,CH32V30x_D8|CH32V30x_D8C,DMA1,2,,SPI1_RX,,,#,confirmed,rm:zh(CH32FV2x_V3xRM.PDF p.151)+rm:en(CH32FV2x_V3xRM.PDF p.167)
CH32V307,CH32V30x_D8|CH32V30x_D8C,DMA1,2,,TIM1_CH1,,,#,confirmed,rm:zh(CH32FV2x_V3xRM.PDF p.151)+rm:en(CH32FV2x_V3xRM.PDF p.167)
CH32V307,CH32V30x_D8|CH32V30x_D8C,DMA1,2,,TIM2_UP,,,#,confirmed,rm:zh(CH32FV2x_V3xRM.PDF p.151)+rm:en(CH32FV2x_V3xRM.PDF p.167)
CH32V307,CH32V30x_D8|CH32V30x_D8C,DMA1,2,,TIM3_CH3,,,#,confirmed,rm:zh(CH32FV2x_V3xRM.PDF p.151)+rm:en(CH32FV2x_V3xRM.PDF p.167)
CH32V307,CH32V30x_D8|CH32V30x_D8C,DMA1,2,,USART3_TX,,,#,confirmed,rm:zh(CH32FV2x_V3xRM.PDF p.151)+rm:en(CH32FV2x_V3xRM.PDF p.167)
CH32V307,CH32V30x_D8|CH32V30x_D8C,DMA1,3,,SPI1_TX,,,#,confirmed,rm:zh(CH32FV2x_V3xRM.PDF p.151)+rm:en(CH32FV2x_V3xRM.PDF p.167)
CH32V307,CH32V30x_D8|CH32V30x_D8C,DMA1,3,,TIM1_CH2,,,#,confirmed,rm:zh(CH32FV2x_V3xRM.PDF p.151)+rm:en(CH32FV2x_V3xRM.PDF p.167)
CH32V307,CH32V30x_D8|CH32V30x_D8C,DMA1,3,,TIM3_CH4,,,#,confirmed,rm:zh(CH32FV2x_V3xRM.PDF p.151)+rm:en(CH32FV2x_V3xRM.PDF p.167)
CH32V307,CH32V30x_D8|CH32V30x_D8C,DMA1,3,,TIM3_UP,,,#,confirmed,rm:zh(CH32FV2x_V3xRM.PDF p.151)+rm:en(CH32FV2x_V3xRM.PDF p.167)
CH32V307,CH32V30x_D8|CH32V30x_D8C,DMA1,3,,USART3_RX,,,#,confirmed,rm:zh(CH32FV2x_V3xRM.PDF p.151)+rm:en(CH32FV2x_V3xRM.PDF p.167)
CH32V307,CH32V30x_D8|CH32V30x_D8C,DMA1,4,,I2C2_TX,,,#,confirmed,rm:zh(CH32FV2x_V3xRM.PDF p.151)+rm:en(CH32FV2x_V3xRM.PDF p.167)
CH32V307,CH32V30x_D8|CH32V30x_D8C,DMA1,4,,SPI/I2S2_RX,,,#,confirmed,rm:zh(CH32FV2x_V3xRM.PDF p.151)+rm:en(CH32FV2x_V3xRM.PDF p.167)
CH32V307,CH32V30x_D8|CH32V30x_D8C,DMA1,4,,TIM1_CH4,,,#,confirmed,rm:zh(CH32FV2x_V3xRM.PDF p.151)+rm:en(CH32FV2x_V3xRM.PDF p.167)
CH32V307,CH32V30x_D8|CH32V30x_D8C,DMA1,4,,TIM1_COM,,,#,confirmed,rm:zh(CH32FV2x_V3xRM.PDF p.151)+rm:en(CH32FV2x_V3xRM.PDF p.167)
CH32V307,CH32V30x_D8|CH32V30x_D8C,DMA1,4,,TIM1_TRIG,,,#,confirmed,rm:zh(CH32FV2x_V3xRM.PDF p.151)+rm:en(CH32FV2x_V3xRM.PDF p.167)
CH32V307,CH32V30x_D8|CH32V30x_D8C,DMA1,4,,TIM4_CH2,,,#,confirmed,rm:zh(CH32FV2x_V3xRM.PDF p.151)+rm:en(CH32FV2x_V3xRM.PDF p.167)
CH32V307,CH32V30x_D8|CH32V30x_D8C,DMA1,4,,USART1_TX,,,#,confirmed,rm:zh(CH32FV2x_V3xRM.PDF p.151)+rm:en(CH32FV2x_V3xRM.PDF p.167)
CH32V307,CH32V30x_D8|CH32V30x_D8C,DMA1,5,,I2C2_RX,,,#,confirmed,rm:zh(CH32FV2x_V3xRM.PDF p.151)+rm:en(CH32FV2x_V3xRM.PDF p.167)
CH32V307,CH32V30x_D8|CH32V30x_D8C,DMA1,5,,SPI/I2S2_TX,,,#,confirmed,rm:zh(CH32FV2x_V3xRM.PDF p.151)+rm:en(CH32FV2x_V3xRM.PDF p.167)
CH32V307,CH32V30x_D8|CH32V30x_D8C,DMA1,5,,TIM1_UP,,,#,confirmed,rm:zh(CH32FV2x_V3xRM.PDF p.151)+rm:en(CH32FV2x_V3xRM.PDF p.167)
CH32V307,CH32V30x_D8|CH32V30x_D8C,DMA1,5,,TIM2_CH1,,,#,confirmed,rm:zh(CH32FV2x_V3xRM.PDF p.151)+rm:en(CH32FV2x_V3xRM.PDF p.167)
CH32V307,CH32V30x_D8|CH32V30x_D8C,DMA1,5,,TIM4_CH3,,,#,confirmed,rm:zh(CH32FV2x_V3xRM.PDF p.151)+rm:en(CH32FV2x_V3xRM.PDF p.167)
CH32V307,CH32V30x_D8|CH32V30x_D8C,DMA1,5,,USART1_RX,,,#,confirmed,rm:zh(CH32FV2x_V3xRM.PDF p.151)+rm:en(CH32FV2x_V3xRM.PDF p.167)
CH32V307,CH32V30x_D8|CH32V30x_D8C,DMA1,6,,I2C1_TX,,,#,confirmed,rm:zh(CH32FV2x_V3xRM.PDF p.151)+rm:en(CH32FV2x_V3xRM.PDF p.167)
CH32V307,CH32V30x_D8|CH32V30x_D8C,DMA1,6,,TIM1_CH3,,,#,confirmed,rm:zh(CH32FV2x_V3xRM.PDF p.151)+rm:en(CH32FV2x_V3xRM.PDF p.167)
CH32V307,CH32V30x_D8|CH32V30x_D8C,DMA1,6,,TIM3_CH1,,,#,confirmed,rm:zh(CH32FV2x_V3xRM.PDF p.151)+rm:en(CH32FV2x_V3xRM.PDF p.167)
CH32V307,CH32V30x_D8|CH32V30x_D8C,DMA1,6,,TIM3_TRIG,,,#,confirmed,rm:zh(CH32FV2x_V3xRM.PDF p.151)+rm:en(CH32FV2x_V3xRM.PDF p.167)
CH32V307,CH32V30x_D8|CH32V30x_D8C,DMA1,6,,USART2_RX,,,#,confirmed,rm:zh(CH32FV2x_V3xRM.PDF p.151)+rm:en(CH32FV2x_V3xRM.PDF p.167)
CH32V307,CH32V30x_D8|CH32V30x_D8C,DMA1,7,,I2C1_RX,,,#,confirmed,rm:zh(CH32FV2x_V3xRM.PDF p.151)+rm:en(CH32FV2x_V3xRM.PDF p.167)
CH32V307,CH32V30x_D8|CH32V30x_D8C,DMA1,7,,TIM2_CH2,,,#,confirmed,rm:zh(CH32FV2x_V3xRM.PDF p.151)+rm:en(CH32FV2x_V3xRM.PDF p.167)
CH32V307,CH32V30x_D8|CH32V30x_D8C,DMA1,7,,TIM2_CH4,,,#,confirmed,rm:zh(CH32FV2x_V3xRM.PDF p.151)+rm:en(CH32FV2x_V3xRM.PDF p.167)
CH32V307,CH32V30x_D8|CH32V30x_D8C,DMA1,7,,TIM4_UP,,,#,confirmed,rm:zh(CH32FV2x_V3xRM.PDF p.151)+rm:en(CH32FV2x_V3xRM.PDF p.167)
CH32V307,CH32V30x_D8|CH32V30x_D8C,DMA1,7,,USART2_TX,,,#,confirmed,rm:zh(CH32FV2x_V3xRM.PDF p.151)+rm:en(CH32FV2x_V3xRM.PDF p.167)
CH32V307,CH32V30x_D8|CH32V30x_D8C,DMA2,1,,SPI/I2S3_RX,,,#,confirmed,rm:zh(CH32FV2x_V3xRM.PDF p.151)+rm:en(CH32FV2x_V3xRM.PDF p.167)
CH32V307,CH32V30x_D8|CH32V30x_D8C,DMA2,1,,TIM5_CH4,,,#,confirmed,rm:zh(CH32FV2x_V3xRM.PDF p.151)+rm:en(CH32FV2x_V3xRM.PDF p.167)
CH32V307,CH32V30x_D8|CH32V30x_D8C,DMA2,1,,TIM5_TRIG,,,#,confirmed,rm:zh(CH32FV2x_V3xRM.PDF p.151)+rm:en(CH32FV2x_V3xRM.PDF p.167)
CH32V307,CH32V30x_D8|CH32V30x_D8C,DMA2,1,,TIM8_CH3,,,#,confirmed,rm:zh(CH32FV2x_V3xRM.PDF p.151)+rm:en(CH32FV2x_V3xRM.PDF p.167)
CH32V307,CH32V30x_D8|CH32V30x_D8C,DMA2,1,,TIM8_UP,,,#,confirmed,rm:zh(CH32FV2x_V3xRM.PDF p.151)+rm:en(CH32FV2x_V3xRM.PDF p.167)
CH32V307,CH32V30x_D8|CH32V30x_D8C,DMA2,2,,SPI/I2S3_TX,,,#,confirmed,rm:zh(CH32FV2x_V3xRM.PDF p.151)+rm:en(CH32FV2x_V3xRM.PDF p.167)
CH32V307,CH32V30x_D8|CH32V30x_D8C,DMA2,2,,TIM5_CH3,,,#,confirmed,rm:zh(CH32FV2x_V3xRM.PDF p.151)+rm:en(CH32FV2x_V3xRM.PDF p.167)
CH32V307,CH32V30x_D8|CH32V30x_D8C,DMA2,2,,TIM5_UP,,,#,confirmed,rm:zh(CH32FV2x_V3xRM.PDF p.151)+rm:en(CH32FV2x_V3xRM.PDF p.167)
CH32V307,CH32V30x_D8|CH32V30x_D8C,DMA2,2,,TIM8_CH4,,,#,confirmed,rm:zh(CH32FV2x_V3xRM.PDF p.151)+rm:en(CH32FV2x_V3xRM.PDF p.167)
CH32V307,CH32V30x_D8|CH32V30x_D8C,DMA2,2,,TIM8_COM,,,#,confirmed,rm:zh(CH32FV2x_V3xRM.PDF p.151)+rm:en(CH32FV2x_V3xRM.PDF p.167)
CH32V307,CH32V30x_D8|CH32V30x_D8C,DMA2,2,,TIM8_TRIG,,,#,confirmed,rm:zh(CH32FV2x_V3xRM.PDF p.151)+rm:en(CH32FV2x_V3xRM.PDF p.167)
CH32V307,CH32V30x_D8|CH32V30x_D8C,DMA2,2,,USART5_RX,,,#,confirmed,rm:zh(CH32FV2x_V3xRM.PDF p.151)+rm:en(CH32FV2x_V3xRM.PDF p.167)
CH32V307,CH32V30x_D8|CH32V30x_D8C,DMA2,3,,DAC1,,,#,confirmed,rm:zh(CH32FV2x_V3xRM.PDF p.151)+rm:en(CH32FV2x_V3xRM.PDF p.167)
CH32V307,CH32V30x_D8|CH32V30x_D8C,DMA2,3,,TIM6_UP,,,#,confirmed,rm:zh(CH32FV2x_V3xRM.PDF p.151)+rm:en(CH32FV2x_V3xRM.PDF p.167)
CH32V307,CH32V30x_D8|CH32V30x_D8C,DMA2,3,,TIM8_CH1,,,#,confirmed,rm:zh(CH32FV2x_V3xRM.PDF p.151)+rm:en(CH32FV2x_V3xRM.PDF p.167)
CH32V307,CH32V30x_D8|CH32V30x_D8C,DMA2,3,,USART4_RX,,,#,confirmed,rm:zh(CH32FV2x_V3xRM.PDF p.151)+rm:en(CH32FV2x_V3xRM.PDF p.167)
CH32V307,CH32V30x_D8|CH32V30x_D8C,DMA2,4,,DAC2,,,#,confirmed,rm:zh(CH32FV2x_V3xRM.PDF p.151)+rm:en(CH32FV2x_V3xRM.PDF p.167)
CH32V307,CH32V30x_D8|CH32V30x_D8C,DMA2,4,,SDIO,,,#,confirmed,rm:zh(CH32FV2x_V3xRM.PDF p.151)+rm:en(CH32FV2x_V3xRM.PDF p.167)
CH32V307,CH32V30x_D8|CH32V30x_D8C,DMA2,4,,TIM5_CH2,,,#,confirmed,rm:zh(CH32FV2x_V3xRM.PDF p.151)+rm:en(CH32FV2x_V3xRM.PDF p.167)
CH32V307,CH32V30x_D8|CH32V30x_D8C,DMA2,4,,TIM7_UP,,,#,confirmed,rm:zh(CH32FV2x_V3xRM.PDF p.151)+rm:en(CH32FV2x_V3xRM.PDF p.167)
CH32V307,CH32V30x_D8|CH32V30x_D8C,DMA2,4,,USART5_TX,,,#,confirmed,rm:zh(CH32FV2x_V3xRM.PDF p.151)+rm:en(CH32FV2x_V3xRM.PDF p.167)
CH32V307,CH32V30x_D8|CH32V30x_D8C,DMA2,5,,ADC2,,,#,confirmed,rm:zh(CH32FV2x_V3xRM.PDF p.151)+rm:en(CH32FV2x_V3xRM.PDF p.167)
CH32V307,CH32V30x_D8|CH32V30x_D8C,DMA2,5,,TIM5_CH1,,,#,confirmed,rm:zh(CH32FV2x_V3xRM.PDF p.151)+rm:en(CH32FV2x_V3xRM.PDF p.167)
CH32V307,CH32V30x_D8|CH32V30x_D8C,DMA2,5,,TIM8_CH2,,,#,confirmed,rm:zh(CH32FV2x_V3xRM.PDF p.151)+rm:en(CH32FV2x_V3xRM.PDF p.167)
CH32V307,CH32V30x_D8|CH32V30x_D8C,DMA2,5,,USART4_TX,,,#,confirmed,rm:zh(CH32FV2x_V3xRM.PDF p.151)+rm:en(CH32FV2x_V3xRM.PDF p.167)
CH32V307,CH32V30x_D8|CH32V30x_D8C,DMA2,6,,TIM10_CH4,,,#,confirmed,rm:zh(CH32FV2x_V3xRM.PDF p.151)+rm:en(CH32FV2x_V3xRM.PDF p.167)
CH32V307,CH32V30x_D8|CH32V30x_D8C,DMA2,6,,TIM9_UP,,,#,confirmed,rm:zh(CH32FV2x_V3xRM.PDF p.151)+rm:en(CH32FV2x_V3xRM.PDF p.167)
CH32V307,CH32V30x_D8|CH32V30x_D8C,DMA2,6,,USART6_TX,,,#,confirmed,rm:zh(CH32FV2x_V3xRM.PDF p.151)+rm:en(CH32FV2x_V3xRM.PDF p.167)
CH32V307,CH32V30x_D8|CH32V30x_D8C,DMA2,7,,TIM10_COM,,,#,confirmed,rm:zh(CH32FV2x_V3xRM.PDF p.151)+rm:en(CH32FV2x_V3xRM.PDF p.167)
CH32V307,CH32V30x_D8|CH32V30x_D8C,DMA2,7,,TIM10_TRIG,,,#,confirmed,rm:zh(CH32FV2x_V3xRM.PDF p.151)+rm:en(CH32FV2x_V3xRM.PDF p.167)
CH32V307,CH32V30x_D8|CH32V30x_D8C,DMA2,7,,TIM9_CH1,,,#,confirmed,rm:zh(CH32FV2x_V3xRM.PDF p.151)+rm:en(CH32FV2x_V3xRM.PDF p.167)
CH32V307,CH32V30x_D8|CH32V30x_D8C,DMA2,7,,USART6_RX,,,#,confirmed,rm:zh(CH32FV2x_V3xRM.PDF p.151)+rm:en(CH32FV2x_V3xRM.PDF p.167)
CH32V307,CH32V30x_D8|CH32V30x_D8C,DMA2,8,,TIM10_CH1,,,#,confirmed,rm:zh(CH32FV2x_V3xRM.PDF p.152)+rm:en(CH32FV2x_V3xRM.PDF p.168)
CH32V307,CH32V30x_D8|CH32V30x_D8C,DMA2,8,,TIM9_CH4,,,#,confirmed,rm:zh(CH32FV2x_V3xRM.PDF p.152)+rm:en(CH32FV2x_V3xRM.PDF p.168)
CH32V307,CH32V30x_D8|CH32V30x_D8C,DMA2,8,,USART7_TX,,,#,confirmed,rm:zh(CH32FV2x_V3xRM.PDF p.152)+rm:en(CH32FV2x_V3xRM.PDF p.168)
CH32V307,CH32V30x_D8|CH32V30x_D8C,DMA2,9,,TIM10_CH3,,,#,confirmed,rm:zh(CH32FV2x_V3xRM.PDF p.152)+rm:en(CH32FV2x_V3xRM.PDF p.168)
CH32V307,CH32V30x_D8|CH32V30x_D8C,DMA2,9,,TIM9_CH2,,,#,confirmed,rm:zh(CH32FV2x_V3xRM.PDF p.152)+rm:en(CH32FV2x_V3xRM.PDF p.168)
CH32V307,CH32V30x_D8|CH32V30x_D8C,DMA2,9,,USART7_RX,,,#,confirmed,rm:zh(CH32FV2x_V3xRM.PDF p.152)+rm:en(CH32FV2x_V3xRM.PDF p.168)
CH32V307,CH32V30x_D8|CH32V30x_D8C,DMA2,10,,TIM10_CH2,,,#,confirmed,rm:zh(CH32FV2x_V3xRM.PDF p.152)+rm:en(CH32FV2x_V3xRM.PDF p.168)
CH32V307,CH32V30x_D8|CH32V30x_D8C,DMA2,10,,TIM9_COM,,,#,confirmed,rm:zh(CH32FV2x_V3xRM.PDF p.152)+rm:en(CH32FV2x_V3xRM.PDF p.168)
CH32V307,CH32V30x_D8|CH32V30x_D8C,DMA2,10,,TIM9_TRIG,,,#,confirmed,rm:zh(CH32FV2x_V3xRM.PDF p.152)+rm:en(CH32FV2x_V3xRM.PDF p.168)
CH32V307,CH32V30x_D8|CH32V30x_D8C,DMA2,10,,USART8_TX,,,#,confirmed,rm:zh(CH32FV2x_V3xRM.PDF p.152)+rm:en(CH32FV2x_V3xRM.PDF p.168)
CH32V307,CH32V30x_D8|CH32V30x_D8C,DMA2,11,,TIM10_UP,,,#,confirmed,rm:zh(CH32FV2x_V3xRM.PDF p.152)+rm:en(CH32FV2x_V3xRM.PDF p.168)
CH32V307,CH32V30x_D8|CH32V30x_D8C,DMA2,11,,TIM9_CH3,,,#,confirmed,rm:zh(CH32FV2x_V3xRM.PDF p.152)+rm:en(CH32FV2x_V3xRM.PDF p.168)
CH32V307,CH32V30x_D8|CH32V30x_D8C,DMA2,11,,USART8_RX,,,#,confirmed,rm:zh(CH32FV2x_V3xRM.PDF p.152)+rm:en(CH32FV2x_V3xRM.PDF p.168)
CH32V407,,DMA1,1,,TIM2_CH3,,,#,confirmed,rm:zh(CH32V407RM.PDF p.136)+rm:en(CH32V407RM.PDF p.150)
CH32V407,,DMA1,1,,TIM4_CH1,,,#,confirmed,rm:zh(CH32V407RM.PDF p.136)+rm:en(CH32V407RM.PDF p.150)
CH32V407,,DMA1,2,,SPI1_RX,,,#,confirmed,rm:zh(CH32V407RM.PDF p.135)+rm:en(CH32V407RM.PDF p.149)
CH32V407,,DMA1,2,,TIM1_CH1,,,#,confirmed,rm:zh(CH32V407RM.PDF p.136)+rm:en(CH32V407RM.PDF p.150)
CH32V407,,DMA1,2,,TIM2_UP,,,#,confirmed,rm:zh(CH32V407RM.PDF p.136)+rm:en(CH32V407RM.PDF p.150)
CH32V407,,DMA1,2,,TIM3_CH3,,,#,confirmed,rm:zh(CH32V407RM.PDF p.136)+rm:en(CH32V407RM.PDF p.150)
CH32V407,,DMA1,2,,USART3_TX,,,#,confirmed,rm:zh(CH32V407RM.PDF p.136)+rm:en(CH32V407RM.PDF p.150)
CH32V407,,DMA1,3,,SPI1_TX,,,#,confirmed,rm:zh(CH32V407RM.PDF p.135)+rm:en(CH32V407RM.PDF p.149)
CH32V407,,DMA1,3,,TIM1_CH2,,,#,confirmed,rm:zh(CH32V407RM.PDF p.136)+rm:en(CH32V407RM.PDF p.150)
CH32V407,,DMA1,3,,TIM3_CH4,,,#,confirmed,rm:zh(CH32V407RM.PDF p.136)+rm:en(CH32V407RM.PDF p.150)
CH32V407,,DMA1,3,,TIM3_UP,,,#,confirmed,rm:zh(CH32V407RM.PDF p.136)+rm:en(CH32V407RM.PDF p.150)
CH32V407,,DMA1,3,,USART3_RX,,,#,confirmed,rm:zh(CH32V407RM.PDF p.136)+rm:en(CH32V407RM.PDF p.150)
CH32V407,,DMA1,4,,I3C_TX,,,#,confirmed,rm:zh(CH32V407RM.PDF p.136)+rm:en(CH32V407RM.PDF p.150)
CH32V407,,DMA1,4,,SPI_I2S2_RX,,,#,confirmed,rm:zh(CH32V407RM.PDF p.135)+rm:en(CH32V407RM.PDF p.149)
CH32V407,,DMA1,4,,TIM1_CH4,,,#,confirmed,rm:zh(CH32V407RM.PDF p.136)+rm:en(CH32V407RM.PDF p.150)
CH32V407,,DMA1,4,,TIM1_COM,,,#,confirmed,rm:zh(CH32V407RM.PDF p.136)+rm:en(CH32V407RM.PDF p.150)
CH32V407,,DMA1,4,,TIM1_TRIG,,,#,confirmed,rm:zh(CH32V407RM.PDF p.136)+rm:en(CH32V407RM.PDF p.150)
CH32V407,,DMA1,4,,TIM4_CH2,,,#,confirmed,rm:zh(CH32V407RM.PDF p.136)+rm:en(CH32V407RM.PDF p.150)
CH32V407,,DMA1,4,,USART1_TX,,,#,confirmed,rm:zh(CH32V407RM.PDF p.135)+rm:en(CH32V407RM.PDF p.149)
CH32V407,,DMA1,5,,I3C_RX,,,#,confirmed,rm:zh(CH32V407RM.PDF p.136)+rm:en(CH32V407RM.PDF p.150)
CH32V407,,DMA1,5,,SPI_I2S2_TX,,,#,confirmed,rm:zh(CH32V407RM.PDF p.135)+rm:en(CH32V407RM.PDF p.149)
CH32V407,,DMA1,5,,TIM1_UP,,,#,confirmed,rm:zh(CH32V407RM.PDF p.136)+rm:en(CH32V407RM.PDF p.150)
CH32V407,,DMA1,5,,TIM2_CH1,,,#,confirmed,rm:zh(CH32V407RM.PDF p.136)+rm:en(CH32V407RM.PDF p.150)
CH32V407,,DMA1,5,,TIM4_CH3,,,#,confirmed,rm:zh(CH32V407RM.PDF p.136)+rm:en(CH32V407RM.PDF p.150)
CH32V407,,DMA1,5,,USART1_RX,,,#,confirmed,rm:zh(CH32V407RM.PDF p.135)+rm:en(CH32V407RM.PDF p.149)
CH32V407,,DMA1,6,,I2C_TX,,,#,confirmed,rm:zh(CH32V407RM.PDF p.136)+rm:en(CH32V407RM.PDF p.150)
CH32V407,,DMA1,6,,TIM1_CH3,,,#,confirmed,rm:zh(CH32V407RM.PDF p.136)+rm:en(CH32V407RM.PDF p.150)
CH32V407,,DMA1,6,,TIM3_CH1,,,#,confirmed,rm:zh(CH32V407RM.PDF p.136)+rm:en(CH32V407RM.PDF p.150)
CH32V407,,DMA1,6,,TIM3_TRIG,,,#,confirmed,rm:zh(CH32V407RM.PDF p.136)+rm:en(CH32V407RM.PDF p.150)
CH32V407,,DMA1,6,,USART2_RX,,,#,confirmed,rm:zh(CH32V407RM.PDF p.135)+rm:en(CH32V407RM.PDF p.149)
CH32V407,,DMA1,7,,I2C_RX,,,#,confirmed,rm:zh(CH32V407RM.PDF p.136)+rm:en(CH32V407RM.PDF p.150)
CH32V407,,DMA1,7,,TIM2_CH2,,,#,confirmed,rm:zh(CH32V407RM.PDF p.136)+rm:en(CH32V407RM.PDF p.150)
CH32V407,,DMA1,7,,TIM2_CH4,,,#,confirmed,rm:zh(CH32V407RM.PDF p.136)+rm:en(CH32V407RM.PDF p.150)
CH32V407,,DMA1,7,,TIM4_UP,,,#,confirmed,rm:zh(CH32V407RM.PDF p.136)+rm:en(CH32V407RM.PDF p.150)
CH32V407,,DMA1,7,,USART2_TX,,,#,confirmed,rm:zh(CH32V407RM.PDF p.135)+rm:en(CH32V407RM.PDF p.149)
CH32V407,,DMA2,1,,SPI_I2S3_RX,,,#,confirmed,rm:zh(CH32V407RM.PDF p.136)+rm:en(CH32V407RM.PDF p.150)
CH32V407,,DMA2,1,,TIM5_CH4,,,#,confirmed,rm:zh(CH32V407RM.PDF p.136)+rm:en(CH32V407RM.PDF p.150)
CH32V407,,DMA2,1,,TIM5_TRIG,,,#,confirmed,rm:zh(CH32V407RM.PDF p.136)+rm:en(CH32V407RM.PDF p.150)
CH32V407,,DMA2,1,,TIM8_CH3,,,#,confirmed,rm:zh(CH32V407RM.PDF p.136)+rm:en(CH32V407RM.PDF p.150)
CH32V407,,DMA2,1,,TIM8_UP,,,#,confirmed,rm:zh(CH32V407RM.PDF p.136)+rm:en(CH32V407RM.PDF p.150)
CH32V407,,DMA2,2,,SPI_I2S3_TX,,,#,confirmed,rm:zh(CH32V407RM.PDF p.136)+rm:en(CH32V407RM.PDF p.150)
CH32V407,,DMA2,2,,TIM5_CH3,,,#,confirmed,rm:zh(CH32V407RM.PDF p.136)+rm:en(CH32V407RM.PDF p.150)
CH32V407,,DMA2,2,,TIM5_UP,,,#,confirmed,rm:zh(CH32V407RM.PDF p.136)+rm:en(CH32V407RM.PDF p.150)
CH32V407,,DMA2,2,,TIM8_CH4,,,#,confirmed,rm:zh(CH32V407RM.PDF p.136)+rm:en(CH32V407RM.PDF p.150)
CH32V407,,DMA2,2,,TIM8_COM,,,#,confirmed,rm:zh(CH32V407RM.PDF p.136)+rm:en(CH32V407RM.PDF p.150)
CH32V407,,DMA2,2,,TIM8_TRIG,,,#,confirmed,rm:zh(CH32V407RM.PDF p.136)+rm:en(CH32V407RM.PDF p.150)
CH32V407,,DMA2,2,,USART5_RX,,,#,confirmed,rm:zh(CH32V407RM.PDF p.136)+rm:en(CH32V407RM.PDF p.150)
CH32V407,,DMA2,3,,DAC1,,,#,confirmed,rm:zh(CH32V407RM.PDF p.136)+rm:en(CH32V407RM.PDF p.150)
CH32V407,,DMA2,3,,TIM6_UP,,,#,confirmed,rm:zh(CH32V407RM.PDF p.136)+rm:en(CH32V407RM.PDF p.150)
CH32V407,,DMA2,3,,TIM8_CH1,,,#,confirmed,rm:zh(CH32V407RM.PDF p.136)+rm:en(CH32V407RM.PDF p.150)
CH32V407,,DMA2,3,,USART4_RX,,,#,confirmed,rm:zh(CH32V407RM.PDF p.136)+rm:en(CH32V407RM.PDF p.150)
CH32V407,,DMA2,4,,DAC2,,,#,confirmed,rm:zh(CH32V407RM.PDF p.136)+rm:en(CH32V407RM.PDF p.150)
CH32V407,,DMA2,4,,SDIO,,,#,confirmed,rm:zh(CH32V407RM.PDF p.136)+rm:en(CH32V407RM.PDF p.150)
CH32V407,,DMA2,4,,TIM5_CH2,,,#,confirmed,rm:zh(CH32V407RM.PDF p.136)+rm:en(CH32V407RM.PDF p.150)
CH32V407,,DMA2,4,,TIM7_UP,,,#,confirmed,rm:zh(CH32V407RM.PDF p.136)+rm:en(CH32V407RM.PDF p.150)
CH32V407,,DMA2,4,,USART5_TX,,,#,confirmed,rm:zh(CH32V407RM.PDF p.136)+rm:en(CH32V407RM.PDF p.150)
CH32V407,,DMA2,5,,TIM5_CH1,,,#,confirmed,rm:zh(CH32V407RM.PDF p.136)+rm:en(CH32V407RM.PDF p.150)
CH32V407,,DMA2,5,,TIM8_CH2,,,#,confirmed,rm:zh(CH32V407RM.PDF p.136)+rm:en(CH32V407RM.PDF p.150)
CH32V407,,DMA2,5,,USART4_TX,,,#,confirmed,rm:zh(CH32V407RM.PDF p.136)+rm:en(CH32V407RM.PDF p.150)
CH32V407,,DMA2,6,,USART6_TX,,,#,confirmed,rm:zh(CH32V407RM.PDF p.136)+rm:en(CH32V407RM.PDF p.150)
CH32V407,,DMA2,7,,USART6_RX,,,#,confirmed,rm:zh(CH32V407RM.PDF p.136)+rm:en(CH32V407RM.PDF p.150)
CH32V407,,DMA2,8,,I3C_TC,,,#,confirmed,rm:zh(CH32V407RM.PDF p.136)+rm:en(CH32V407RM.PDF p.150)
CH32V407,,DMA2,8,,USART7_TX,,,#,confirmed,rm:zh(CH32V407RM.PDF p.136)+rm:en(CH32V407RM.PDF p.150)
CH32V407,,DMA2,8,,USART9_TX,,,#,confirmed,rm:zh(CH32V407RM.PDF p.136)+rm:en(CH32V407RM.PDF p.150)
CH32V407,,DMA2,9,,USART7_RX,,,#,confirmed,rm:zh(CH32V407RM.PDF p.136)+rm:en(CH32V407RM.PDF p.150)
CH32V407,,DMA2,9,,USART9_RX,,,#,confirmed,rm:zh(CH32V407RM.PDF p.136)+rm:en(CH32V407RM.PDF p.150)
CH32V407,,DMA2,10,,ARGB,,,#,confirmed,rm:zh(CH32V407RM.PDF p.136)+rm:en(CH32V407RM.PDF p.150)
CH32V407,,DMA2,10,,USART10_TX,,,#,confirmed,rm:zh(CH32V407RM.PDF p.136)+rm:en(CH32V407RM.PDF p.150)
CH32V407,,DMA2,10,,USART8_TX,,,#,confirmed,rm:zh(CH32V407RM.PDF p.136)+rm:en(CH32V407RM.PDF p.150)
CH32V407,,DMA2,11,,USART10_RX,,,#,confirmed,rm:zh(CH32V407RM.PDF p.136)+rm:en(CH32V407RM.PDF p.150)
CH32V407,,DMA2,11,,USART8_RX,,,#,confirmed,rm:zh(CH32V407RM.PDF p.136)+rm:en(CH32V407RM.PDF p.150)
CH32V407,,DMA2,12,,ADC1,,,#,confirmed,rm:zh(CH32V407RM.PDF p.136)+rm:en(CH32V407RM.PDF p.150)
CH32V407,,DMA2,13,,ADC2,,,#,confirmed,rm:zh(CH32V407RM.PDF p.136)+rm:en(CH32V407RM.PDF p.150)
CH32X035,,DMA1,1,,ADC,,,#,confirmed,rm:zh(CH32X035RM.PDF p.77)+rm:en(CH32X035RM.PDF p.82)
CH32X035,,DMA1,1,,TIM2_CH3,,,#,confirmed,rm:zh(CH32X035RM.PDF p.78)+rm:en(CH32X035RM.PDF p.83)
CH32X035,,DMA1,1,,USART4_TX,,,#,confirmed,rm:zh(CH32X035RM.PDF p.78)+rm:en(CH32X035RM.PDF p.83)
CH32X035,,DMA1,2,,SPI_RX,,,#,confirmed,rm:zh(CH32X035RM.PDF p.77)+rm:en(CH32X035RM.PDF p.83)
CH32X035,,DMA1,2,,TIM1_CH1,,,#,confirmed,rm:zh(CH32X035RM.PDF p.78)+rm:en(CH32X035RM.PDF p.83)
CH32X035,,DMA1,2,,TIM2_UP,,,#,confirmed,rm:zh(CH32X035RM.PDF p.78)+rm:en(CH32X035RM.PDF p.83)
CH32X035,,DMA1,2,,USART3_TX,,,#,confirmed,rm:zh(CH32X035RM.PDF p.77)+rm:en(CH32X035RM.PDF p.83)
CH32X035,,DMA1,3,,SPI_TX,,,#,confirmed,rm:zh(CH32X035RM.PDF p.77)+rm:en(CH32X035RM.PDF p.83)
CH32X035,,DMA1,3,,TIM1_CH2,,,#,confirmed,rm:zh(CH32X035RM.PDF p.78)+rm:en(CH32X035RM.PDF p.83)
CH32X035,,DMA1,3,,USART3_RX,,,#,confirmed,rm:zh(CH32X035RM.PDF p.77)+rm:en(CH32X035RM.PDF p.83)
CH32X035,,DMA1,4,,TIM1_CH4,,,#,confirmed,rm:zh(CH32X035RM.PDF p.78)+rm:en(CH32X035RM.PDF p.83)
CH32X035,,DMA1,4,,TIM1_COM,,,#,confirmed,rm:zh(CH32X035RM.PDF p.78)+rm:en(CH32X035RM.PDF p.83)
CH32X035,,DMA1,4,,TIM1_TRIG,,,#,confirmed,rm:zh(CH32X035RM.PDF p.78)+rm:en(CH32X035RM.PDF p.83)
CH32X035,,DMA1,4,,USART1_TX,,,#,confirmed,rm:zh(CH32X035RM.PDF p.77)+rm:en(CH32X035RM.PDF p.83)
CH32X035,,DMA1,5,,TIM1_UP,,,#,confirmed,rm:zh(CH32X035RM.PDF p.78)+rm:en(CH32X035RM.PDF p.83)
CH32X035,,DMA1,5,,TIM2_CH1,,,#,confirmed,rm:zh(CH32X035RM.PDF p.78)+rm:en(CH32X035RM.PDF p.83)
CH32X035,,DMA1,5,,USART1_RX,,,#,confirmed,rm:zh(CH32X035RM.PDF p.77)+rm:en(CH32X035RM.PDF p.83)
CH32X035,,DMA1,6,,I2C_TX,,,#,confirmed,rm:zh(CH32X035RM.PDF p.78)+rm:en(CH32X035RM.PDF p.83)
CH32X035,,DMA1,6,,TIM1_CH3,,,#,confirmed,rm:zh(CH32X035RM.PDF p.78)+rm:en(CH32X035RM.PDF p.83)
CH32X035,,DMA1,6,,USART2_RX,,,#,confirmed,rm:zh(CH32X035RM.PDF p.77)+rm:en(CH32X035RM.PDF p.83)
CH32X035,,DMA1,7,,I2C_RX,,,#,confirmed,rm:zh(CH32X035RM.PDF p.78)+rm:en(CH32X035RM.PDF p.83)
CH32X035,,DMA1,7,,TIM2_CH2,,,#,confirmed,rm:zh(CH32X035RM.PDF p.78)+rm:en(CH32X035RM.PDF p.83)
CH32X035,,DMA1,7,,TIM2_CH4,,,#,confirmed,rm:zh(CH32X035RM.PDF p.78)+rm:en(CH32X035RM.PDF p.83)
CH32X035,,DMA1,7,,USART2_TX,,,#,confirmed,rm:zh(CH32X035RM.PDF p.77)+rm:en(CH32X035RM.PDF p.83)
CH32X035,,DMA1,8,,TIM2_COM,,,#,confirmed,rm:zh(CH32X035RM.PDF p.78)+rm:en(CH32X035RM.PDF p.83)
CH32X035,,DMA1,8,,TIM2_TRIG,,,#,confirmed,rm:zh(CH32X035RM.PDF p.78)+rm:en(CH32X035RM.PDF p.83)
CH32X035,,DMA1,8,,USART4_RX,,,#,confirmed,rm:zh(CH32X035RM.PDF p.78)+rm:en(CH32X035RM.PDF p.83)
CH32X315,,DMA1,1,,ADC1,,,#,confirmed,rm:zh(CH32X315RM.PDF p.105)+rm:en(CH32X315RM.PDF p.119)
CH32X315,,DMA1,1,,TIM2_CH3,,,#,confirmed,rm:zh(CH32X315RM.PDF p.105)+rm:en(CH32X315RM.PDF p.119)
CH32X315,,DMA1,1,,TIM4_CH1,,,#,confirmed,rm:zh(CH32X315RM.PDF p.105)+rm:en(CH32X315RM.PDF p.119)
CH32X315,,DMA1,2,,SPI1_RX_0,,,#,confirmed,rm:zh(CH32X315RM.PDF p.105)+rm:en(CH32X315RM.PDF p.118)
CH32X315,,DMA1,2,,SPI2_RX_1,,,#,confirmed,rm:zh(CH32X315RM.PDF p.105)+rm:en(CH32X315RM.PDF p.118)
CH32X315,,DMA1,2,,SPI3_RX_1,,,#,confirmed,rm:zh(CH32X315RM.PDF p.105)+rm:en(CH32X315RM.PDF p.118)
CH32X315,,DMA1,2,,TIM1_CH1,,,#,confirmed,rm:zh(CH32X315RM.PDF p.105)+rm:en(CH32X315RM.PDF p.119)
CH32X315,,DMA1,2,,TIM2_UP,,,#,confirmed,rm:zh(CH32X315RM.PDF p.105)+rm:en(CH32X315RM.PDF p.119)
CH32X315,,DMA1,2,,TIM3_CH3,,,#,confirmed,rm:zh(CH32X315RM.PDF p.105)+rm:en(CH32X315RM.PDF p.119)
CH32X315,,DMA1,2,,USART3_TX_0,,,#,confirmed,rm:zh(CH32X315RM.PDF p.105)+rm:en(CH32X315RM.PDF p.119)
CH32X315,,DMA1,3,,SPI1_TX_0,,,#,confirmed,rm:zh(CH32X315RM.PDF p.105)+rm:en(CH32X315RM.PDF p.118)
CH32X315,,DMA1,3,,SPI2_TX_1,,,#,confirmed,rm:zh(CH32X315RM.PDF p.105)+rm:en(CH32X315RM.PDF p.118)
CH32X315,,DMA1,3,,SPI3_TX_1,,,#,confirmed,rm:zh(CH32X315RM.PDF p.105)+rm:en(CH32X315RM.PDF p.118)
CH32X315,,DMA1,3,,TIM1_CH2,,,#,confirmed,rm:zh(CH32X315RM.PDF p.105)+rm:en(CH32X315RM.PDF p.119)
CH32X315,,DMA1,3,,TIM3_CH4,,,#,confirmed,rm:zh(CH32X315RM.PDF p.105)+rm:en(CH32X315RM.PDF p.119)
CH32X315,,DMA1,3,,USART3_RX_0,,,#,confirmed,rm:zh(CH32X315RM.PDF p.105)+rm:en(CH32X315RM.PDF p.119)
CH32X315,,DMA1,4,,I2C2_TX_0,,,#,confirmed,rm:zh(CH32X315RM.PDF p.105)+rm:en(CH32X315RM.PDF p.119)
CH32X315,,DMA1,4,,SPI2_RX_0,,,#,confirmed,rm:zh(CH32X315RM.PDF p.105)+rm:en(CH32X315RM.PDF p.118)
CH32X315,,DMA1,4,,TIM1_CH4,,,#,confirmed,rm:zh(CH32X315RM.PDF p.105)+rm:en(CH32X315RM.PDF p.119)
CH32X315,,DMA1,4,,TIM1_COM,,,#,confirmed,rm:zh(CH32X315RM.PDF p.105)+rm:en(CH32X315RM.PDF p.119)
CH32X315,,DMA1,4,,TIM1_TRIG,,,#,confirmed,rm:zh(CH32X315RM.PDF p.105)+rm:en(CH32X315RM.PDF p.119)
CH32X315,,DMA1,4,,TIM4_CH2,,,#,confirmed,rm:zh(CH32X315RM.PDF p.105)+rm:en(CH32X315RM.PDF p.119)
CH32X315,,DMA1,4,,USART1_TX_0,,,#,confirmed,rm:zh(CH32X315RM.PDF p.105)+rm:en(CH32X315RM.PDF p.119)
CH32X315,,DMA1,4,,USART2_TX_1,,,#,confirmed,rm:zh(CH32X315RM.PDF p.105)+rm:en(CH32X315RM.PDF p.119)
CH32X315,,DMA1,4,,USART3_TX_1,,,#,confirmed,rm:zh(CH32X315RM.PDF p.105)+rm:en(CH32X315RM.PDF p.119)
CH32X315,,DMA1,4,,USART4_TX_1,,,#,confirmed,rm:zh(CH32X315RM.PDF p.105)+rm:en(CH32X315RM.PDF p.119)
CH32X315,,DMA1,5,,I2C2_RX_0,,,#,confirmed,rm:zh(CH32X315RM.PDF p.105)+rm:en(CH32X315RM.PDF p.119)
CH32X315,,DMA1,5,,SPI2_TX_0,,,#,confirmed,rm:zh(CH32X315RM.PDF p.105)+rm:en(CH32X315RM.PDF p.118)
CH32X315,,DMA1,5,,TIM1_UP,,,#,confirmed,rm:zh(CH32X315RM.PDF p.105)+rm:en(CH32X315RM.PDF p.119)
CH32X315,,DMA1,5,,TIM2_CH1,,,#,confirmed,rm:zh(CH32X315RM.PDF p.105)+rm:en(CH32X315RM.PDF p.119)
CH32X315,,DMA1,5,,TIM4_CH3,,,#,confirmed,rm:zh(CH32X315RM.PDF p.105)+rm:en(CH32X315RM.PDF p.119)
CH32X315,,DMA1,5,,USART1_RX_0,,,#,confirmed,rm:zh(CH32X315RM.PDF p.105)+rm:en(CH32X315RM.PDF p.119)
CH32X315,,DMA1,5,,USART2_RX_1,,,#,confirmed,rm:zh(CH32X315RM.PDF p.105)+rm:en(CH32X315RM.PDF p.119)
CH32X315,,DMA1,5,,USART3_RX_1,,,#,confirmed,rm:zh(CH32X315RM.PDF p.105)+rm:en(CH32X315RM.PDF p.119)
CH32X315,,DMA1,5,,USART4_RX_1,,,#,confirmed,rm:zh(CH32X315RM.PDF p.105)+rm:en(CH32X315RM.PDF p.119)
CH32X315,,DMA1,6,,I2C1_TX,,,#,confirmed,rm:zh(CH32X315RM.PDF p.105)+rm:en(CH32X315RM.PDF p.119)
CH32X315,,DMA1,6,,I2C2_TX_1,,,#,confirmed,rm:zh(CH32X315RM.PDF p.105)+rm:en(CH32X315RM.PDF p.119)
CH32X315,,DMA1,6,,SPI1_RX_1,,,#,confirmed,rm:zh(CH32X315RM.PDF p.105)+rm:en(CH32X315RM.PDF p.118)
CH32X315,,DMA1,6,,TIM1_CH3,,,#,confirmed,rm:zh(CH32X315RM.PDF p.105)+rm:en(CH32X315RM.PDF p.119)
CH32X315,,DMA1,6,,TIM3_CH1,,,#,confirmed,rm:zh(CH32X315RM.PDF p.105)+rm:en(CH32X315RM.PDF p.119)
CH32X315,,DMA1,6,,TIM3_TRIG,,,#,confirmed,rm:zh(CH32X315RM.PDF p.105)+rm:en(CH32X315RM.PDF p.119)
CH32X315,,DMA1,6,,USART2_RX_0,,,#,confirmed,rm:zh(CH32X315RM.PDF p.105)+rm:en(CH32X315RM.PDF p.119)
CH32X315,,DMA1,7,,I2C1_RX,,,#,confirmed,rm:zh(CH32X315RM.PDF p.105)+rm:en(CH32X315RM.PDF p.119)
CH32X315,,DMA1,7,,I2C2_RX_1,,,#,confirmed,rm:zh(CH32X315RM.PDF p.105)+rm:en(CH32X315RM.PDF p.119)
CH32X315,,DMA1,7,,SPI1_TX_1,,,#,confirmed,rm:zh(CH32X315RM.PDF p.105)+rm:en(CH32X315RM.PDF p.118)
CH32X315,,DMA1,7,,TIM2_CH2,,,#,confirmed,rm:zh(CH32X315RM.PDF p.105)+rm:en(CH32X315RM.PDF p.119)
CH32X315,,DMA1,7,,TIM4_UP,,,#,confirmed,rm:zh(CH32X315RM.PDF p.105)+rm:en(CH32X315RM.PDF p.119)
CH32X315,,DMA1,7,,USART2_TX_0,,,#,confirmed,rm:zh(CH32X315RM.PDF p.105)+rm:en(CH32X315RM.PDF p.119)
CH32X315,,DMA1,8,,ADC4,,,#,confirmed,rm:zh(CH32X315RM.PDF p.105)+rm:en(CH32X315RM.PDF p.119)
CH32X315,,DMA1,8,,SPI3_RX_0,,,#,confirmed,rm:zh(CH32X315RM.PDF p.105)+rm:en(CH32X315RM.PDF p.119)
CH32X315,,DMA1,8,,TIM2_CH4,,,#,confirmed,rm:zh(CH32X315RM.PDF p.105)+rm:en(CH32X315RM.PDF p.119)
CH32X315,,DMA1,8,,USART1_TX_1,,,#,confirmed,rm:zh(CH32X315RM.PDF p.105)+rm:en(CH32X315RM.PDF p.119)
CH32X315,,DMA1,9,,ADC3,,,#,confirmed,rm:zh(CH32X315RM.PDF p.105)+rm:en(CH32X315RM.PDF p.119)
CH32X315,,DMA1,9,,SPI3_TX_0,,,#,confirmed,rm:zh(CH32X315RM.PDF p.105)+rm:en(CH32X315RM.PDF p.119)
CH32X315,,DMA1,9,,TIM3_CH2,,,#,confirmed,rm:zh(CH32X315RM.PDF p.105)+rm:en(CH32X315RM.PDF p.119)
CH32X315,,DMA1,9,,USART1_RX_1,,,#,confirmed,rm:zh(CH32X315RM.PDF p.105)+rm:en(CH32X315RM.PDF p.119)
CH32X315,,DMA1,10,,ADC2,,,#,confirmed,rm:zh(CH32X315RM.PDF p.105)+rm:en(CH32X315RM.PDF p.119)
CH32X315,,DMA1,10,,TIM4_CH4,,,#,confirmed,rm:zh(CH32X315RM.PDF p.105)+rm:en(CH32X315RM.PDF p.119)
CH32X315,,DMA1,10,,USART4_TX_0,,,#,confirmed,rm:zh(CH32X315RM.PDF p.105)+rm:en(CH32X315RM.PDF p.119)
CH32X315,,DMA1,11,,ARGB,,,#,confirmed,rm:zh(CH32X315RM.PDF p.105)+rm:en(CH32X315RM.PDF p.119)
CH32X315,,DMA1,11,,TIM3_UP,,,#,confirmed,rm:zh(CH32X315RM.PDF p.105)+rm:en(CH32X315RM.PDF p.119)
CH32X315,,DMA1,11,,USART4_RX_0,,,#,confirmed,rm:zh(CH32X315RM.PDF p.105)+rm:en(CH32X315RM.PDF p.119)
