family,address,offset,byte,complement_address,write_unit,#,confidence,basis
CH32H417,0x1FFFF800,0x00,RDPR,0x1FFFF801,half-word (OBPG); complement auto-computed,#,confirmed,"CH32H417RM.PDF:zh(p.876,p.877)+CH32H417RM.PDF:en(p.1039,p.1040)"
CH32H417,0x1FFFF802,0x02,USER,0x1FFFF803,half-word (OBPG); complement auto-computed,#,confirmed,"CH32H417RM.PDF:zh(p.876,p.877)+CH32H417RM.PDF:en(p.1039,p.1040)"
CH32H417,0x1FFFF804,0x04,Data0,0x1FFFF805,half-word (OBPG); complement auto-computed,#,confirmed,"CH32H417RM.PDF:zh(p.876,p.877)+CH32H417RM.PDF:en(p.1039,p.1040)"
CH32H417,0x1FFFF806,0x06,Data1,0x1FFFF807,half-word (OBPG); complement auto-computed,#,confirmed,"CH32H417RM.PDF:zh(p.876,p.877)+CH32H417RM.PDF:en(p.1039,p.1040)"
CH32H417,0x1FFFF808,0x08,WRPR0,0x1FFFF809,half-word (OBPG); complement auto-computed,#,confirmed,"CH32H417RM.PDF:zh(p.876,p.877)+CH32H417RM.PDF:en(p.1039,p.1040)"
CH32H417,0x1FFFF80A,0x0A,WRPR1,0x1FFFF80B,half-word (OBPG); complement auto-computed,#,confirmed,"CH32H417RM.PDF:zh(p.876,p.877)+CH32H417RM.PDF:en(p.1039,p.1040)"
CH32H417,0x1FFFF80C,0x0C,WRPR2,0x1FFFF80D,half-word (OBPG); complement auto-computed,#,confirmed,"CH32H417RM.PDF:zh(p.876,p.877)+CH32H417RM.PDF:en(p.1039,p.1040)"
CH32H417,0x1FFFF80E,0x0E,WRPR3,0x1FFFF80F,half-word (OBPG); complement auto-computed,#,confirmed,"CH32H417RM.PDF:zh(p.876,p.877)+CH32H417RM.PDF:en(p.1039,p.1040)"
CH32L103,0x1FFFF800,0x00,RDPR,0x1FFFF801,"fast page, 32-bit buffer writes (FTPG)",#,confirmed,"CH32L103RM.PDF:zh(p.306,p.307)+CH32L103RM.PDF:en(p.361,p.362)"
CH32L103,0x1FFFF802,0x02,USER,0x1FFFF803,"fast page, 32-bit buffer writes (FTPG)",#,confirmed,"CH32L103RM.PDF:zh(p.306,p.307)+CH32L103RM.PDF:en(p.361,p.362)"
CH32L103,0x1FFFF804,0x04,Data0,0x1FFFF805,"fast page, 32-bit buffer writes (FTPG)",#,confirmed,"CH32L103RM.PDF:zh(p.306,p.307)+CH32L103RM.PDF:en(p.361,p.362)"
CH32L103,0x1FFFF806,0x06,Data1,0x1FFFF807,"fast page, 32-bit buffer writes (FTPG)",#,confirmed,"CH32L103RM.PDF:zh(p.306,p.307)+CH32L103RM.PDF:en(p.361,p.362)"
CH32L103,0x1FFFF808,0x08,WRPR0,0x1FFFF809,"fast page, 32-bit buffer writes (FTPG)",#,confirmed,"CH32L103RM.PDF:zh(p.306,p.307)+CH32L103RM.PDF:en(p.361,p.362)"
CH32L103,0x1FFFF80A,0x0A,WRPR1,0x1FFFF80B,"fast page, 32-bit buffer writes (FTPG)",#,confirmed,"CH32L103RM.PDF:zh(p.306,p.307)+CH32L103RM.PDF:en(p.361,p.362)"
CH32L103,0x1FFFF80C,0x0C,Reserved,,"fast page, 32-bit buffer writes (FTPG)",#,confirmed,"CH32L103RM.PDF:zh(p.306,p.307)+CH32L103RM.PDF:en(p.361,p.362)"
CH32L103,0x1FFFF80D,0x0D,Reserved,,"fast page, 32-bit buffer writes (FTPG)",#,confirmed,"CH32L103RM.PDF:zh(p.306,p.307)+CH32L103RM.PDF:en(p.361,p.362)"
CH32L103,0x1FFFF80E,0x0E,Reserved,,"fast page, 32-bit buffer writes (FTPG)",#,confirmed,"CH32L103RM.PDF:zh(p.306,p.307)+CH32L103RM.PDF:en(p.361,p.362)"
CH32L103,0x1FFFF80F,0x0F,Reserved,,"fast page, 32-bit buffer writes (FTPG)",#,confirmed,"CH32L103RM.PDF:zh(p.306,p.307)+CH32L103RM.PDF:en(p.361,p.362)"
CH32M030,0x1FFFF300,0x00,RDPR,0x1FFFF301,"fast page, 32-bit buffer writes (FTPG); complement auto-computed",#,confirmed,"CH32M030RM.PDF:zh(p.240,p.241)+evt(ch32m030.h)+!CH32M030RM.PDF:en(address=0x1FFFF800)"
CH32M030,0x1FFFF302,0x02,USER,0x1FFFF303,"fast page, 32-bit buffer writes (FTPG); complement auto-computed",#,confirmed,"CH32M030RM.PDF:zh(p.240,p.241)+evt(ch32m030.h)+!CH32M030RM.PDF:en(address=0x1FFFF802)"
CH32M030,0x1FFFF304,0x04,Data0,0x1FFFF305,"fast page, 32-bit buffer writes (FTPG); complement auto-computed",#,confirmed,"CH32M030RM.PDF:zh(p.240,p.241)+evt(ch32m030.h)+!CH32M030RM.PDF:en(address=0x1FFFF804)"
CH32M030,0x1FFFF306,0x06,Data1,0x1FFFF307,"fast page, 32-bit buffer writes (FTPG); complement auto-computed",#,confirmed,"CH32M030RM.PDF:zh(p.240,p.241)+evt(ch32m030.h)+!CH32M030RM.PDF:en(address=0x1FFFF806)"
CH32M030,0x1FFFF308,0x08,WRPR0,0x1FFFF309,"fast page, 32-bit buffer writes (FTPG); complement auto-computed",#,confirmed,"CH32M030RM.PDF:zh(p.240,p.241)+evt(ch32m030.h)+!CH32M030RM.PDF:en(address=0x1FFFF808)"
CH32M030,0x1FFFF30A,0x0A,WRPR1,0x1FFFF30B,"fast page, 32-bit buffer writes (FTPG); complement auto-computed",#,confirmed,"CH32M030RM.PDF:zh(p.240,p.241)+evt(ch32m030.h)+!CH32M030RM.PDF:en(address=0x1FFFF80A)"
CH32V003,0x1FFFF800,0x00,RDPR,0x1FFFF801,half-word (OBPG); complement auto-computed,#,confirmed,"CH32V003RM.PDF:zh(p.188,p.189)+CH32V003RM.PDF:en(p.182,p.183)"
CH32V003,0x1FFFF802,0x02,USER,0x1FFFF803,half-word (OBPG); complement auto-computed,#,confirmed,"CH32V003RM.PDF:zh(p.188,p.189)+CH32V003RM.PDF:en(p.182,p.183)"
CH32V003,0x1FFFF804,0x04,Data0,0x1FFFF805,half-word (OBPG); complement auto-computed,#,confirmed,"CH32V003RM.PDF:zh(p.188,p.189)+CH32V003RM.PDF:en(p.182,p.183)"
CH32V003,0x1FFFF806,0x06,Data1,0x1FFFF807,half-word (OBPG); complement auto-computed,#,confirmed,"CH32V003RM.PDF:zh(p.188,p.189)+CH32V003RM.PDF:en(p.182,p.183)"
CH32V003,0x1FFFF808,0x08,WRPR0,0x1FFFF809,half-word (OBPG); complement auto-computed,#,confirmed,"CH32V003RM.PDF:zh(p.188,p.189)+CH32V003RM.PDF:en(p.182,p.183)"
CH32V003,0x1FFFF80A,0x0A,WRPR1,0x1FFFF80B,half-word (OBPG); complement auto-computed,#,confirmed,"CH32V003RM.PDF:zh(p.188,p.189)+CH32V003RM.PDF:en(p.182,p.183)"
CH32V003,0x1FFFF80C,0x0C,Reserved,,half-word (OBPG); complement auto-computed,#,confirmed,"CH32V003RM.PDF:zh(p.188,p.189)+CH32V003RM.PDF:en(p.182,p.183)"
CH32V003,0x1FFFF80D,0x0D,Reserved,,half-word (OBPG); complement auto-computed,#,confirmed,"CH32V003RM.PDF:zh(p.188,p.189)+CH32V003RM.PDF:en(p.182,p.183)"
CH32V003,0x1FFFF80E,0x0E,Reserved,,half-word (OBPG); complement auto-computed,#,confirmed,"CH32V003RM.PDF:zh(p.188,p.189)+CH32V003RM.PDF:en(p.182,p.183)"
CH32V003,0x1FFFF80F,0x0F,Reserved,,half-word (OBPG); complement auto-computed,#,confirmed,"CH32V003RM.PDF:zh(p.188,p.189)+CH32V003RM.PDF:en(p.182,p.183)"
CH32V006,0x1FFFF800,0x00,RDPR,0x1FFFF801,"fast page, 32-bit buffer writes (FTPG)",#,confirmed,"CH32V00XRM.PDF:zh(p.222,p.223)+CH32V00XRM.PDF:en(p.260,p.262)"
CH32V006,0x1FFFF802,0x02,USER,0x1FFFF803,"fast page, 32-bit buffer writes (FTPG)",#,confirmed,"CH32V00XRM.PDF:zh(p.222,p.223)+CH32V00XRM.PDF:en(p.260,p.262)"
CH32V006,0x1FFFF804,0x04,Data0,0x1FFFF805,"fast page, 32-bit buffer writes (FTPG)",#,confirmed,"CH32V00XRM.PDF:zh(p.222,p.223)+CH32V00XRM.PDF:en(p.260,p.262)"
CH32V006,0x1FFFF806,0x06,Data1,0x1FFFF807,"fast page, 32-bit buffer writes (FTPG)",#,confirmed,"CH32V00XRM.PDF:zh(p.222,p.223)+CH32V00XRM.PDF:en(p.260,p.262)"
CH32V006,0x1FFFF808,0x08,WRPR0,0x1FFFF809,"fast page, 32-bit buffer writes (FTPG)",#,confirmed,"CH32V00XRM.PDF:zh(p.222,p.223)+CH32V00XRM.PDF:en(p.260,p.262)"
CH32V006,0x1FFFF80A,0x0A,WRPR1,0x1FFFF80B,"fast page, 32-bit buffer writes (FTPG)",#,confirmed,"CH32V00XRM.PDF:zh(p.222,p.223)+CH32V00XRM.PDF:en(p.260,p.262)"
CH32V006,0x1FFFF80C,0x0C,WRPR2,0x1FFFF80D,"fast page, 32-bit buffer writes (FTPG)",#,confirmed,"CH32V00XRM.PDF:zh(p.222,p.223)+CH32V00XRM.PDF:en(p.260,p.262)"
CH32V006,0x1FFFF80E,0x0E,WRPR3,0x1FFFF80F,"fast page, 32-bit buffer writes (FTPG)",#,confirmed,"CH32V00XRM.PDF:zh(p.222,p.223)+CH32V00XRM.PDF:en(p.260,p.262)"
CH32V103,0x1FFFF800,0x00,RDPR,0x1FFFF801,half-word (OBPG); complement auto-computed,#,confirmed,"CH32xRM.PDF:zh(p.279,p.280)+CH32xRM.PDF:en(p.334,p.335)"
CH32V103,0x1FFFF802,0x02,USER,0x1FFFF803,half-word (OBPG); complement auto-computed,#,confirmed,"CH32xRM.PDF:zh(p.279,p.280)+CH32xRM.PDF:en(p.334,p.335)"
CH32V103,0x1FFFF804,0x04,Data0,0x1FFFF805,half-word (OBPG); complement auto-computed,#,confirmed,"CH32xRM.PDF:zh(p.279,p.280)+CH32xRM.PDF:en(p.334,p.335)"
CH32V103,0x1FFFF806,0x06,Data1,0x1FFFF807,half-word (OBPG); complement auto-computed,#,confirmed,"CH32xRM.PDF:zh(p.279,p.280)+CH32xRM.PDF:en(p.334,p.335)"
CH32V103,0x1FFFF808,0x08,WRPR0,0x1FFFF809,half-word (OBPG); complement auto-computed,#,confirmed,"CH32xRM.PDF:zh(p.279,p.280)+CH32xRM.PDF:en(p.334,p.335)"
CH32V103,0x1FFFF80A,0x0A,WRPR1,0x1FFFF80B,half-word (OBPG); complement auto-computed,#,confirmed,"CH32xRM.PDF:zh(p.279,p.280)+CH32xRM.PDF:en(p.334,p.335)"
CH32V103,0x1FFFF80C,0x0C,WRPR2,0x1FFFF80D,half-word (OBPG); complement auto-computed,#,confirmed,"CH32xRM.PDF:zh(p.279,p.280)+CH32xRM.PDF:en(p.334,p.335)"
CH32V103,0x1FFFF80E,0x0E,WRPR3,0x1FFFF80F,half-word (OBPG); complement auto-computed,#,confirmed,"CH32xRM.PDF:zh(p.279,p.280)+CH32xRM.PDF:en(p.334,p.335)"
CH32V205,0x1FFFF800,0x00,RDPR,0x1FFFF801,"fast page, 32-bit buffer writes (FTPG)",#,confirmed,"CH32V205RM.PDF:zh(p.380,p.381)+CH32V205RM.PDF:en(p.450,p.451)"
CH32V205,0x1FFFF802,0x02,USER,0x1FFFF803,"fast page, 32-bit buffer writes (FTPG)",#,confirmed,"CH32V205RM.PDF:zh(p.380,p.381)+CH32V205RM.PDF:en(p.450,p.451)"
CH32V205,0x1FFFF804,0x04,Data0,0x1FFFF805,"fast page, 32-bit buffer writes (FTPG)",#,confirmed,"CH32V205RM.PDF:zh(p.380,p.381)+CH32V205RM.PDF:en(p.450,p.451)"
CH32V205,0x1FFFF806,0x06,Data1,0x1FFFF807,"fast page, 32-bit buffer writes (FTPG)",#,confirmed,"CH32V205RM.PDF:zh(p.380,p.381)+CH32V205RM.PDF:en(p.450,p.451)"
CH32V205,0x1FFFF808,0x08,WRPR0,0x1FFFF809,"fast page, 32-bit buffer writes (FTPG)",#,confirmed,"CH32V205RM.PDF:zh(p.380,p.381)+CH32V205RM.PDF:en(p.450,p.451)"
CH32V205,0x1FFFF80A,0x0A,WRPR1,0x1FFFF80B,"fast page, 32-bit buffer writes (FTPG)",#,confirmed,"CH32V205RM.PDF:zh(p.380,p.381)+CH32V205RM.PDF:en(p.450,p.451)"
CH32V205,0x1FFFF80C,0x0C,WRPR2,0x1FFFF80D,"fast page, 32-bit buffer writes (FTPG)",#,confirmed,"CH32V205RM.PDF:zh(p.380,p.381)+CH32V205RM.PDF:en(p.450,p.451)"
CH32V205,0x1FFFF80E,0x0E,WRPR3,0x1FFFF80F,"fast page, 32-bit buffer writes (FTPG)",#,confirmed,"CH32V205RM.PDF:zh(p.380,p.381)+CH32V205RM.PDF:en(p.450,p.451)"
CH32V20x,0x1FFFF800,0x00,RDPR,0x1FFFF801,half-word (OBPG); complement auto-computed,#,confirmed,"CH32FV2x_V3xRM.PDF:zh(p.542,p.543)+CH32FV2x_V3xRM.PDF:en(p.614,p.616)"
CH32V20x,0x1FFFF802,0x02,USER,0x1FFFF803,half-word (OBPG); complement auto-computed,#,confirmed,"CH32FV2x_V3xRM.PDF:zh(p.542,p.543)+CH32FV2x_V3xRM.PDF:en(p.614,p.616)"
CH32V20x,0x1FFFF804,0x04,Data0,0x1FFFF805,half-word (OBPG); complement auto-computed,#,confirmed,"CH32FV2x_V3xRM.PDF:zh(p.542,p.543)+CH32FV2x_V3xRM.PDF:en(p.614,p.616)"
CH32V20x,0x1FFFF806,0x06,Data1,0x1FFFF807,half-word (OBPG); complement auto-computed,#,confirmed,"CH32FV2x_V3xRM.PDF:zh(p.542,p.543)+CH32FV2x_V3xRM.PDF:en(p.614,p.616)"
CH32V20x,0x1FFFF808,0x08,WRPR0,0x1FFFF809,half-word (OBPG); complement auto-computed,#,confirmed,"CH32FV2x_V3xRM.PDF:zh(p.542,p.543)+CH32FV2x_V3xRM.PDF:en(p.614,p.616)"
CH32V20x,0x1FFFF80A,0x0A,WRPR1,0x1FFFF80B,half-word (OBPG); complement auto-computed,#,confirmed,"CH32FV2x_V3xRM.PDF:zh(p.542,p.543)+CH32FV2x_V3xRM.PDF:en(p.614,p.616)"
CH32V20x,0x1FFFF80C,0x0C,WRPR2,0x1FFFF80D,half-word (OBPG); complement auto-computed,#,confirmed,"CH32FV2x_V3xRM.PDF:zh(p.542,p.543)+CH32FV2x_V3xRM.PDF:en(p.614,p.616)"
CH32V20x,0x1FFFF80E,0x0E,WRPR3,0x1FFFF80F,half-word (OBPG); complement auto-computed,#,confirmed,"CH32FV2x_V3xRM.PDF:zh(p.542,p.543)+CH32FV2x_V3xRM.PDF:en(p.614,p.616)"
CH32V307,0x1FFFF800,0x00,RDPR,0x1FFFF801,half-word (OBPG); complement auto-computed,#,confirmed,"CH32FV2x_V3xRM.PDF:zh(p.542,p.543)+CH32FV2x_V3xRM.PDF:en(p.614,p.616)"
CH32V307,0x1FFFF802,0x02,USER,0x1FFFF803,half-word (OBPG); complement auto-computed,#,confirmed,"CH32FV2x_V3xRM.PDF:zh(p.542,p.543)+CH32FV2x_V3xRM.PDF:en(p.614,p.616)"
CH32V307,0x1FFFF804,0x04,Data0,0x1FFFF805,half-word (OBPG); complement auto-computed,#,confirmed,"CH32FV2x_V3xRM.PDF:zh(p.542,p.543)+CH32FV2x_V3xRM.PDF:en(p.614,p.616)"
CH32V307,0x1FFFF806,0x06,Data1,0x1FFFF807,half-word (OBPG); complement auto-computed,#,confirmed,"CH32FV2x_V3xRM.PDF:zh(p.542,p.543)+CH32FV2x_V3xRM.PDF:en(p.614,p.616)"
CH32V307,0x1FFFF808,0x08,WRPR0,0x1FFFF809,half-word (OBPG); complement auto-computed,#,confirmed,"CH32FV2x_V3xRM.PDF:zh(p.542,p.543)+CH32FV2x_V3xRM.PDF:en(p.614,p.616)"
CH32V307,0x1FFFF80A,0x0A,WRPR1,0x1FFFF80B,half-word (OBPG); complement auto-computed,#,confirmed,"CH32FV2x_V3xRM.PDF:zh(p.542,p.543)+CH32FV2x_V3xRM.PDF:en(p.614,p.616)"
CH32V307,0x1FFFF80C,0x0C,WRPR2,0x1FFFF80D,half-word (OBPG); complement auto-computed,#,confirmed,"CH32FV2x_V3xRM.PDF:zh(p.542,p.543)+CH32FV2x_V3xRM.PDF:en(p.614,p.616)"
CH32V307,0x1FFFF80E,0x0E,WRPR3,0x1FFFF80F,half-word (OBPG); complement auto-computed,#,confirmed,"CH32FV2x_V3xRM.PDF:zh(p.542,p.543)+CH32FV2x_V3xRM.PDF:en(p.614,p.616)"
CH32V407,0x1FFFF800,0x00,RDPR,0x1FFFF801,half-word (OBPG); complement auto-computed,#,confirmed,"CH32V407RM.PDF:zh(p.523,p.524)+CH32V407RM.PDF:en(p.592,p.594)"
CH32V407,0x1FFFF802,0x02,USER,0x1FFFF803,half-word (OBPG); complement auto-computed,#,confirmed,"CH32V407RM.PDF:zh(p.523,p.524)+CH32V407RM.PDF:en(p.592,p.594)"
CH32V407,0x1FFFF804,0x04,Data0,0x1FFFF805,half-word (OBPG); complement auto-computed,#,confirmed,"CH32V407RM.PDF:zh(p.523,p.524)+CH32V407RM.PDF:en(p.593,p.594)"
CH32V407,0x1FFFF806,0x06,Data1,0x1FFFF807,half-word (OBPG); complement auto-computed,#,confirmed,"CH32V407RM.PDF:zh(p.523,p.524)+CH32V407RM.PDF:en(p.593,p.594)"
CH32V407,0x1FFFF808,0x08,WRPR0,0x1FFFF809,half-word (OBPG); complement auto-computed,#,confirmed,"CH32V407RM.PDF:zh(p.523,p.524)+CH32V407RM.PDF:en(p.593,p.594)"
CH32V407,0x1FFFF80A,0x0A,WRPR1,0x1FFFF80B,half-word (OBPG); complement auto-computed,#,confirmed,"CH32V407RM.PDF:zh(p.523,p.524)+CH32V407RM.PDF:en(p.593,p.594)"
CH32V407,0x1FFFF80C,0x0C,WRPR2,0x1FFFF80D,half-word (OBPG); complement auto-computed,#,confirmed,"CH32V407RM.PDF:zh(p.523,p.524)+CH32V407RM.PDF:en(p.593,p.594)"
CH32V407,0x1FFFF80E,0x0E,WRPR3,0x1FFFF80F,half-word (OBPG); complement auto-computed,#,confirmed,"CH32V407RM.PDF:zh(p.523,p.524)+CH32V407RM.PDF:en(p.593,p.594)"
CH32X035,0x1FFFF800,0x00,RDPR,0x1FFFF801,"fast page, 32-bit buffer writes (FTPG)",#,confirmed,"CH32X035RM.PDF:zh(p.233,p.235)+CH32X035RM.PDF:en(p.248,p.249)"
CH32X035,0x1FFFF802,0x02,USER,0x1FFFF803,"fast page, 32-bit buffer writes (FTPG)",#,confirmed,"CH32X035RM.PDF:zh(p.233,p.235)+CH32X035RM.PDF:en(p.248,p.249)"
CH32X035,0x1FFFF804,0x04,Data0,0x1FFFF805,"fast page, 32-bit buffer writes (FTPG)",#,confirmed,"CH32X035RM.PDF:zh(p.234,p.235)+CH32X035RM.PDF:en(p.248,p.249)"
CH32X035,0x1FFFF806,0x06,Data1,0x1FFFF807,"fast page, 32-bit buffer writes (FTPG)",#,confirmed,"CH32X035RM.PDF:zh(p.234,p.235)+CH32X035RM.PDF:en(p.248,p.249)"
CH32X035,0x1FFFF808,0x08,WRPR0,0x1FFFF809,"fast page, 32-bit buffer writes (FTPG)",#,confirmed,"CH32X035RM.PDF:zh(p.234,p.235)+CH32X035RM.PDF:en(p.248,p.249)"
CH32X035,0x1FFFF80A,0x0A,WRPR1,0x1FFFF80B,"fast page, 32-bit buffer writes (FTPG)",#,confirmed,"CH32X035RM.PDF:zh(p.234,p.235)+CH32X035RM.PDF:en(p.248,p.249)"
CH32X035,0x1FFFF80C,0x0C,WRPR2,0x1FFFF80D,"fast page, 32-bit buffer writes (FTPG)",#,confirmed,"CH32X035RM.PDF:zh(p.234,p.235)+CH32X035RM.PDF:en(p.248,p.249)"
CH32X035,0x1FFFF80E,0x0E,WRPR3,0x1FFFF80F,"fast page, 32-bit buffer writes (FTPG)",#,confirmed,"CH32X035RM.PDF:zh(p.234,p.235)+CH32X035RM.PDF:en(p.248,p.249)"
CH32X315,0x1FFFF800,0x00,RDPR,0x1FFFF801,half-word (OBPG); complement auto-computed,#,confirmed,"CH32X315RM.PDF:zh(p.306,p.307)+CH32X315RM.PDF:en(p.361,p.362)"
CH32X315,0x1FFFF802,0x02,USER,0x1FFFF803,half-word (OBPG); complement auto-computed,#,confirmed,"CH32X315RM.PDF:zh(p.306,p.307)+CH32X315RM.PDF:en(p.361,p.362)"
CH32X315,0x1FFFF804,0x04,Data0,0x1FFFF805,half-word (OBPG); complement auto-computed,#,confirmed,"CH32X315RM.PDF:zh(p.306,p.307)+CH32X315RM.PDF:en(p.361,p.362)"
CH32X315,0x1FFFF806,0x06,Data1,0x1FFFF807,half-word (OBPG); complement auto-computed,#,confirmed,"CH32X315RM.PDF:zh(p.306,p.307)+CH32X315RM.PDF:en(p.361,p.362)"
CH32X315,0x1FFFF808,0x08,WRPR0,0x1FFFF809,half-word (OBPG); complement auto-computed,#,confirmed,"CH32X315RM.PDF:zh(p.306,p.307)+CH32X315RM.PDF:en(p.361,p.362)"
CH32X315,0x1FFFF80A,0x0A,WRPR1,0x1FFFF80B,half-word (OBPG); complement auto-computed,#,confirmed,"CH32X315RM.PDF:zh(p.306,p.307)+CH32X315RM.PDF:en(p.361,p.362)"
CH32X315,0x1FFFF80C,0x0C,WRPR2,0x1FFFF80D,half-word (OBPG); complement auto-computed,#,confirmed,"CH32X315RM.PDF:zh(p.306,p.307)+CH32X315RM.PDF:en(p.361,p.362)"
CH32X315,0x1FFFF80E,0x0E,WRPR3,0x1FFFF80F,half-word (OBPG); complement auto-computed,#,confirmed,"CH32X315RM.PDF:zh(p.306,p.307)+CH32X315RM.PDF:en(p.361,p.362)"
